Driver_Age,Driving_Hours,Speed,Harsh_Braking,Harsh_Acceleration,Drowsiness_Score,Engine_Temperature,Engine_Vibration,Battery_Voltage,Oil_Pressure,Tyre_Pressure,Vehicle_Age,Mileage,Previous_Breakdowns,Previous_Accidents,Weather,Road_Type,Driver_Risk,Breakdown_Risk
50,5.4,47,2,1,65.7,83.1,1.76,13.08,59.9,35.5,6,423852,0,0,Clear,Highway,0,0
36,9.3,69,1,0,100.0,97.2,3.68,11.88,38.0,37.8,13,883857,4,0,Rain,City,1,1
29,6.0,81,1,2,70.0,93.8,1.98,12.3,50.0,35.3,14,680286,1,0,Clear,Highway,0,0
42,5.5,62,1,4,62.2,84.9,4.25,12.9,32.4,36.8,4,289202,0,0,Clear,Highway,0,0
40,11.3,55,0,0,100.0,94.0,4.85,12.56,28.9,33.0,11,172552,1,0,Clear,Highway,1,0
44,3.8,52,4,1,43.0,100.3,3.41,12.54,57.5,28.4,6,161009,0,0,Rain,Highway,0,0
32,2.3,65,1,1,40.6,108.5,3.43,12.07,48.3,31.3,14,600407,2,3,Clear,City,0,1
32,7.4,94,4,2,81.9,79.9,4.07,12.11,43.3,30.8,9,248329,0,0,Rain,Highway,1,0
45,11.7,71,2,3,100.0,82.8,3.98,12.51,48.0,36.0,4,849808,1,1,Clear,Mountain,1,0
57,5.2,55,1,2,70.7,91.2,3.28,11.85,36.7,26.7,13,668691,2,0,Rain,City,0,1
45,1.7,48,3,2,34.2,93.8,4.21,12.6,42.9,33.5,14,494866,0,0,Clear,Mountain,0,0
24,4.7,94,2,0,52.7,105.4,3.26,13.17,43.9,32.5,7,655164,0,0,Clear,Highway,0,0
43,6.6,57,1,0,66.2,101.8,3.81,13.12,30.5,34.1,8,65913,0,0,Rain,Highway,0,0
23,2.8,63,0,1,35.2,75.4,2.25,12.87,51.3,30.1,12,655313,0,0,Clear,City,0,0
45,8.2,81,0,3,90.4,88.6,4.65,12.7,38.4,36.5,10,635618,0,2,Clear,Highway,1,0
51,12.0,64,4,1,100.0,79.9,2.63,12.56,32.6,33.5,3,813181,1,0,Fog,Highway,1,0
59,6.0,72,4,2,69.1,81.6,3.82,12.63,55.5,29.6,7,328888,1,0,Clear,Mountain,0,0
23,4.9,61,3,1,50.7,96.7,2.37,12.18,51.9,30.1,9,776264,0,1,Fog,City,0,0
42,5.4,49,1,1,61.5,93.1,3.06,12.32,40.4,31.7,11,667136,1,0,Clear,City,0,0
54,2.3,93,1,2,37.9,105.3,2.98,11.85,32.0,34.6,10,238663,2,1,Fog,Mountain,0,0
33,10.7,37,4,2,100.0,80.7,4.02,13.02,46.3,30.7,1,366601,1,1,Clear,City,1,0
43,5.6,44,1,2,51.7,91.8,4.98,12.55,42.6,34.8,12,666216,2,0,Clear,City,0,0
46,5.3,51,3,0,70.5,87.7,2.74,13.5,59.6,32.9,1,219830,1,0,Fog,Highway,0,0
48,8.3,45,1,2,78.7,104.6,2.59,12.33,52.8,37.5,13,93477,0,0,Rain,Highway,1,0
49,5.9,82,3,0,80.7,84.8,4.54,12.6,38.4,31.2,7,442097,0,2,Clear,Highway,0,0
37,8.1,39,2,3,77.8,93.7,2.79,12.92,53.7,32.8,2,228005,2,1,Clear,Highway,1,0
36,1.7,103,2,1,44.0,80.9,5.82,12.79,52.9,35.6,8,184893,1,0,Rain,Highway,0,0
24,10.0,98,3,1,100.0,103.6,2.44,12.56,28.1,30.5,6,279286,2,0,Clear,Highway,1,0
58,11.3,48,3,3,97.1,106.7,4.23,13.4,46.8,30.2,13,203581,0,0,Clear,City,1,0
28,8.1,84,2,3,86.8,86.4,1.96,12.18,51.8,29.5,15,444379,0,1,Clear,City,1,0
42,11.5,60,1,1,100.0,85.5,2.48,12.89,38.8,34.8,2,145919,2,1,Clear,Mountain,1,0
30,2.7,106,1,1,47.5,94.1,2.52,12.4,32.2,28.7,4,420285,2,1,Clear,Highway,0,0
39,6.3,103,2,1,68.0,85.5,2.9,12.54,66.2,33.9,7,280270,2,2,Rain,Mountain,0,0
25,7.6,41,2,1,100.0,101.2,4.33,12.72,54.8,30.9,12,350020,1,1,Clear,Highway,0,0
46,7.4,50,3,2,98.7,95.6,3.46,12.54,44.4,30.9,8,433454,1,0,Rain,Highway,0,0
35,5.4,89,0,3,66.6,102.1,4.64,12.53,25.2,27.3,5,305092,0,1,Clear,Mountain,0,1
30,4.7,90,4,3,44.4,83.4,4.31,11.91,39.0,32.7,2,607883,0,0,Rain,Highway,0,0
47,2.4,38,3,1,29.2,81.0,2.51,13.0,58.1,30.8,2,56111,0,0,Clear,Highway,0,0
23,5.3,82,0,4,59.7,94.9,3.39,11.91,53.1,32.3,4,224435,1,1,Clear,Highway,0,0
41,2.8,51,2,3,41.4,105.5,4.72,13.24,40.2,32.4,3,422736,1,0,Clear,Highway,0,0
49,9.1,70,0,2,84.5,84.5,2.65,12.55,38.3,38.2,7,464857,3,0,Clear,City,1,0
28,3.3,104,2,2,41.0,95.7,4.07,13.02,54.1,30.3,5,813094,1,0,Clear,Highway,0,0
29,1.6,72,1,4,12.9,86.7,2.77,11.51,40.5,34.5,5,633074,2,0,Clear,Mountain,0,0
56,7.1,96,4,4,55.2,100.5,2.55,12.58,41.4,32.0,10,553758,1,3,Rain,City,1,0
35,7.5,82,1,0,80.1,84.9,3.2,12.59,45.9,34.7,8,417156,3,0,Clear,Highway,0,0
38,10.6,44,0,4,100.0,94.2,2.39,12.2,47.2,32.4,14,551116,1,0,Rain,City,1,0
57,7.3,70,2,2,62.9,101.0,4.74,12.99,33.6,38.3,1,71127,0,0,Rain,Mountain,0,0
25,4.8,63,2,2,56.3,81.2,0.67,12.32,47.4,32.8,6,178513,0,1,Clear,Highway,0,0
23,9.8,38,1,2,98.2,96.8,4.02,12.2,34.5,33.3,12,444643,2,1,Clear,Highway,1,0
27,6.9,78,2,1,78.9,89.1,4.02,12.44,52.8,36.6,6,194234,0,0,Clear,Mountain,0,0
25,1.9,90,3,2,30.1,98.8,3.04,13.03,39.7,31.9,4,87916,1,0,Clear,Highway,0,0
50,7.2,76,2,1,66.6,95.0,1.5,12.72,44.8,36.1,7,604814,1,0,Fog,Mountain,0,0
39,11.0,47,1,1,100.0,88.7,3.95,12.78,19.5,36.6,14,785105,2,0,Rain,City,1,0
47,5.4,80,0,2,43.7,91.2,3.05,12.94,49.2,31.3,11,266103,0,0,Fog,Highway,0,0
55,4.3,67,2,0,58.2,77.3,2.88,12.5,50.3,35.4,9,691960,0,0,Clear,Highway,0,0
31,2.6,55,2,2,32.8,99.0,4.69,13.07,38.3,30.1,9,471803,0,1,Clear,Highway,0,0
57,2.7,91,1,4,44.0,107.2,4.97,12.77,31.5,33.6,8,277455,3,0,Clear,Mountain,0,0
35,5.8,103,3,2,78.0,87.7,2.99,12.98,31.2,31.0,1,323842,2,0,Rain,Mountain,1,0
52,7.6,104,1,1,73.9,91.7,2.73,12.25,42.5,32.8,11,234270,0,0,Rain,Mountain,1,0
36,1.9,101,4,1,31.5,104.6,0.75,12.64,33.5,35.1,12,319876,0,0,Clear,Mountain,0,0
29,11.3,82,3,3,100.0,77.6,1.9,13.03,41.9,36.4,9,57491,1,1,Clear,Highway,1,0
35,9.3,67,4,1,100.0,96.0,2.72,13.42,43.4,26.0,12,898873,2,0,Clear,Mountain,1,0
44,7.5,70,3,0,78.7,105.4,4.58,13.07,44.3,30.4,4,447303,0,0,Clear,Highway,0,0
42,10.1,67,0,1,99.1,87.0,3.95,13.09,54.0,37.1,3,459895,2,1,Rain,Mountain,1,0
37,1.9,65,3,4,34.3,87.7,4.56,11.9,52.9,33.0,12,440762,2,1,Rain,Highway,0,0
39,6.2,55,1,4,83.1,102.6,4.19,12.47,43.7,32.9,2,276532,1,0,Clear,Highway,0,0
45,7.9,61,0,4,76.8,83.3,3.5,12.88,47.8,36.0,4,830436,0,1,Fog,City,0,0
47,10.1,106,2,3,100.0,98.9,3.6,11.98,45.7,25.6,7,52510,1,2,Rain,Mountain,1,0
46,9.6,96,3,2,89.2,95.0,4.04,12.8,54.2,30.0,10,456333,1,0,Fog,Highway,1,0
50,4.0,60,3,3,43.7,101.1,3.28,12.44,43.7,36.0,1,672260,1,0,Rain,Highway,0,0
36,11.3,100,0,3,100.0,91.0,3.82,12.46,49.9,28.0,14,457792,2,0,Rain,Mountain,1,0
22,2.4,46,0,2,51.3,104.3,3.86,12.63,60.2,33.1,2,191515,0,0,Rain,Highway,0,0
46,10.6,56,3,1,100.0,88.9,3.74,12.78,45.9,26.8,1,161389,0,0,Fog,Highway,1,0
28,11.7,51,2,1,100.0,80.2,2.93,12.97,38.7,31.4,6,625014,0,0,Clear,Highway,1,0
30,2.9,41,5,2,49.6,79.7,4.84,12.06,39.1,36.4,10,894426,0,1,Rain,Mountain,0,0
45,8.9,102,3,5,91.1,83.3,4.82,13.07,36.7,27.4,7,554427,1,0,Clear,Highway,1,0
22,1.4,71,1,1,38.0,97.4,2.24,12.92,48.7,32.0,8,535338,0,0,Clear,Highway,0,0
29,5.5,72,1,2,47.7,86.0,1.48,12.48,45.5,35.7,2,626367,1,0,Clear,City,0,0
45,6.7,45,1,1,63.2,91.8,3.06,13.08,39.7,30.4,1,682273,2,0,Clear,City,0,0
32,7.4,35,2,1,78.6,92.7,2.7,11.77,54.9,34.0,11,720350,2,0,Rain,City,0,0
38,11.3,59,0,3,100.0,85.8,1.85,12.68,39.4,38.4,12,746880,5,0,Clear,City,1,0
29,8.4,76,4,4,85.9,93.3,3.12,12.32,43.4,35.2,2,312358,1,1,Fog,Highway,1,0
56,6.3,86,0,1,71.2,99.5,4.93,12.08,36.3,33.6,8,809266,0,1,Fog,Highway,1,0
56,9.9,58,2,1,100.0,92.3,3.96,11.86,41.7,37.8,5,603177,0,1,Clear,Highway,1,0
54,11.5,87,2,1,99.5,99.3,4.32,12.92,36.2,33.4,11,658393,1,1,Rain,City,1,0
26,1.2,90,1,3,35.7,89.0,4.82,12.86,41.8,32.6,15,679326,0,0,Clear,City,0,0
49,11.8,97,1,1,100.0,94.1,4.27,13.2,34.2,29.8,6,663667,1,0,Clear,City,1,0
28,1.9,42,3,0,31.8,92.8,3.33,12.93,38.5,35.5,4,498044,2,0,Rain,Mountain,0,0
30,10.0,93,2,2,91.4,100.6,4.67,12.45,36.9,39.1,3,781471,1,1,Clear,Highway,1,0
29,4.1,79,5,3,61.7,95.4,2.7,13.96,37.3,26.6,11,494937,2,2,Fog,Highway,0,0
33,2.5,61,1,0,57.2,86.9,1.98,13.11,35.3,30.5,9,742071,0,0,Fog,City,0,0
55,5.8,86,4,4,67.9,95.9,4.9,12.02,39.8,32.7,5,711881,1,2,Fog,Mountain,1,0
54,8.1,52,2,1,76.0,84.3,5.04,12.54,22.4,30.4,7,146653,1,0,Rain,City,1,0
44,5.2,50,2,2,61.5,95.2,3.09,12.71,47.9,35.4,15,368660,2,0,Clear,Mountain,0,0
45,1.6,100,2,0,24.5,91.8,2.97,12.47,44.7,34.9,12,685409,1,0,Clear,City,0,0
58,7.6,39,4,4,88.0,93.2,4.06,13.63,44.8,34.2,7,311383,2,0,Clear,Mountain,1,0
56,10.9,37,0,3,100.0,91.7,2.4,12.46,41.0,38.5,7,832686,0,0,Rain,Highway,1,0
43,5.2,104,1,2,52.3,87.1,3.26,12.41,52.4,34.0,8,327099,0,1,Clear,Highway,0,0
48,3.4,41,1,2,49.2,86.1,3.73,12.97,36.7,31.4,3,339339,1,2,Fog,City,0,0
56,5.9,84,3,0,60.6,100.6,2.81,12.66,28.8,29.6,1,840668,0,0,Clear,Highway,0,1
22,1.5,48,1,0,18.8,107.1,4.6,12.49,44.5,34.4,4,61492,0,1,Rain,Mountain,0,0
56,10.0,72,1,4,100.0,94.2,3.76,13.68,57.6,29.6,1,624602,0,0,Clear,City,1,0
58,10.1,81,3,1,100.0,92.3,3.36,13.37,53.9,35.2,4,214751,0,1,Rain,City,1,0
35,7.5,67,2,4,75.3,82.2,4.48,11.89,49.6,31.6,11,434583,1,1,Rain,City,0,0
24,4.9,77,6,2,71.9,77.9,3.65,13.54,60.4,26.9,2,98848,1,2,Rain,Highway,1,0
22,9.8,63,4,0,90.9,79.1,2.78,12.51,39.0,36.0,8,84616,0,1,Rain,Mountain,1,0
26,7.1,91,1,0,72.5,96.2,4.76,13.17,38.6,34.7,6,848949,3,1,Clear,City,1,0
47,10.1,39,1,2,100.0,77.8,3.47,13.59,40.2,35.4,14,461184,0,0,Clear,Highway,1,0
35,7.9,94,1,1,92.0,97.3,0.18,13.01,22.3,28.3,5,885372,0,1,Clear,City,1,0
48,9.6,104,2,2,100.0,83.2,3.78,13.74,53.9,37.0,15,312503,1,0,Clear,Highway,1,0
30,7.6,36,2,1,75.2,93.3,1.58,13.03,42.2,38.6,14,417442,2,2,Clear,Highway,0,0
36,5.6,104,7,3,62.4,88.7,5.59,12.91,37.2,30.1,2,501241,1,1,Clear,Highway,0,0
36,11.5,77,3,1,100.0,83.5,3.86,13.1,40.6,34.2,10,705991,1,1,Clear,Highway,1,0
47,7.0,38,1,2,72.7,80.9,3.86,11.98,34.6,31.8,3,175006,2,0,Clear,Highway,0,0
34,7.7,90,1,2,79.0,78.2,4.25,12.5,42.5,31.8,15,246341,1,0,Rain,Mountain,1,0
53,3.4,93,1,2,51.4,83.3,1.72,12.06,38.0,33.8,9,140566,1,0,Clear,Highway,0,0
53,7.9,43,1,1,76.3,109.8,3.9,12.51,38.4,31.2,15,549185,1,3,Fog,Mountain,0,0
25,7.3,37,2,1,87.9,102.4,2.49,12.82,35.0,32.5,5,180432,3,1,Clear,Highway,0,0
51,3.0,82,2,3,43.8,93.5,3.09,12.53,42.4,38.9,2,622492,0,1,Clear,Mountain,0,0
58,1.7,77,1,2,25.1,89.1,3.94,12.53,38.0,29.1,1,258700,3,1,Clear,Highway,0,0
44,7.6,35,3,2,84.7,87.3,2.95,11.92,52.9,34.0,5,591616,0,2,Clear,City,0,0
36,9.4,91,1,3,94.0,92.9,1.58,12.34,46.3,39.9,3,528461,0,0,Rain,City,1,0
50,6.8,87,0,1,69.8,87.4,3.98,13.43,31.5,33.2,14,624226,0,0,Clear,Highway,0,0
57,3.5,50,2,3,62.2,87.4,4.21,12.32,46.9,35.2,5,582406,1,1,Rain,Highway,0,0
34,8.3,85,5,1,83.3,95.9,2.39,12.43,44.7,30.7,14,356232,1,0,Fog,Highway,1,0
53,1.9,109,2,1,30.7,83.9,2.71,12.72,42.6,30.4,8,331662,0,0,Rain,Highway,0,0
28,5.9,89,2,2,76.8,72.2,3.3,12.79,40.7,29.0,4,575761,0,0,Clear,Highway,1,0
43,2.8,35,1,1,47.4,87.3,5.42,12.53,51.4,33.3,6,245591,2,0,Clear,Highway,0,0
49,3.0,62,3,3,51.5,103.6,5.23,11.9,33.1,38.5,8,529786,0,2,Rain,City,0,1
23,3.2,87,1,1,40.0,79.0,4.59,12.87,41.5,34.9,3,212251,0,2,Rain,City,0,0
27,5.3,92,1,2,64.6,82.1,5.58,13.56,28.6,33.5,10,701028,1,0,Rain,Highway,0,1
49,1.6,107,2,1,18.9,86.9,4.58,13.52,46.3,31.8,12,590100,0,0,Clear,Highway,0,0
49,5.4,94,3,1,44.0,79.2,3.77,12.24,41.5,31.5,8,819675,1,0,Fog,Highway,0,0
41,6.6,93,1,3,66.9,104.0,2.39,12.8,34.2,30.5,1,133994,1,0,Clear,City,0,0
51,6.3,56,4,4,70.9,92.8,1.77,13.86,43.5,30.9,10,198727,0,0,Rain,City,1,0
32,5.2,42,3,2,85.6,77.8,3.01,12.6,52.9,34.5,4,701136,1,0,Clear,Highway,0,0
49,10.2,83,3,3,100.0,91.0,3.69,12.73,42.9,40.3,6,243706,2,0,Clear,Highway,1,0
46,2.6,76,2,3,29.9,91.7,5.8,11.85,29.4,35.6,14,593682,1,0,Clear,Mountain,0,1
54,6.6,61,4,2,81.6,90.1,3.27,13.12,41.9,31.5,11,354309,3,0,Rain,Mountain,0,0
22,1.7,73,3,2,20.1,90.7,3.65,12.74,44.4,30.7,4,131461,1,1,Clear,Mountain,0,0
48,1.8,59,2,3,49.7,91.0,3.85,12.15,36.5,30.5,7,81155,1,1,Clear,City,0,0
34,7.3,72,3,2,73.3,94.5,3.71,12.95,59.8,39.9,4,301838,0,0,Clear,Highway,0,0
24,7.2,58,2,1,71.9,95.0,5.28,13.09,30.4,35.7,6,688580,1,2,Rain,Highway,0,0
27,10.7,58,1,6,100.0,80.0,4.83,12.25,21.7,34.2,14,507033,0,1,Clear,Highway,1,0
29,7.1,94,2,2,71.2,92.5,3.51,11.77,34.5,36.4,10,477788,1,0,Clear,Mountain,1,0
48,11.6,84,4,2,100.0,93.5,2.88,12.67,26.4,35.1,14,438044,0,1,Rain,Highway,1,0
30,1.5,100,3,1,26.3,87.1,2.94,12.95,49.6,26.5,4,54723,1,0,Clear,Highway,0,0
58,2.1,48,5,0,45.7,105.6,3.53,12.73,50.5,29.9,13,640941,0,1,Fog,Highway,0,1
54,1.5,87,2,2,33.2,91.3,2.79,13.18,29.1,36.5,6,822301,1,1,Fog,City,0,0
45,3.0,66,0,2,50.8,96.0,4.41,11.74,33.3,39.5,8,472969,1,0,Clear,Mountain,0,0
36,7.0,82,1,2,65.9,88.4,2.82,12.09,32.3,37.0,2,391023,1,0,Clear,Highway,0,0
53,8.1,73,1,2,66.5,89.6,5.06,12.71,41.8,32.9,5,671417,0,0,Clear,Highway,0,0
53,1.5,74,0,1,22.6,94.7,4.19,11.82,45.8,34.6,12,489856,2,0,Fog,City,0,0
45,11.4,76,0,7,100.0,80.9,2.19,12.22,54.0,30.2,14,347573,2,0,Rain,Mountain,1,0
33,10.3,42,4,4,100.0,98.0,4.97,12.34,45.4,34.3,7,191156,0,3,Rain,Highway,1,0
23,4.3,60,2,3,49.6,82.2,2.18,13.11,39.3,33.8,5,227805,1,0,Clear,Mountain,0,0
24,1.8,46,4,4,13.0,99.1,5.11,13.25,38.9,33.0,7,834228,2,0,Clear,City,0,0
58,2.9,77,1,2,36.8,89.9,4.24,12.96,42.8,35.0,3,716203,1,0,Fog,Mountain,0,0
38,2.4,85,1,2,39.6,108.5,5.74,13.54,43.3,33.5,14,258060,0,0,Clear,Highway,0,1
23,2.4,97,1,0,36.8,99.9,0.96,13.3,41.0,24.5,11,665955,0,0,Clear,Mountain,0,0
23,6.7,83,6,5,69.9,99.9,3.64,13.0,42.8,31.2,4,481768,0,0,Clear,Highway,0,0
49,3.7,61,2,1,45.0,93.2,3.47,12.98,41.8,31.0,5,651546,1,1,Clear,City,0,0
44,4.9,43,2,3,59.8,100.1,2.88,12.31,30.4,32.6,12,772620,0,0,Clear,Highway,0,1
58,11.9,73,3,3,100.0,98.1,4.49,11.9,43.2,33.9,11,754538,1,0,Fog,Highway,1,0
53,8.5,99,6,1,85.5,76.5,3.18,12.24,35.0,34.3,13,740424,2,1,Clear,Highway,1,0
54,11.4,105,4,0,100.0,85.0,4.94,13.02,43.7,32.4,3,305900,2,0,Rain,City,1,0
22,2.6,105,2,1,28.3,84.6,2.57,12.44,45.9,32.7,13,467750,1,0,Clear,City,0,0
40,5.2,41,1,0,59.8,85.8,1.58,12.91,51.4,25.9,6,260674,1,1,Clear,Highway,0,0
23,7.1,106,2,2,56.9,89.9,2.75,11.69,41.7,36.2,10,158270,0,1,Clear,Highway,0,0
47,1.8,101,2,0,27.6,96.1,4.07,12.86,36.9,33.5,12,418144,1,1,Clear,City,0,0
53,1.0,44,1,0,31.4,101.4,4.5,12.17,48.8,32.5,15,893906,2,1,Fog,Mountain,0,1
27,8.4,105,0,3,91.3,96.8,2.54,12.24,42.5,32.1,7,518932,0,0,Rain,Highway,1,0
53,8.1,87,0,2,84.9,101.9,4.02,13.43,57.7,28.5,6,896775,1,0,Fog,Highway,1,0
25,5.5,91,1,2,66.2,83.5,3.85,13.68,30.7,38.9,6,886789,1,0,Fog,Highway,0,0
32,6.4,61,2,2,77.4,88.0,3.71,12.06,37.4,31.1,5,829399,0,0,Clear,Highway,0,0
38,5.6,88,4,3,65.8,89.9,5.25,12.48,36.3,28.2,6,334214,1,1,Clear,Highway,0,0
59,1.3,38,0,1,42.2,86.7,3.21,12.54,56.8,32.5,6,251440,2,0,Rain,Highway,0,0
45,4.7,57,4,2,36.4,83.0,2.56,12.97,45.6,33.1,13,619293,0,2,Fog,Mountain,0,0
26,2.9,82,5,0,51.4,95.1,3.58,12.36,27.0,36.4,10,167161,2,0,Rain,Mountain,0,0
55,2.1,76,2,0,15.1,86.4,3.34,12.2,27.7,32.6,8,816622,1,0,Fog,Highway,0,0
27,11.5,37,1,5,100.0,98.5,4.4,12.75,48.9,32.2,1,511120,1,0,Clear,City,1,0
43,7.6,37,2,2,88.1,82.2,3.51,12.64,33.5,30.7,2,278356,0,1,Rain,City,0,0
32,9.0,62,1,1,98.2,98.9,3.75,13.03,42.0,28.5,13,714038,2,1,Clear,City,1,0
37,4.5,97,1,1,46.3,93.7,3.21,12.26,40.3,29.0,6,808916,4,0,Clear,Highway,0,0
54,5.3,65,2,0,61.9,93.7,1.21,12.5,57.8,34.7,6,898929,3,0,Clear,Mountain,0,0
30,3.6,44,0,2,42.8,94.0,3.68,12.99,40.1,34.4,7,169534,1,2,Fog,City,0,0
27,2.1,83,0,1,45.3,91.4,4.68,12.57,38.6,35.9,1,456333,1,0,Clear,City,0,0
37,3.0,55,3,1,43.2,91.5,4.08,11.76,46.5,32.5,6,552793,0,0,Fog,Highway,0,0
50,9.8,87,2,4,91.9,89.8,1.99,13.41,50.9,37.5,8,445237,0,1,Clear,Highway,1,0
24,8.5,88,2,2,91.8,94.4,3.16,12.56,43.0,30.2,3,639605,0,0,Clear,Mountain,1,0
41,7.0,91,0,1,81.8,96.4,3.25,12.57,23.6,31.7,4,677533,0,1,Clear,City,1,0
57,6.2,54,1,1,67.6,88.4,4.05,13.86,48.5,32.7,15,72023,0,3,Clear,City,0,0
40,11.1,83,0,1,100.0,103.1,3.64,13.66,31.1,32.7,1,823784,0,0,Rain,Highway,1,0
47,1.8,41,1,3,50.0,89.1,0.49,13.07,29.7,30.5,3,342956,2,0,Clear,Highway,0,0
24,4.1,63,0,3,32.0,86.4,2.47,12.06,38.1,30.0,14,308481,2,0,Clear,Highway,0,0
40,4.8,82,2,0,70.5,90.8,3.14,13.29,43.0,25.9,7,789644,0,1,Clear,Highway,0,0
41,9.6,47,3,2,100.0,85.9,2.85,11.71,53.7,37.7,13,445812,3,0,Clear,City,1,0
53,11.9,37,2,2,100.0,95.7,3.3,12.67,25.7,33.0,9,104484,3,1,Rain,Mountain,1,0
28,3.6,36,5,1,45.7,90.9,3.02,12.37,43.2,31.9,2,352110,3,0,Rain,Highway,0,0
54,10.6,50,4,1,89.2,97.9,3.26,12.25,53.8,30.6,14,358333,3,1,Clear,Mountain,1,0
39,10.1,40,2,0,100.0,91.5,4.29,12.72,41.2,33.3,12,718823,0,0,Rain,Mountain,1,0
22,3.5,79,1,0,44.0,91.3,4.66,12.91,48.2,32.5,6,377016,1,0,Clear,Highway,0,0
32,5.4,105,2,2,49.3,88.7,3.34,12.99,47.5,38.2,7,165028,2,0,Clear,Highway,0,0
49,5.5,39,1,3,57.4,98.6,4.09,12.56,37.4,31.5,2,782660,1,2,Clear,Highway,0,0
46,11.8,90,2,1,100.0,90.1,3.92,12.49,46.9,32.1,8,455502,1,0,Clear,Mountain,1,0
44,3.0,105,3,2,46.7,94.1,4.87,13.03,42.9,35.3,2,515346,0,1,Clear,Highway,0,0
52,9.8,66,2,2,88.2,100.4,4.17,13.04,39.5,35.0,12,406831,1,0,Clear,Highway,1,0
51,4.7,83,0,2,33.8,91.3,5.57,12.67,54.8,29.4,10,632845,0,0,Rain,Highway,0,0
56,9.0,47,3,1,89.4,91.2,4.2,12.17,40.6,34.6,5,706005,1,1,Clear,Mountain,1,0
28,5.6,64,7,3,55.6,90.2,1.88,11.75,54.1,36.6,10,381718,2,0,Clear,Highway,0,0
37,7.4,59,2,0,74.8,93.5,4.84,12.93,39.3,37.3,15,460674,0,2,Clear,Highway,0,0
47,10.2,94,2,3,81.1,98.5,4.42,13.09,41.0,29.3,13,68830,0,0,Clear,Highway,1,0
23,9.8,93,2,2,95.2,98.2,4.4,12.5,40.1,32.9,10,743165,1,1,Rain,Highway,1,0
22,10.5,62,2,1,100.0,95.9,2.19,12.79,50.4,29.7,6,740925,2,1,Clear,Highway,1,0
33,1.7,92,2,1,29.2,101.7,4.59,13.26,35.1,35.6,13,386124,1,0,Clear,Mountain,0,0
26,8.6,54,1,2,89.8,92.7,4.49,13.61,45.7,33.5,1,753397,3,2,Clear,Highway,1,0
58,2.5,68,1,1,37.1,103.2,2.1,12.4,45.2,36.6,13,137617,3,1,Clear,Highway,0,1
53,5.6,39,3,2,45.1,100.4,4.21,12.56,45.2,34.6,7,279716,0,1,Clear,City,0,0
30,7.0,94,3,3,76.8,86.8,3.79,12.83,58.4,30.3,6,211696,1,0,Clear,Highway,1,0
56,5.4,77,2,1,55.4,98.3,3.51,11.99,40.3,33.2,4,726890,1,0,Clear,Mountain,0,0
40,6.7,91,2,2,60.4,77.1,3.42,11.53,63.9,30.8,2,330892,1,0,Clear,Highway,0,0
37,12.0,91,2,3,100.0,101.6,1.6,11.93,51.0,29.8,6,280519,1,0,Clear,Mountain,1,0
24,2.5,109,0,3,42.7,91.4,3.43,12.46,30.4,31.5,9,234476,2,1,Rain,Highway,0,0
41,8.4,88,3,4,81.1,85.8,4.28,12.24,32.9,33.6,8,171390,1,1,Fog,City,1,0
45,5.4,79,2,1,61.6,78.0,2.68,12.19,50.2,30.1,10,737397,1,0,Fog,Mountain,0,0
54,2.5,71,2,2,41.6,90.9,3.44,12.63,36.0,33.4,6,147104,1,0,Rain,Mountain,0,0
45,2.7,82,1,3,24.6,101.7,2.99,12.59,44.0,29.0,5,212887,0,1,Clear,Highway,0,0
32,11.4,88,3,1,99.8,93.9,3.07,12.22,36.5,27.3,10,766348,1,0,Rain,Highway,1,0
29,10.7,82,5,0,94.7,88.8,1.66,11.79,38.3,38.4,7,278884,0,2,Clear,Highway,1,0
57,11.0,40,0,0,100.0,90.5,4.16,12.8,40.0,31.8,14,154214,0,0,Clear,Mountain,1,0
59,11.9,68,0,0,100.0,102.6,3.52,13.13,49.9,32.4,3,268425,2,0,Clear,Highway,1,0
41,3.3,97,1,0,52.3,97.6,2.68,12.29,40.2,31.9,9,626179,2,1,Clear,Highway,0,0
56,4.9,82,2,4,60.4,91.7,4.7,12.41,53.4,34.5,6,102369,0,0,Clear,Highway,0,0
46,8.4,57,2,1,76.9,99.5,4.36,13.01,34.2,33.5,11,319383,1,1,Rain,Highway,1,0
56,6.3,47,1,2,77.8,98.3,3.43,13.12,48.4,35.7,2,232451,0,3,Clear,City,0,0
46,5.6,81,5,0,61.2,84.9,4.75,12.37,43.7,33.8,5,793767,1,1,Clear,Highway,0,0
50,4.9,78,0,3,49.1,89.2,5.08,12.55,32.1,32.9,9,221528,3,1,Clear,City,0,0
39,7.5,66,1,0,87.2,103.4,2.56,13.34,37.3,36.0,6,276780,0,0,Clear,City,0,0
39,7.3,60,2,1,91.7,97.4,2.38,13.04,41.1,31.9,9,158490,0,0,Rain,Highway,0,0
23,2.8,87,2,0,49.8,106.2,1.27,12.03,51.9,32.8,15,672636,0,1,Clear,City,0,1
56,6.2,48,3,0,93.4,96.8,2.79,11.74,41.0,32.2,13,61171,2,0,Clear,City,0,0
37,7.1,86,0,1,69.2,86.3,3.11,12.46,58.5,37.1,1,601751,1,0,Clear,Highway,0,0
57,7.3,70,2,3,73.7,91.8,1.87,12.12,39.5,34.0,15,75795,2,1,Fog,Highway,0,0
54,3.3,42,0,0,37.6,98.3,2.66,12.83,42.8,33.2,14,482941,1,0,Fog,Mountain,0,0
25,9.2,74,1,1,84.7,91.9,4.24,12.96,52.6,26.5,13,505255,1,1,Clear,Highway,1,0
54,1.3,56,4,2,44.4,92.5,3.76,12.73,31.9,34.1,14,777344,0,0,Fog,Highway,0,0
35,4.9,50,6,6,48.1,108.3,2.74,12.2,51.6,35.1,11,663579,2,1,Fog,City,0,1
42,9.6,94,0,2,91.3,90.1,4.74,11.96,36.8,35.7,2,168681,0,0,Clear,Highway,1,0
41,7.2,94,3,2,90.2,94.6,2.15,12.93,40.1,32.4,9,473921,0,0,Clear,Mountain,1,0
29,3.9,44,0,2,55.1,94.1,4.0,13.01,44.0,35.0,9,577321,1,1,Clear,Highway,0,0
28,8.6,59,0,2,78.6,99.3,3.27,13.15,35.5,34.4,1,366759,1,0,Clear,Mountain,1,0
24,7.2,65,1,2,76.8,94.1,3.6,12.45,63.3,26.9,11,493326,0,0,Rain,Highway,0,0
38,9.8,55,4,4,81.4,93.0,3.8,12.55,43.8,36.4,5,829835,0,0,Clear,Highway,1,0
54,9.1,67,3,2,90.8,108.1,4.7,13.01,43.1,32.5,6,437386,0,1,Clear,City,1,0
33,7.7,65,0,1,82.4,91.2,4.21,12.61,37.3,33.7,5,319336,2,0,Clear,Highway,0,0
43,6.4,55,0,1,72.6,97.9,4.59,12.31,31.3,31.1,11,215864,1,1,Rain,City,0,0
43,2.5,70,0,3,58.8,81.7,2.48,12.18,51.1,35.1,10,114911,0,0,Clear,Mountain,0,0
51,3.9,99,2,1,58.6,92.0,3.21,12.96,39.8,34.1,14,571664,3,0,Clear,Highway,0,0
59,5.6,38,4,3,53.1,91.2,2.55,12.45,44.6,28.0,3,134221,1,0,Clear,Highway,0,0
59,7.6,102,2,3,81.9,91.4,2.19,12.33,34.2,30.9,6,252620,1,0,Clear,Highway,1,0
29,6.7,38,3,1,72.9,78.2,4.4,12.83,48.5,37.3,9,692463,1,0,Clear,Mountain,0,0
48,4.2,43,0,0,72.3,89.2,1.54,12.24,39.5,35.4,10,158344,0,0,Rain,Highway,0,0
48,1.1,64,3,2,24.4,85.1,2.92,12.31,28.8,32.0,4,211687,1,0,Rain,Highway,0,0
55,6.5,79,5,3,73.3,100.7,2.95,12.62,39.7,32.0,15,529351,4,0,Clear,Highway,0,1
42,4.1,38,2,0,55.5,85.1,3.29,12.37,48.2,30.3,2,382449,1,0,Rain,Highway,0,0
51,9.1,103,4,2,82.1,97.0,2.36,13.31,46.7,30.5,14,678401,0,0,Rain,Highway,1,0
54,1.3,57,2,2,15.2,97.4,2.76,12.87,45.1,33.6,3,225830,0,0,Rain,City,0,0
49,7.4,50,3,4,76.9,87.2,5.37,12.66,41.7,37.9,14,570795,1,1,Clear,Highway,0,0
54,11.4,56,1,0,100.0,85.2,3.24,13.3,42.3,32.1,7,593795,1,0,Rain,Mountain,1,0
26,2.9,106,1,2,30.1,89.7,2.62,12.64,37.6,33.1,1,86433,0,0,Clear,City,0,0
40,6.2,82,1,2,68.6,88.8,3.74,13.14,51.3,30.8,7,180143,2,0,Clear,City,0,0
25,2.0,96,5,2,29.3,84.1,3.58,12.1,41.6,32.7,14,874893,1,0,Rain,Highway,0,0
56,7.9,94,2,2,63.8,89.6,5.42,12.28,37.8,34.0,10,479428,1,0,Clear,City,0,0
38,7.1,39,3,1,79.1,94.5,3.23,12.12,56.3,38.7,13,454663,1,0,Clear,Highway,0,0
49,5.5,41,0,0,68.1,82.5,3.99,12.85,51.9,36.5,10,682316,1,0,Clear,Highway,0,0
51,6.7,85,1,1,80.3,90.4,2.3,11.83,42.8,36.5,12,554109,1,1,Fog,Mountain,0,0
50,10.9,99,3,2,100.0,87.8,2.78,12.76,39.2,31.6,14,462710,1,0,Clear,Highway,1,0
27,3.2,43,2,0,44.6,92.7,2.88,12.35,39.4,30.3,14,208246,2,1,Clear,Highway,0,0
56,1.2,79,1,1,33.6,107.1,2.02,12.67,34.3,33.0,14,315144,3,0,Clear,Highway,0,1
58,10.5,81,1,3,100.0,79.9,3.55,12.59,49.6,31.2,7,523764,2,0,Clear,Highway,1,0
45,7.3,101,1,2,52.7,91.2,3.75,12.88,56.7,31.7,10,587433,0,0,Clear,Highway,0,0
50,10.8,58,1,1,91.4,94.2,3.63,13.72,46.6,33.8,15,200746,0,0,Clear,Highway,1,0
52,7.6,44,1,2,73.4,87.9,1.89,13.61,54.4,34.9,10,852283,0,1,Clear,City,0,0
56,9.9,107,2,0,99.7,94.9,2.53,13.01,48.9,36.6,6,131144,0,0,Clear,City,1,0
54,5.7,82,2,5,68.3,80.3,3.11,12.43,30.2,34.5,2,217802,1,1,Rain,Mountain,0,0
42,9.2,69,0,2,100.0,89.2,2.33,12.69,53.7,33.4,1,690890,1,0,Clear,Highway,1,0
53,11.0,88,1,1,100.0,70.7,1.46,12.4,40.2,30.6,3,697120,0,0,Fog,Mountain,1,0
44,7.3,105,1,2,80.3,90.1,4.46,12.23,43.8,36.6,9,120511,1,1,Clear,Highway,1,0
54,3.0,50,4,1,48.9,82.1,5.01,11.62,34.7,35.3,10,430812,2,2,Clear,Highway,0,0
24,4.0,87,1,3,67.3,94.5,4.64,12.49,28.0,31.7,13,435109,0,0,Clear,City,0,0
39,3.2,74,1,5,49.7,103.3,3.79,12.74,37.0,35.5,5,508026,2,2,Rain,Highway,0,0
46,3.7,54,0,5,49.3,94.2,2.91,12.91,44.2,33.3,5,447282,2,0,Clear,Mountain,0,0
52,4.4,103,0,5,59.8,91.4,5.67,12.66,43.0,36.4,15,557701,1,0,Clear,City,0,0
24,7.1,79,1,1,85.0,87.8,4.57,12.25,48.4,32.3,10,298470,0,0,Rain,Highway,0,0
45,7.5,40,4,5,95.5,89.8,2.68,12.35,44.3,32.4,10,534926,2,0,Clear,Highway,1,0
53,5.7,103,1,2,54.7,89.9,5.01,13.06,43.2,28.2,4,833973,0,1,Rain,Highway,0,0
43,7.8,83,1,3,66.0,92.1,3.67,11.75,37.6,31.6,4,364055,0,1,Fog,City,0,0
44,1.9,73,1,2,37.3,95.8,4.82,12.35,58.2,38.0,7,761540,2,1,Clear,City,0,0
23,2.0,36,1,2,21.5,85.9,5.09,12.61,57.8,41.0,11,750356,1,0,Clear,Highway,0,1
48,2.9,73,1,1,40.7,101.2,2.84,12.39,44.1,34.3,10,479734,1,0,Clear,Highway,0,0
23,6.7,55,0,1,91.7,90.3,3.37,11.84,30.9,31.5,2,786631,0,0,Fog,City,0,0
47,3.4,74,1,2,47.2,92.1,3.75,13.07,45.0,32.2,13,161677,2,0,Fog,Highway,0,0
38,4.1,88,1,0,52.9,102.3,3.59,13.18,31.9,32.9,7,64198,2,0,Clear,Mountain,0,0
54,5.4,46,3,6,59.2,75.0,2.47,12.11,30.8,32.0,4,329394,2,1,Fog,Highway,0,0
30,9.9,71,5,4,100.0,71.6,3.61,11.0,50.0,35.4,6,654392,2,0,Clear,City,1,0
50,1.2,72,7,0,33.8,95.1,3.21,13.6,35.2,28.9,14,528541,2,1,Clear,Highway,0,0
47,8.1,49,5,1,80.1,92.1,3.22,12.39,38.1,33.1,1,678865,1,0,Clear,Highway,1,0
56,8.4,41,0,0,100.0,103.9,1.93,12.11,49.3,38.5,12,179272,3,2,Clear,City,1,1
46,9.8,84,3,0,100.0,83.0,3.27,12.54,45.8,36.1,14,819026,3,0,Clear,City,1,0
45,11.3,99,4,3,100.0,95.9,5.64,12.76,47.6,39.1,7,160537,2,0,Rain,Highway,1,0
34,1.2,101,1,4,8.7,89.1,3.96,12.29,56.4,32.6,3,360081,2,0,Rain,Mountain,0,0
28,2.7,78,1,3,43.0,99.6,3.18,12.67,37.7,31.1,15,449660,0,0,Clear,City,0,0
57,10.7,65,4,0,100.0,74.5,4.04,12.54,44.7,34.0,9,69853,0,0,Clear,City,1,0
41,6.0,77,1,1,64.9,89.9,4.91,12.26,54.0,30.7,5,569890,0,0,Rain,City,0,0
22,7.2,82,0,1,73.9,97.8,2.78,11.78,34.6,31.5,15,782908,1,2,Clear,City,0,0
29,8.3,95,1,2,68.1,85.6,5.19,13.27,40.9,32.4,12,376406,0,0,Clear,Highway,1,0
37,8.5,109,2,4,100.0,91.6,2.43,12.88,48.9,36.7,6,253778,2,0,Clear,Highway,1,0
35,11.2,44,0,0,100.0,92.4,3.11,12.22,32.1,35.8,10,688524,3,1,Clear,City,1,0
33,12.0,63,3,1,100.0,94.7,3.02,12.8,43.8,34.5,6,452838,0,0,Fog,Mountain,1,0
44,8.9,82,2,1,89.0,83.3,4.72,12.17,39.7,33.3,7,816348,0,3,Clear,City,1,0
36,4.2,96,5,1,26.2,88.1,2.39,12.58,34.7,38.3,3,359820,0,0,Clear,Mountain,0,0
49,10.7,47,3,0,100.0,96.0,4.56,12.9,51.6,34.3,11,719179,0,0,Clear,Mountain,1,0
55,1.5,78,3,4,33.2,98.0,3.32,12.83,49.3,30.3,1,464123,1,1,Fog,Highway,0,0
23,3.5,81,1,3,42.5,93.4,3.64,12.4,46.3,33.5,1,204633,1,0,Clear,Highway,0,0
53,10.9,98,2,2,100.0,89.3,4.69,13.01,47.7,30.2,7,820786,1,0,Fog,City,1,0
44,3.8,87,4,2,68.3,92.8,3.98,12.61,38.8,31.4,11,61680,2,1,Clear,Highway,0,0
43,3.4,78,2,3,50.1,98.7,4.78,12.34,42.4,37.2,12,728807,0,1,Clear,City,0,0
46,2.5,62,1,2,44.2,93.6,4.54,13.44,35.4,33.9,10,325169,0,0,Rain,Highway,0,0
43,10.5,36,2,2,92.5,82.6,6.12,12.04,48.2,33.3,13,292387,3,0,Fog,City,1,1
43,6.5,91,5,5,60.4,83.0,4.65,12.8,34.8,33.8,2,229261,1,0,Clear,City,1,0
27,8.4,91,3,2,80.7,92.3,3.62,13.31,38.0,32.8,7,440738,1,1,Clear,Mountain,1,0
36,3.6,68,1,2,68.8,78.7,3.56,11.75,33.8,26.7,15,489214,1,0,Fog,Mountain,0,0
58,9.3,92,4,3,88.9,98.3,5.24,13.42,43.7,35.2,12,117102,1,0,Clear,City,1,0
54,9.4,86,0,1,100.0,84.6,3.82,13.44,39.9,35.0,8,478073,1,2,Fog,Highway,1,0
29,4.4,63,2,1,48.0,82.8,4.03,12.37,45.2,33.6,1,827434,1,0,Rain,Highway,0,0
26,5.5,69,2,3,54.4,105.5,4.72,12.74,36.7,30.9,5,513114,1,0,Clear,City,0,0
25,3.3,109,2,0,41.4,87.9,3.2,12.23,36.0,38.3,10,257086,2,1,Clear,Highway,0,0
27,11.7,82,5,1,100.0,94.3,2.65,12.19,45.5,31.6,2,442487,1,0,Clear,Mountain,1,0
53,8.1,67,1,4,77.5,96.8,4.12,12.03,40.9,30.6,13,750234,1,0,Rain,Highway,1,0
51,11.3,109,1,3,100.0,103.6,3.06,13.45,64.7,33.3,3,839968,0,1,Rain,City,1,0
56,4.3,107,1,2,53.9,87.3,5.07,12.48,47.2,35.1,5,193201,2,0,Clear,City,0,0
37,9.6,43,1,4,94.8,93.4,1.11,11.91,43.1,34.5,10,263361,1,0,Rain,Highway,1,0
34,9.4,82,2,2,95.5,91.0,3.05,13.12,52.4,34.7,5,206360,0,1,Fog,Highway,1,0
51,8.6,101,3,1,97.9,111.2,3.86,12.94,50.0,36.6,14,601334,0,0,Clear,City,1,1
40,11.6,70,3,2,100.0,75.8,2.93,12.79,43.5,33.9,2,823609,3,1,Clear,City,1,0
38,5.3,105,2,2,65.5,90.7,5.03,12.27,66.4,37.0,14,166054,2,0,Rain,Mountain,0,0
40,2.4,78,1,1,49.4,91.9,3.84,12.4,51.2,34.5,4,794327,1,0,Clear,City,0,0
49,8.4,94,1,6,76.5,91.1,2.96,13.64,33.1,32.8,7,648953,1,0,Fog,City,1,0
47,9.0,97,4,2,83.6,80.4,3.88,12.79,39.3,31.7,6,261706,4,1,Clear,Highway,1,0
58,7.3,39,2,4,79.5,77.2,2.21,12.34,27.7,37.2,15,276923,0,0,Rain,Highway,0,0
47,3.3,74,1,3,39.3,79.7,4.15,12.97,30.3,35.0,3,305886,1,0,Clear,Highway,0,0
44,6.5,53,1,4,69.7,98.9,4.96,13.02,65.9,32.0,13,764014,2,0,Clear,City,0,0
30,4.4,81,5,1,44.2,91.9,3.48,13.51,52.8,31.7,4,267134,1,1,Clear,Mountain,0,0
33,5.7,99,1,4,57.0,77.9,3.63,12.63,28.5,29.9,12,324479,0,0,Fog,City,0,0
22,8.1,101,2,1,95.9,103.5,2.5,12.97,42.0,38.1,7,256124,2,3,Rain,City,1,0
22,9.2,52,4,1,89.9,107.7,2.87,12.87,39.2,34.5,11,423937,1,1,Fog,Highway,1,0
55,3.6,84,2,0,44.2,94.4,4.68,12.24,63.2,37.4,1,721010,1,0,Fog,Highway,0,0
53,5.5,64,2,1,55.7,95.4,3.51,11.92,23.2,39.3,13,346995,1,0,Rain,Highway,0,0
46,4.0,100,1,3,43.1,92.7,5.86,12.91,36.9,38.6,14,779028,1,0,Clear,Highway,0,1
22,3.2,39,1,0,35.2,87.0,4.2,12.95,37.0,31.8,8,66793,2,1,Clear,Highway,0,0
37,9.6,76,1,3,83.9,77.4,2.49,11.38,36.3,41.7,8,461774,0,1,Rain,Mountain,1,0
26,11.0,39,2,0,100.0,83.3,5.93,12.86,44.1,35.3,3,382339,1,1,Clear,Highway,1,0
43,5.1,84,2,2,59.6,91.6,2.19,12.56,49.1,29.5,6,862311,1,1,Clear,City,0,0
50,9.3,92,0,3,100.0,96.6,3.24,12.82,37.8,33.8,15,839765,1,0,Rain,Mountain,1,0
24,10.9,42,3,5,100.0,90.1,3.79,12.36,41.4,33.4,11,758422,1,1,Fog,Highway,1,0
33,10.3,65,3,2,92.3,91.2,3.93,13.33,34.4,34.3,2,759939,1,1,Clear,Mountain,1,0
47,3.0,46,1,1,38.6,92.4,3.0,13.12,35.0,33.9,8,578411,0,1,Rain,City,0,0
37,11.5,55,3,5,100.0,92.8,3.63,11.91,45.3,34.9,11,740220,0,1,Clear,Highway,1,0
58,5.1,96,4,1,54.2,87.3,4.95,12.11,46.6,30.9,11,200093,1,0,Clear,Highway,0,0
43,4.7,67,4,5,53.8,95.3,4.97,12.63,27.2,34.0,13,682358,0,1,Clear,Highway,0,0
50,1.7,60,2,3,42.5,83.1,5.44,12.29,36.2,31.8,8,536868,4,0,Clear,City,0,0
35,6.3,74,1,0,77.1,94.5,2.75,13.14,39.4,33.6,3,394714,0,0,Clear,City,0,0
49,2.2,99,0,0,53.6,79.9,3.91,12.09,38.9,32.5,6,271041,0,0,Fog,City,0,0
26,3.7,93,3,2,40.7,82.4,4.07,13.14,39.9,31.8,11,129096,1,2,Rain,Mountain,0,0
51,4.5,49,2,3,44.8,86.3,1.79,11.39,21.9,35.3,1,162305,2,0,Clear,Highway,0,0
26,9.9,35,0,2,95.5,93.6,3.31,12.4,50.6,34.5,4,90443,1,0,Clear,Highway,1,0
33,10.6,45,5,0,100.0,93.9,4.17,13.29,41.4,34.3,13,408561,2,3,Clear,Highway,1,0
37,4.3,89,4,1,33.4,85.2,3.47,12.57,64.5,31.7,9,190066,1,0,Rain,City,0,0
47,10.4,36,1,3,100.0,80.7,2.93,12.61,47.0,34.8,14,685507,0,1,Clear,Highway,1,0
47,10.4,99,4,2,99.8,101.6,3.99,12.99,45.1,32.9,13,810052,5,0,Clear,Highway,1,1
42,9.4,78,3,5,100.0,92.5,4.83,12.86,35.1,31.8,7,328656,1,0,Clear,Highway,1,0
57,2.6,50,4,4,45.0,90.9,3.81,12.54,37.3,36.0,4,690915,1,0,Rain,City,0,0
54,8.6,56,3,1,95.0,94.9,1.45,13.26,48.4,35.5,15,884207,1,2,Rain,Mountain,1,0
51,11.4,52,1,2,100.0,84.4,4.81,12.66,39.8,24.0,11,660401,1,0,Clear,City,1,0
58,8.5,81,3,2,100.0,100.6,2.32,12.87,36.5,26.6,3,365283,1,0,Rain,Mountain,1,0
44,4.6,64,2,3,74.6,96.6,2.42,13.07,57.1,37.7,14,233629,2,2,Clear,City,0,0
31,6.5,44,2,1,80.3,89.7,3.85,11.39,45.0,29.3,10,95764,1,0,Clear,Mountain,0,0
26,8.1,92,2,2,79.9,91.5,3.87,12.24,48.4,29.1,15,273447,1,1,Clear,Highway,1,0
57,6.6,96,1,3,69.0,90.1,2.94,12.31,39.5,32.6,8,180452,1,1,Clear,Mountain,0,0
55,2.3,40,5,0,49.9,102.7,4.33,12.93,51.8,33.8,12,709275,0,0,Rain,City,0,1
52,4.4,101,4,2,67.1,95.5,3.57,13.47,37.8,31.5,11,749201,0,0,Clear,City,0,0
31,9.8,75,1,2,89.9,96.3,2.04,11.67,51.5,23.8,8,510158,2,0,Rain,City,1,0
40,10.5,77,3,2,84.0,92.6,2.58,12.39,38.4,33.5,13,552217,1,1,Clear,City,1,0
53,2.5,52,3,1,21.7,92.0,3.28,13.15,55.1,38.4,6,224220,0,0,Clear,Highway,0,0
22,11.5,92,4,1,100.0,107.0,3.61,11.73,52.5,28.9,7,249390,0,0,Fog,Mountain,1,0
26,4.6,94,1,4,70.4,89.1,3.03,12.79,38.6,37.9,13,522621,4,0,Clear,Highway,1,0
25,8.3,61,1,1,86.6,93.8,1.72,12.83,60.2,32.2,2,163559,1,0,Rain,Highway,1,0
37,9.3,102,2,2,97.6,108.5,2.86,12.87,43.2,38.4,3,821447,0,2,Rain,City,1,0
45,9.9,56,1,0,100.0,102.6,4.23,12.04,55.8,34.9,13,62185,0,0,Clear,Mountain,1,0
37,11.4,58,1,1,100.0,95.0,3.63,12.58,33.0,31.4,14,581488,0,0,Fog,Highway,1,0
23,4.4,74,0,1,62.0,79.9,4.49,12.0,47.6,34.9,4,108920,2,0,Fog,Mountain,0,0
49,10.4,108,2,1,100.0,109.4,4.35,13.15,45.2,36.9,6,880728,1,1,Rain,Mountain,1,0
53,2.4,100,2,0,34.9,90.1,1.83,12.07,38.9,28.6,2,366382,1,0,Rain,Highway,0,0
48,8.8,74,1,1,87.6,92.7,2.9,12.62,49.7,33.3,3,293898,0,0,Clear,Highway,1,0
41,9.2,40,1,2,85.9,100.3,4.25,13.65,52.4,36.1,14,141256,1,4,Clear,Mountain,1,0
45,8.5,52,3,0,94.5,90.4,4.06,13.16,46.3,32.0,15,684967,0,0,Fog,Highway,1,0
33,3.8,64,2,1,49.1,93.7,4.05,11.72,45.2,29.1,8,56694,2,0,Clear,Mountain,0,0
56,10.6,55,1,2,96.6,92.5,4.56,12.45,44.1,39.1,3,92356,2,2,Clear,Highway,1,0
54,2.9,96,1,2,54.5,89.1,4.83,12.63,46.2,27.6,10,750565,0,1,Fog,Highway,0,0
54,1.6,44,1,1,38.3,94.8,1.82,12.51,48.4,32.1,15,422191,2,1,Clear,City,0,0
58,8.9,47,2,4,93.8,86.9,3.14,12.79,48.0,32.8,8,895536,3,0,Clear,City,1,0
33,6.2,43,4,2,68.0,82.9,4.21,12.91,46.9,39.3,7,291608,0,1,Fog,Mountain,0,0
24,10.3,102,1,4,100.0,96.3,4.34,13.52,38.5,26.3,9,752350,0,0,Clear,Highway,1,0
22,5.2,73,0,1,58.1,102.0,5.3,12.37,50.1,33.0,6,652581,3,0,Clear,Highway,0,1
54,2.9,58,1,2,70.9,86.1,5.05,12.97,46.6,31.1,13,408863,1,0,Rain,City,0,0
31,10.2,68,2,4,100.0,87.8,4.7,12.51,45.1,31.1,5,840872,1,3,Rain,Highway,1,0
50,7.0,95,0,2,67.8,92.0,3.08,13.38,40.3,37.7,2,879026,1,2,Clear,City,0,0
34,3.1,75,3,5,42.2,92.0,4.41,12.8,49.9,30.1,11,329920,1,2,Clear,Highway,0,0
33,8.9,39,1,2,82.2,76.2,5.54,12.62,25.7,29.2,1,334084,2,0,Rain,Mountain,1,0
52,6.6,84,1,1,54.0,88.6,5.06,12.47,41.6,29.5,4,374873,1,0,Clear,Highway,0,0
23,7.6,38,7,1,97.9,106.4,3.94,12.16,38.9,33.5,7,313887,1,0,Clear,City,0,0
56,6.1,85,1,1,67.3,103.2,5.01,13.03,38.2,32.9,3,255201,2,1,Fog,City,0,1
44,10.1,86,1,2,89.9,105.6,3.79,12.19,39.9,32.2,5,152193,2,0,Clear,Highway,1,0
38,10.1,73,0,1,83.5,96.9,3.8,11.67,33.7,31.4,8,635244,1,1,Fog,Highway,1,0
47,8.8,42,5,2,92.6,87.7,3.34,12.12,39.2,37.3,15,207584,1,0,Clear,Highway,1,0
29,2.2,79,1,4,41.2,94.1,2.18,12.68,32.6,27.1,2,860297,1,0,Clear,Highway,0,0
50,10.2,62,2,2,100.0,96.8,4.52,11.99,45.3,36.6,9,101198,0,2,Clear,Mountain,1,0
47,8.4,61,0,5,97.9,89.4,3.47,12.2,49.5,28.8,15,106067,0,1,Rain,City,1,0
31,8.7,99,2,3,98.6,78.2,3.71,11.65,50.4,36.2,5,463763,1,1,Fog,Highway,1,0
47,5.0,68,2,4,47.1,99.2,4.08,12.19,46.4,35.4,5,56068,0,0,Rain,Mountain,0,0
55,10.7,96,4,1,94.7,88.4,2.99,13.46,37.5,34.9,14,68510,0,0,Clear,Highway,1,0
28,9.0,96,2,1,100.0,97.0,4.45,12.28,33.2,32.7,3,165454,0,0,Clear,Mountain,1,0
25,2.2,72,2,2,31.4,79.4,3.42,12.55,36.8,31.7,2,413139,0,1,Clear,Highway,0,0
32,5.5,60,2,1,49.3,86.9,3.46,13.72,39.5,33.6,9,505692,0,0,Rain,City,0,0
50,10.8,58,0,3,92.7,95.1,0.39,12.77,37.0,36.4,11,119809,4,1,Rain,Highway,1,0
57,1.5,73,5,2,41.4,97.0,3.73,12.75,61.4,32.0,4,278404,1,0,Fog,Mountain,0,0
46,11.6,55,1,0,100.0,98.0,2.64,12.12,47.6,31.5,5,555911,3,0,Clear,Highway,1,0
42,8.5,81,6,0,89.3,91.4,3.22,12.71,46.6,32.9,3,471701,1,1,Clear,Highway,1,0
57,7.9,82,3,0,73.8,93.5,2.8,13.47,44.5,32.2,6,654214,0,1,Fog,Highway,0,0
31,4.0,47,3,2,51.4,95.1,2.87,12.0,38.0,32.5,5,179824,0,1,Fog,Highway,0,0
58,3.7,37,2,2,48.0,94.6,3.35,12.51,43.1,38.0,3,235285,0,0,Clear,Highway,0,0
30,11.4,66,1,1,100.0,96.6,4.06,12.01,47.6,30.7,10,81137,1,1,Clear,Mountain,1,0
45,4.3,69,5,3,61.2,82.8,5.07,13.41,49.7,36.8,14,435604,1,0,Clear,Mountain,0,0
56,9.5,53,0,1,91.2,106.9,3.73,12.01,44.4,35.8,1,614975,1,0,Rain,Mountain,1,0
56,5.3,48,2,2,67.8,90.5,3.11,12.25,48.1,28.7,10,675209,1,2,Rain,Highway,0,0
57,2.5,82,3,1,43.3,91.2,3.25,12.02,38.2,30.9,15,720499,2,0,Rain,Highway,0,0
39,1.1,102,1,2,14.4,89.7,4.52,11.91,29.4,32.8,13,882268,2,0,Clear,City,0,1
53,7.0,79,2,2,95.9,93.9,4.0,12.65,52.5,32.8,13,446123,0,0,Rain,City,0,0
45,11.7,53,1,1,100.0,80.5,2.31,12.42,37.2,31.4,11,861142,1,1,Clear,Mountain,1,0
44,5.1,98,2,2,44.9,88.1,2.87,12.78,37.2,36.0,14,791000,1,0,Fog,City,0,0
53,4.9,100,1,0,44.8,76.7,3.58,12.91,35.0,33.6,3,388713,1,0,Fog,Highway,0,0
58,4.8,100,1,3,74.2,88.3,3.34,11.76,44.5,33.2,3,211632,2,1,Clear,Highway,1,0
33,6.7,109,4,1,75.4,93.3,2.96,12.75,37.7,36.9,5,710790,1,0,Rain,City,1,0
34,5.8,79,3,3,72.0,96.6,3.33,12.14,53.9,30.8,9,445108,1,0,Clear,Mountain,0,0
44,10.7,108,3,4,100.0,91.5,3.8,12.67,53.7,31.3,15,114183,2,0,Rain,City,1,0
46,6.6,101,1,1,83.7,94.3,3.9,12.77,45.1,31.8,12,68585,1,0,Clear,City,1,0
56,6.6,103,1,5,84.1,78.5,3.56,12.47,36.4,28.8,12,163267,0,1,Clear,Highway,1,0
51,2.5,37,3,0,31.2,93.2,4.44,13.26,56.9,32.9,4,551322,1,0,Clear,Highway,0,0
38,11.8,72,5,3,100.0,102.1,3.97,11.88,51.2,34.9,12,400640,1,0,Clear,Highway,1,1
41,3.7,76,1,3,35.6,95.7,2.5,12.04,36.7,29.2,2,486812,1,0,Rain,Highway,0,0
46,1.8,74,5,2,23.5,86.0,3.18,12.72,45.4,29.9,1,532867,0,1,Fog,Highway,0,0
43,8.3,84,1,1,83.4,93.4,3.38,13.66,44.3,33.1,12,796458,2,0,Clear,Highway,1,0
34,7.5,69,2,0,63.0,102.9,3.36,12.13,46.7,34.0,7,637201,1,1,Fog,Highway,0,0
40,5.6,58,2,5,57.0,96.6,2.73,12.57,43.2,32.3,9,369164,0,0,Rain,City,0,0
57,5.6,51,1,0,43.1,96.8,2.97,13.2,42.2,31.8,6,857183,0,0,Rain,Highway,0,0
33,9.6,74,2,0,96.6,85.7,4.42,13.06,65.5,37.0,9,59202,3,1,Fog,City,1,0
40,3.2,108,2,1,62.0,89.1,2.53,12.91,46.8,31.3,4,754348,0,0,Clear,Highway,0,0
33,10.0,100,2,2,100.0,91.5,3.22,12.24,36.8,37.5,6,778723,1,0,Fog,City,1,0
30,8.1,78,2,1,85.1,106.5,4.77,12.59,38.9,31.3,2,331183,2,1,Clear,Highway,1,0
28,5.6,57,3,5,61.2,84.7,3.44,12.61,57.2,34.6,11,718630,1,0,Clear,Highway,0,0
49,6.0,40,0,1,77.8,94.1,5.91,13.12,39.7,31.2,11,776267,0,1,Clear,City,0,1
35,3.8,100,4,2,49.9,97.4,5.13,12.53,35.0,31.7,10,520088,0,0,Rain,Mountain,0,0
52,9.3,55,1,3,83.4,97.9,1.34,13.28,43.0,31.1,5,258863,2,0,Clear,City,1,0
40,6.6,69,0,1,74.5,90.0,2.43,12.57,41.1,35.2,7,788947,0,0,Fog,Highway,0,0
37,4.5,63,1,1,71.5,89.4,3.58,12.67,53.8,37.9,12,238014,1,0,Clear,City,0,0
26,7.6,41,0,1,66.5,107.4,3.2,12.54,55.3,33.3,6,540476,0,2,Rain,Highway,0,0
56,12.0,87,1,2,100.0,89.9,4.22,12.51,40.3,29.9,13,789977,0,0,Clear,Mountain,1,0
33,5.8,71,1,1,65.4,88.7,4.16,12.56,49.3,34.9,1,766675,0,0,Fog,City,0,0
46,11.1,57,2,2,100.0,99.4,2.0,12.62,41.6,37.4,3,53055,1,0,Clear,Mountain,1,0
42,4.8,42,2,2,62.6,93.0,4.68,11.79,36.2,35.6,5,826247,1,0,Rain,Highway,0,0
57,1.6,82,0,4,23.0,81.6,5.44,12.46,57.0,28.9,15,90138,0,3,Rain,Highway,0,0
44,3.2,44,2,1,40.3,99.8,2.14,13.44,58.3,31.2,9,516753,0,0,Fog,Highway,0,0
37,5.6,58,2,3,65.3,88.8,3.13,11.69,45.5,30.6,1,672811,2,0,Fog,Highway,0,0
35,3.4,81,3,3,48.1,88.7,3.18,12.48,37.7,33.2,10,284173,0,0,Fog,Highway,0,0
52,1.0,87,5,3,54.0,113.3,4.75,12.32,34.9,34.7,9,339748,1,0,Rain,Highway,0,0
26,11.1,73,2,3,100.0,90.1,5.02,12.76,48.1,36.3,13,276092,0,0,Clear,Highway,1,0
56,10.3,101,1,0,87.0,92.5,3.07,12.86,53.5,34.2,1,804657,1,0,Clear,City,1,0
44,9.2,100,2,0,83.4,99.3,3.04,12.67,44.0,37.5,15,82503,1,1,Rain,City,1,0
50,2.8,40,0,2,28.8,84.5,4.52,11.59,51.7,38.5,12,374321,3,0,Rain,Highway,0,0
32,2.3,55,5,2,54.5,96.5,3.29,11.59,41.2,37.3,14,270707,1,1,Fog,City,0,0
39,1.7,107,1,0,22.9,99.4,3.73,11.27,38.5,31.0,2,203009,1,1,Clear,Mountain,0,0
33,9.0,108,1,1,97.9,102.6,4.46,12.53,45.0,35.1,4,726802,0,1,Clear,Highway,1,0
30,11.2,70,1,0,100.0,97.3,4.23,11.78,26.9,34.6,13,590198,0,0,Clear,City,1,0
31,5.7,37,2,1,50.9,83.2,3.79,11.43,39.1,38.7,6,596181,0,0,Rain,Mountain,0,0
38,2.3,76,1,1,34.2,95.5,2.19,12.14,49.6,42.4,1,702608,0,0,Rain,City,0,0
59,6.6,79,3,0,70.2,81.2,4.1,12.26,23.6,31.9,7,212280,2,0,Clear,Highway,0,0
28,4.8,78,4,1,42.6,101.8,4.49,12.56,32.8,33.7,13,589622,1,0,Clear,City,0,0
34,5.1,67,2,2,78.6,100.6,4.25,12.6,42.0,33.4,9,450637,2,0,Clear,Mountain,0,0
30,7.8,94,2,5,84.1,93.8,2.13,12.63,33.5,36.7,9,237904,0,0,Clear,City,1,0
48,8.9,104,2,0,100.0,93.5,4.32,13.01,39.3,32.8,9,593827,1,1,Fog,City,1,0
23,2.2,60,2,0,59.7,91.9,2.79,12.45,26.8,35.2,15,185331,0,2,Fog,Highway,0,0
26,1.4,55,1,3,32.8,91.8,1.1,12.97,48.2,33.3,2,674293,0,0,Clear,Highway,0,0
50,11.9,36,2,6,100.0,99.7,3.35,12.43,51.8,28.6,13,724734,0,2,Clear,Highway,1,0
58,3.6,81,2,2,40.9,89.5,2.35,12.4,30.9,33.1,2,433484,1,4,Clear,City,0,0
59,1.6,64,2,1,46.1,109.5,3.5,12.31,44.8,33.8,1,704001,1,1,Rain,Highway,0,0
40,3.1,61,5,1,44.3,93.4,2.25,12.58,41.5,34.0,14,315138,0,1,Clear,Highway,0,0
29,1.4,105,2,1,27.0,101.9,3.29,12.93,46.8,36.3,15,556028,0,1,Clear,City,0,0
22,5.3,54,3,2,54.7,78.8,1.88,12.92,54.9,32.0,10,810979,1,1,Clear,City,0,0
43,9.8,84,0,2,99.1,87.4,2.82,12.9,33.9,30.1,2,140861,1,0,Clear,Highway,1,0
38,4.8,57,2,1,64.6,99.3,3.84,12.76,53.1,37.5,3,94717,1,1,Rain,City,0,0
28,5.9,47,2,0,69.2,94.6,5.27,12.02,56.6,31.9,2,717063,2,2,Clear,City,0,0
46,8.4,38,1,2,91.8,92.2,3.22,13.98,29.2,33.9,5,248528,0,1,Rain,City,1,0
25,6.6,48,2,5,70.6,100.5,3.49,11.93,51.0,33.5,4,846731,0,0,Clear,Highway,0,1
57,10.5,54,1,4,100.0,109.0,4.3,12.66,36.2,28.7,13,499448,0,1,Rain,Highway,1,0
27,10.5,47,2,1,100.0,82.8,3.91,14.1,48.2,37.7,7,57347,1,0,Clear,Mountain,1,0
52,1.1,37,4,3,40.9,100.0,3.96,13.04,36.8,34.2,7,369437,1,0,Clear,City,0,0
40,9.6,81,3,2,100.0,88.5,4.2,12.25,38.7,35.2,7,392125,2,0,Fog,Highway,1,0
48,6.1,37,1,2,70.3,98.8,3.12,13.21,37.9,37.1,5,596077,1,1,Rain,Highway,0,0
31,11.9,35,3,3,100.0,88.4,2.71,12.7,35.4,32.9,12,833660,0,0,Clear,City,1,0
47,6.3,58,3,1,58.9,96.2,3.78,12.19,49.1,35.1,10,352283,1,1,Clear,Highway,0,0
40,11.9,69,4,6,100.0,97.0,1.17,12.71,46.9,33.9,4,259163,2,1,Clear,Highway,1,0
24,9.3,48,3,5,91.9,86.4,1.45,12.42,47.1,35.7,15,82115,1,0,Clear,City,1,0
34,3.7,101,1,2,48.4,88.2,5.0,12.49,40.1,32.2,8,137254,0,0,Rain,Highway,0,0
49,6.9,47,2,3,70.4,90.5,4.64,12.62,40.9,38.1,4,636698,0,0,Clear,City,0,0
41,11.9,81,2,2,100.0,79.0,2.82,12.95,46.1,30.0,5,718335,1,1,Clear,City,1,0
49,10.4,84,2,0,95.0,95.6,2.27,13.05,36.6,37.5,8,190556,0,0,Clear,Highway,1,0
29,2.1,60,3,0,26.0,103.8,4.04,12.24,39.1,37.7,14,413025,1,1,Rain,Highway,0,0
22,8.8,37,2,1,88.0,81.9,4.2,12.78,50.5,34.3,13,840674,0,1,Clear,Mountain,1,0
24,4.8,85,0,3,66.7,97.3,2.61,12.47,46.2,33.2,14,129002,2,0,Rain,Highway,0,0
34,1.1,74,1,2,28.6,94.7,3.37,12.98,52.3,37.5,3,202458,0,1,Clear,Mountain,0,0
49,5.4,102,1,2,69.8,86.5,1.7,12.09,22.8,36.2,7,417092,2,0,Rain,City,0,0
46,3.6,70,1,4,53.6,108.3,3.06,12.59,54.8,30.9,1,778506,1,0,Clear,Highway,0,0
54,10.0,85,1,0,95.5,101.2,3.26,11.69,50.5,35.0,2,169943,0,0,Clear,Highway,1,0
59,4.7,35,3,2,70.0,101.9,3.66,12.95,50.6,32.6,12,288142,0,0,Rain,Highway,0,0
27,10.1,67,0,0,100.0,92.3,5.72,13.5,30.1,34.6,13,68069,2,0,Fog,Mountain,1,0
53,1.0,41,2,7,36.2,79.9,2.32,13.37,38.6,35.2,14,457699,3,1,Rain,Highway,0,0
42,4.4,86,1,1,59.4,93.4,5.0,13.02,39.6,30.9,13,587421,0,1,Clear,Mountain,0,0
37,3.7,45,2,1,46.2,91.0,2.92,12.89,44.4,29.1,2,455133,0,1,Clear,City,0,0
42,3.6,61,1,4,45.4,100.2,2.82,13.63,57.3,31.6,11,716447,2,0,Clear,Mountain,0,1
32,1.8,48,1,3,34.1,87.3,4.54,12.32,44.7,37.1,5,542690,0,0,Fog,City,0,0
58,3.1,80,1,2,58.6,102.7,2.8,12.47,52.4,33.7,12,890571,1,0,Rain,Mountain,0,1
57,7.1,44,2,1,88.0,87.0,2.61,13.31,54.2,37.2,2,885164,0,1,Clear,Mountain,0,0
56,4.2,58,2,1,39.2,97.6,4.11,12.53,48.6,38.6,4,716917,0,1,Fog,Highway,0,0
40,5.6,95,2,2,67.4,86.0,3.97,12.14,44.8,33.8,1,780568,0,0,Clear,Mountain,0,0
41,5.1,52,2,1,35.9,91.7,2.97,11.84,53.0,34.8,13,243841,2,1,Fog,City,0,0
39,10.6,43,1,3,100.0,81.3,5.3,12.18,30.4,35.9,6,400233,1,0,Rain,City,1,0
35,11.0,51,1,2,100.0,92.6,3.0,13.48,48.1,27.2,10,214528,1,1,Rain,Mountain,1,0
36,6.4,92,2,0,76.8,83.9,1.91,12.55,55.3,31.4,13,608179,0,0,Clear,Highway,1,0
52,4.6,47,2,2,45.9,96.4,2.33,12.22,44.2,33.2,1,552291,1,1,Fog,City,0,0
22,2.2,84,3,2,22.3,97.6,2.3,12.56,47.7,36.6,2,573911,4,0,Fog,Highway,0,0
24,11.5,40,2,3,100.0,91.9,3.12,12.76,51.2,29.0,15,650686,0,0,Clear,City,1,0
37,1.7,85,1,1,33.5,86.8,4.93,11.67,40.0,35.6,4,718775,2,0,Rain,Highway,0,0
44,4.3,70,2,5,37.0,95.2,1.68,12.15,67.1,31.8,4,186602,0,0,Clear,Highway,0,0
32,4.3,105,2,2,65.8,99.6,5.2,11.86,33.3,35.0,9,177615,0,0,Clear,Mountain,0,0
33,4.5,59,2,1,54.0,90.6,2.79,13.33,27.9,32.2,5,833380,0,1,Fog,City,0,0
31,2.8,45,2,2,42.7,88.6,2.91,12.54,48.5,32.6,10,204826,1,1,Clear,Highway,0,0
53,9.6,78,2,2,100.0,81.9,2.69,12.51,37.9,31.9,12,662236,0,0,Clear,Highway,1,0
37,2.3,48,1,2,31.1,93.7,2.96,12.51,44.3,32.2,4,808777,0,0,Clear,Highway,0,0
29,8.0,63,0,1,98.8,100.5,3.23,12.04,45.0,37.0,5,632532,3,2,Clear,Mountain,0,1
59,2.4,108,1,1,39.3,103.4,3.35,12.86,46.4,30.2,7,477660,2,0,Rain,Highway,0,0
33,1.8,84,5,2,42.3,93.9,3.77,13.52,32.3,29.2,9,224679,0,0,Clear,City,0,0
45,11.0,39,4,3,100.0,80.8,1.38,12.29,36.8,29.8,9,156863,0,2,Fog,Mountain,1,0
49,3.1,106,3,4,51.7,88.2,3.34,13.04,51.9,31.8,1,439271,0,0,Fog,City,0,0
29,10.0,103,2,1,100.0,101.4,3.97,12.54,38.4,33.0,4,808822,0,0,Rain,Highway,1,0
49,7.0,91,2,1,71.3,98.6,3.42,12.22,41.7,33.8,15,440851,1,0,Clear,Highway,1,0
57,1.9,60,2,2,54.6,83.7,3.21,13.05,38.0,33.0,15,312227,1,1,Clear,Mountain,0,0
47,11.5,40,2,0,100.0,107.8,2.97,11.79,46.4,31.4,4,514076,2,1,Rain,Highway,1,0
29,3.7,50,0,3,38.6,83.3,4.54,11.89,39.1,39.2,7,841096,1,0,Rain,Highway,0,0
49,10.5,94,1,4,100.0,88.9,3.96,13.48,55.4,35.1,12,819846,0,0,Clear,City,1,0
49,2.9,46,1,2,40.1,96.0,3.27,12.4,36.1,31.0,14,365707,2,0,Fog,City,0,0
58,10.4,109,0,2,86.0,91.4,4.01,13.2,30.9,33.3,6,770022,3,0,Clear,Highway,1,0
57,1.1,37,4,4,20.6,89.4,4.42,12.54,32.8,36.6,8,483835,2,1,Fog,Highway,0,0
48,6.6,97,2,0,53.2,92.1,2.12,11.33,51.6,31.7,12,719629,0,0,Rain,City,0,0
38,9.5,98,0,2,88.2,100.2,3.99,12.94,32.7,32.7,4,820024,1,1,Clear,Highway,1,0
30,11.3,96,2,1,100.0,107.4,2.65,12.78,31.5,32.0,12,582335,3,0,Clear,Highway,1,1
54,11.0,40,0,1,100.0,94.4,4.78,12.23,48.5,36.8,8,201973,0,0,Clear,Mountain,1,0
41,10.0,53,3,0,100.0,87.0,2.54,13.15,56.8,34.6,11,644233,3,0,Fog,City,1,0
34,10.8,52,2,2,100.0,92.8,3.47,13.07,59.5,31.4,6,186054,1,0,Rain,Highway,1,0
49,3.2,77,1,4,44.2,107.8,3.77,12.22,41.3,39.8,2,113340,2,0,Rain,Highway,0,0
50,4.1,107,1,2,63.9,98.5,1.64,13.14,17.7,30.4,1,491507,1,2,Fog,Highway,0,0
34,4.2,37,3,2,35.3,102.7,1.41,12.71,40.8,33.3,10,679688,0,0,Fog,Mountain,0,0
56,5.1,106,3,0,90.2,98.6,3.07,12.63,52.2,36.9,14,223623,1,0,Fog,Mountain,1,0
27,5.3,72,3,3,53.6,99.5,5.17,12.23,34.0,33.0,13,165880,0,0,Clear,Highway,0,0
39,7.0,102,0,1,73.5,92.4,3.31,12.14,37.9,32.4,9,725204,0,0,Clear,Highway,1,0
26,2.8,78,0,3,40.8,103.5,3.97,13.31,44.9,34.6,8,802202,1,1,Rain,Highway,0,0
46,8.6,97,3,6,86.9,69.3,0.37,12.79,52.0,33.8,14,605339,0,0,Clear,City,1,0
23,2.8,76,3,4,35.7,96.6,4.33,13.07,34.7,30.9,1,651872,2,1,Clear,Highway,0,0
31,4.4,98,1,0,63.9,95.8,3.99,12.36,51.1,35.5,12,250903,0,0,Clear,City,0,0
51,6.5,88,4,1,83.4,85.1,4.15,12.85,48.1,30.9,15,118491,1,0,Clear,Highway,1,0
26,9.8,105,0,1,100.0,94.8,3.54,12.43,40.4,29.2,4,60119,0,0,Rain,City,1,0
54,9.1,71,1,2,93.7,96.8,2.22,12.93,48.7,34.0,13,608348,1,2,Clear,Highway,1,0
22,8.1,38,3,3,78.9,78.1,2.74,11.9,50.5,30.8,2,745556,2,0,Clear,Highway,1,0
39,2.7,36,2,0,39.7,94.9,2.59,11.91,55.7,33.5,2,182039,0,1,Clear,City,0,0
53,7.0,78,2,5,75.1,102.4,4.04,12.05,54.6,34.6,7,742862,1,0,Rain,City,0,0
32,2.0,101,1,0,26.2,105.5,3.27,12.59,33.4,34.0,10,380730,1,0,Fog,Highway,0,0
42,5.2,102,4,6,63.4,97.0,4.33,11.49,46.3,42.8,5,123711,0,0,Rain,Mountain,1,0
47,5.5,108,2,0,82.0,91.3,4.12,12.83,42.1,37.8,11,97913,0,0,Clear,Highway,1,0
46,1.4,96,2,2,29.5,99.8,5.25,12.91,45.4,35.1,2,802937,0,1,Clear,City,0,0
43,4.0,35,1,4,57.0,85.3,3.61,11.73,42.9,35.0,1,439711,2,0,Clear,City,0,0
48,11.5,51,4,3,100.0,98.4,3.27,12.4,43.8,35.9,1,333722,0,2,Clear,Highway,1,0
34,11.5,50,5,1,100.0,91.7,3.59,13.53,42.4,33.5,4,671207,0,2,Fog,Highway,1,0
54,4.9,43,2,3,52.6,101.5,0.83,12.38,37.5,33.2,14,744888,0,1,Fog,City,0,1
55,1.5,87,2,3,27.9,88.3,3.13,12.1,44.4,33.3,4,214439,0,1,Fog,Highway,0,0
56,3.0,107,0,2,49.2,105.8,4.11,12.41,49.9,32.1,2,777165,1,0,Clear,City,0,0
22,5.3,93,3,3,52.5,101.8,3.2,13.19,41.0,39.6,2,128261,0,0,Clear,Highway,0,0
42,11.4,43,2,1,100.0,95.0,3.25,12.03,38.3,30.5,4,153846,1,0,Clear,Highway,1,0
27,2.6,46,5,1,51.3,94.4,3.19,12.88,44.2,36.4,8,741515,1,0,Clear,Highway,0,0
49,9.4,75,6,2,96.8,105.7,5.08,12.81,45.5,36.0,6,871628,1,2,Fog,Mountain,1,1
38,2.2,49,3,0,46.3,109.3,3.76,12.59,37.0,35.6,1,564492,1,1,Fog,Highway,0,0
26,11.8,100,3,3,100.0,89.4,3.33,12.41,39.3,33.7,14,446717,1,0,Clear,Highway,1,0
52,5.2,109,3,1,66.1,89.7,5.91,13.06,33.5,30.9,8,870117,0,0,Clear,City,0,0
26,9.5,45,2,4,91.4,102.6,2.18,12.03,45.2,34.9,5,734369,2,0,Clear,Highway,1,0
59,4.8,42,3,2,62.3,73.3,2.81,12.8,39.9,34.9,13,191776,1,0,Clear,City,0,0
24,7.9,89,2,4,99.0,71.7,2.41,11.82,53.5,40.6,13,693648,3,1,Clear,City,1,1
44,3.1,40,0,1,15.0,86.2,2.72,13.08,46.7,35.5,10,750043,1,0,Clear,Highway,0,0
58,2.6,87,2,0,34.6,94.8,4.73,12.98,48.0,34.4,13,534438,0,0,Clear,Highway,0,0
58,11.3,54,2,1,87.5,83.5,2.48,12.39,43.8,33.6,11,360023,1,0,Fog,City,1,0
31,11.1,73,2,3,96.5,82.3,3.52,12.48,49.6,32.4,6,814256,1,0,Clear,Highway,1,0
31,10.8,106,2,2,100.0,88.5,3.96,12.84,29.5,34.4,7,246875,0,0,Rain,City,1,0
40,7.9,68,1,3,91.8,103.3,4.18,11.92,42.4,35.4,10,556077,0,0,Clear,Highway,0,0
38,9.9,91,2,2,100.0,89.3,2.83,12.45,40.0,31.3,6,862390,1,0,Clear,Highway,1,0
42,1.8,53,5,0,42.2,101.3,4.05,12.6,51.7,32.2,3,680860,1,1,Clear,Highway,0,0
35,4.7,105,1,2,63.2,93.2,3.02,11.75,32.3,30.9,10,413963,1,0,Fog,City,0,0
30,4.5,65,0,1,42.6,104.8,3.5,13.05,44.3,35.0,2,512228,4,0,Clear,Highway,0,0
22,8.0,74,2,1,92.0,90.5,2.41,13.64,52.8,36.9,13,487372,1,0,Rain,City,0,0
34,4.9,48,0,2,52.4,95.8,2.17,13.8,41.8,25.5,2,789080,1,0,Rain,Highway,0,0
25,2.6,71,3,2,45.3,94.2,3.84,11.62,41.8,32.6,3,163150,0,0,Rain,Mountain,0,0
22,7.6,78,2,0,71.6,91.4,5.87,13.18,44.8,39.0,15,398790,3,2,Clear,City,0,1
53,10.0,43,3,3,98.2,98.9,3.16,12.28,40.9,35.8,6,524054,2,0,Clear,Highway,1,0
55,5.2,92,4,1,60.9,98.0,3.46,12.54,45.8,34.7,1,572449,2,0,Fog,Highway,0,0
49,2.5,54,1,2,43.5,94.3,4.1,12.11,51.5,30.0,3,687436,1,0,Clear,Highway,0,0
52,3.2,84,1,2,37.2,77.1,4.55,12.9,45.2,36.2,12,146425,0,0,Clear,City,0,0
29,3.6,54,1,2,55.4,83.1,4.6,11.35,42.4,33.4,14,524106,2,0,Rain,Highway,0,0
47,4.3,70,2,1,41.3,85.1,4.03,12.0,48.9,35.9,2,603261,2,0,Fog,Highway,0,0
55,8.1,61,1,2,100.0,94.4,3.32,11.47,54.8,40.3,11,376463,1,0,Rain,Highway,1,0
24,7.6,106,3,4,73.3,92.2,4.18,12.31,37.4,29.6,13,216294,1,0,Clear,City,1,0
33,8.7,66,4,2,70.0,86.5,3.89,12.44,57.8,37.9,4,366852,2,0,Rain,Mountain,0,0
22,5.0,35,2,5,59.3,85.9,3.44,11.81,38.0,32.7,1,484752,1,0,Clear,Mountain,0,0
26,10.1,51,3,3,96.7,98.0,4.41,12.86,45.6,37.3,11,479878,1,2,Clear,City,1,0
51,3.2,43,1,2,36.4,86.7,3.93,12.82,45.2,31.8,15,199926,3,1,Clear,City,0,0
51,6.2,79,1,2,83.1,72.7,2.8,13.03,45.7,30.6,3,520649,1,0,Rain,Mountain,0,0
38,9.8,100,4,2,100.0,93.8,2.43,13.3,29.4,35.8,11,139810,0,3,Clear,Highway,1,0
44,3.0,66,3,5,48.6,88.1,1.91,12.47,32.6,28.6,4,290018,0,0,Clear,City,0,0
36,2.2,79,1,2,28.0,98.5,2.56,12.71,39.4,31.2,5,317267,1,0,Clear,Highway,0,0
58,10.7,43,3,0,100.0,86.4,3.53,12.09,37.3,31.2,15,318294,0,1,Clear,Highway,1,0
42,4.8,64,2,7,52.3,90.6,4.52,12.63,46.7,31.5,4,743660,2,1,Clear,Highway,0,0
35,8.5,72,2,4,69.7,94.7,3.38,12.66,52.1,35.4,13,75199,1,1,Rain,Highway,0,0
23,1.3,94,4,1,33.1,74.9,3.8,13.36,26.1,35.1,5,219446,0,1,Clear,City,0,0
32,8.6,35,2,5,92.2,87.6,4.1,12.87,33.2,33.2,1,145050,2,1,Clear,Highway,1,0
59,4.5,39,2,0,57.2,86.2,2.28,12.88,38.2,31.2,8,95660,1,0,Clear,Highway,0,0
55,1.6,97,4,3,35.1,88.6,3.07,12.45,33.4,33.0,2,245836,0,0,Clear,Highway,0,0
59,7.7,70,4,0,70.3,88.3,2.34,10.97,39.7,29.6,6,249431,1,0,Rain,Highway,0,0
55,3.6,99,2,4,39.9,92.4,3.16,12.61,35.5,29.6,2,737404,1,4,Fog,Highway,1,0
39,5.3,107,1,2,59.2,93.9,3.77,12.36,46.3,31.3,11,288024,1,1,Clear,City,0,0
51,1.9,58,1,4,49.0,97.4,3.58,12.04,64.1,29.1,2,889940,1,0,Clear,City,0,0
36,2.6,38,2,0,52.4,96.4,2.68,12.97,35.5,33.8,14,557870,3,0,Rain,Highway,0,0
48,4.3,102,2,1,59.6,101.9,4.05,13.09,52.4,35.2,8,449934,0,0,Rain,Highway,0,0
55,2.0,59,2,1,56.1,100.1,3.76,12.1,63.5,33.4,3,710809,0,2,Clear,Highway,0,0
59,11.0,108,2,1,100.0,103.5,3.93,12.62,37.0,30.1,12,104442,2,0,Rain,Highway,1,0
54,1.1,41,2,2,35.2,102.2,3.66,12.55,59.7,32.0,8,112039,4,0,Fog,Mountain,0,0
45,6.3,47,2,4,85.2,88.2,2.75,13.17,35.4,36.1,2,162878,0,0,Clear,City,0,0
36,2.4,102,2,4,46.2,89.9,2.29,12.82,52.3,36.9,1,263834,2,0,Clear,City,0,0
51,4.4,77,2,0,71.7,90.5,3.89,12.96,35.9,29.8,1,374129,0,0,Clear,City,0,0
38,11.2,91,6,2,100.0,101.8,3.92,12.42,27.5,34.7,7,493223,0,1,Rain,Highway,1,0
26,2.8,70,2,3,36.0,90.6,3.58,12.81,50.6,30.9,8,285271,1,0,Rain,Highway,0,0
50,11.6,48,1,1,100.0,98.7,5.6,13.04,46.5,36.9,15,465992,0,2,Clear,Highway,1,0
25,3.3,106,3,0,48.8,77.4,3.04,13.76,41.7,37.1,1,145659,0,0,Clear,Highway,0,0
31,9.2,61,1,0,84.6,75.7,3.84,12.33,29.1,25.9,12,569654,0,0,Fog,Mountain,1,0
38,7.0,71,5,0,68.9,102.9,3.61,12.42,52.8,30.6,3,355559,0,1,Clear,Highway,0,0
31,10.7,105,2,2,100.0,96.6,3.47,12.23,51.0,34.6,12,214993,1,1,Clear,Highway,1,0
38,7.1,59,1,1,65.8,102.2,2.44,12.38,27.7,26.7,4,370391,0,0,Clear,Highway,0,1
41,6.9,101,2,1,69.3,80.4,3.23,13.29,44.1,37.8,15,571326,1,0,Clear,Highway,0,0
45,3.2,38,1,1,52.9,94.0,4.46,12.19,46.6,34.6,15,447611,1,0,Clear,City,0,0
26,2.8,108,0,1,50.3,80.8,4.09,12.79,33.1,28.7,12,515826,2,0,Clear,Highway,0,0
55,11.1,50,5,4,94.8,99.9,4.35,13.1,50.3,36.3,8,749961,2,1,Clear,City,1,0
27,4.6,53,3,1,59.9,92.9,2.89,13.2,62.2,36.4,7,201555,2,0,Clear,Mountain,0,0
23,5.1,63,1,1,60.1,91.8,4.43,13.33,50.8,35.1,5,636443,2,0,Clear,Highway,0,0
34,9.4,85,4,1,100.0,99.7,2.41,12.84,56.3,34.6,12,323526,0,0,Clear,City,1,0
32,4.7,52,0,1,54.9,92.0,3.3,12.79,49.4,35.9,7,440502,1,0,Rain,City,0,0
44,11.5,92,2,3,99.6,91.7,2.48,12.32,33.2,30.0,2,191391,2,2,Fog,City,1,0
37,9.1,78,0,2,87.9,81.1,5.27,11.62,48.9,33.8,7,252773,1,0,Fog,Highway,1,0
52,7.6,50,4,2,68.8,103.5,3.66,12.3,31.7,30.8,11,864040,0,0,Rain,City,0,1
32,10.7,99,4,3,83.0,93.6,4.45,12.68,38.0,36.6,1,217410,2,0,Rain,Mountain,1,0
37,1.5,36,2,2,31.5,97.0,3.9,13.11,40.1,33.1,6,164873,0,1,Clear,Highway,0,0
29,3.8,90,2,1,55.6,81.8,4.03,13.35,39.2,26.4,8,254558,1,1,Clear,City,0,0
25,6.1,62,3,3,70.7,103.9,2.46,12.6,35.7,28.6,7,149987,2,1,Rain,City,0,0
25,3.5,99,1,0,35.2,94.0,3.44,13.16,40.0,32.9,15,100462,1,1,Clear,City,0,0
46,9.2,39,4,4,80.1,106.4,2.42,12.68,41.0,31.4,5,57409,0,1,Fog,Highway,1,0
24,11.1,56,0,3,100.0,100.7,3.03,12.7,52.3,31.5,11,529556,0,0,Clear,City,1,0
53,5.7,47,2,3,82.6,73.1,3.52,12.45,45.4,30.7,3,466477,0,0,Clear,Highway,0,0
24,4.8,99,0,1,71.3,98.8,2.56,12.36,50.0,30.5,12,123909,0,0,Clear,Highway,1,0
48,11.6,50,0,2,100.0,99.9,2.2,12.31,40.1,34.1,7,827914,1,0,Clear,Mountain,1,0
50,5.9,98,6,4,69.3,97.6,2.28,12.32,49.7,35.3,9,874053,0,1,Clear,City,1,0
53,6.4,66,2,3,80.3,94.2,4.12,12.26,26.6,33.8,11,172074,1,0,Clear,Highway,0,0
40,4.9,85,1,1,57.8,91.0,3.17,13.03,31.8,35.0,10,828669,2,1,Clear,Highway,0,0
42,11.0,92,2,0,94.6,92.2,2.19,13.23,50.1,33.2,7,244957,1,0,Clear,City,1,0
26,7.3,80,4,1,50.2,103.7,3.42,12.22,37.3,28.4,1,524093,3,1,Clear,City,0,0
39,9.4,86,1,0,97.0,104.3,4.19,12.15,42.9,37.5,10,258861,0,0,Clear,City,1,0
49,9.9,97,5,5,97.2,91.0,3.35,12.51,23.3,37.3,13,293565,1,0,Rain,Highway,1,0
43,4.8,94,1,2,41.3,86.2,2.04,12.16,38.9,34.9,15,169273,2,0,Clear,Mountain,0,0
42,5.8,99,0,2,52.1,102.6,3.28,12.09,32.0,29.3,11,270355,1,0,Clear,Highway,0,0
27,10.3,89,1,2,99.8,99.8,2.65,12.43,36.6,28.6,13,650642,0,1,Clear,Highway,1,0
22,5.0,91,1,0,54.5,94.1,3.7,12.72,43.0,30.8,7,126659,3,0,Clear,City,0,0
26,9.7,105,0,1,100.0,84.7,3.08,12.72,42.8,39.5,10,50294,4,2,Clear,Highway,1,0
33,11.4,107,4,0,100.0,78.9,3.66,12.44,40.1,34.1,13,461362,1,1,Clear,Highway,1,0
47,7.9,60,1,2,74.7,98.4,1.72,12.34,49.2,33.1,15,822387,0,0,Clear,Highway,0,0
55,9.2,46,2,5,100.0,87.9,3.52,12.9,38.5,33.4,2,593794,0,0,Rain,Highway,1,0
35,9.9,105,4,1,100.0,87.7,3.18,12.79,39.9,31.8,15,325747,1,0,Clear,Mountain,1,0
47,10.3,80,2,1,100.0,95.8,2.55,12.69,32.4,32.8,7,371646,0,0,Rain,City,1,0
48,5.3,81,4,3,53.1,88.0,3.5,12.32,51.7,33.3,12,324139,0,1,Rain,Mountain,0,0
30,1.6,72,2,1,34.0,88.4,3.13,13.27,35.5,31.3,12,812873,0,0,Clear,Highway,0,0
47,5.4,55,4,1,41.9,86.6,3.37,11.94,30.7,29.4,5,746819,1,0,Clear,Highway,0,0
43,8.4,48,4,1,81.3,97.7,2.45,12.32,32.3,33.3,6,718959,0,0,Clear,Mountain,1,0
51,6.0,36,3,2,70.7,84.5,3.59,12.11,43.6,30.7,6,871995,0,0,Rain,City,0,0
38,9.2,106,3,3,97.5,80.2,1.58,12.6,41.2,36.2,10,358429,1,1,Clear,City,1,0
47,4.9,104,1,2,54.8,84.4,3.24,12.27,40.2,34.5,3,532938,0,0,Fog,Highway,0,0
57,8.0,67,1,2,84.7,103.5,3.39,12.65,50.0,32.7,15,346293,1,1,Fog,Highway,0,0
22,3.1,40,3,3,34.6,87.4,5.1,12.86,34.1,30.8,9,725967,0,2,Clear,Highway,0,0
29,9.2,71,2,2,100.0,95.9,3.15,13.23,46.0,35.0,13,317566,1,0,Clear,Mountain,1,0
56,7.0,48,3,2,90.5,89.5,5.01,12.71,42.8,35.2,3,285835,1,2,Clear,City,0,0
36,3.2,71,1,4,52.7,90.4,4.55,12.7,45.3,31.6,15,629524,1,2,Clear,Mountain,0,0
43,4.2,42,2,1,50.9,103.0,3.29,12.82,42.9,34.1,2,697679,0,2,Rain,Highway,0,0
35,9.2,47,2,3,85.4,93.0,3.43,11.46,36.0,30.4,15,813787,0,0,Rain,City,1,0
47,6.3,74,2,4,78.9,105.3,2.33,12.63,24.2,33.5,2,296694,1,1,Clear,Highway,0,0
49,3.4,92,1,2,49.0,107.5,2.82,12.05,48.5,30.5,13,725955,0,1,Fog,City,0,1
44,11.6,52,2,3,100.0,104.7,3.64,12.28,41.9,31.5,7,143546,0,0,Fog,City,1,0
35,8.9,91,2,2,100.0,87.8,3.09,12.54,43.0,35.6,11,703816,3,0,Rain,City,1,0
45,11.5,72,1,2,100.0,93.4,4.3,13.08,41.8,36.5,14,325632,1,1,Clear,Highway,1,0
23,5.7,66,2,3,57.0,103.9,4.07,11.72,30.1,28.8,13,720731,3,0,Rain,Highway,0,1
47,6.2,100,4,3,79.1,98.4,3.71,12.72,43.8,32.5,12,232855,0,0,Rain,City,1,0
35,10.9,59,3,4,99.3,101.3,4.1,12.65,42.2,35.0,7,375228,2,1,Clear,City,1,0
28,6.8,92,0,2,75.7,102.0,3.84,12.82,41.4,29.9,2,395937,0,1,Rain,Highway,1,0
24,8.8,109,4,1,100.0,102.4,3.49,13.72,55.7,31.8,15,457922,0,1,Rain,Highway,1,0
44,3.8,67,2,3,62.2,84.2,2.73,13.38,43.0,34.6,4,707041,2,2,Rain,Highway,0,0
39,5.9,100,2,1,70.6,91.6,5.31,12.75,41.0,31.4,5,627353,1,2,Clear,City,1,0
59,2.4,64,2,1,27.5,86.9,4.12,12.88,40.8,29.0,2,450581,0,0,Clear,Highway,0,0
56,3.3,68,3,1,41.4,91.1,3.83,12.58,33.4,32.0,8,52820,0,0,Clear,Highway,0,0
36,1.0,103,0,3,52.2,93.7,2.7,12.98,43.1,32.4,6,93096,2,2,Fog,City,0,0
46,1.4,82,1,2,40.7,92.9,5.89,12.62,44.2,37.7,14,94806,0,0,Clear,Highway,0,0
58,11.8,74,1,1,100.0,87.3,2.77,12.81,36.7,40.1,5,733818,2,0,Clear,City,1,0
49,3.7,85,1,0,37.0,81.9,3.53,12.27,47.9,34.0,8,665724,2,3,Clear,Highway,0,0
31,8.3,47,2,0,67.4,79.8,3.57,12.72,45.9,33.3,6,243220,1,1,Clear,City,0,0
38,10.2,65,1,2,100.0,106.7,2.14,13.28,41.1,29.7,9,565870,1,3,Clear,Mountain,1,0
43,7.1,73,1,1,89.2,101.9,3.94,12.88,48.6,28.8,11,404685,0,2,Fog,Mountain,0,0
47,2.7,97,1,2,41.2,94.8,3.83,12.66,38.9,36.5,7,633314,1,0,Rain,Mountain,0,0
46,9.0,82,3,2,87.9,69.1,2.42,11.15,48.4,28.6,8,836034,1,2,Clear,Mountain,1,0
38,7.6,82,0,1,92.1,85.4,4.23,12.79,38.1,35.0,10,416051,3,1,Clear,Mountain,0,0
34,9.0,95,1,5,77.2,96.0,2.53,12.56,54.6,40.2,7,655739,0,0,Fog,Mountain,1,0
41,9.5,46,1,0,100.0,98.8,3.17,12.06,37.3,29.9,7,371649,1,0,Clear,Highway,1,0
46,11.7,90,3,4,100.0,89.5,2.72,12.57,40.7,27.3,15,850426,1,1,Clear,Highway,1,0
25,7.3,52,4,3,65.9,96.5,4.1,12.57,35.1,34.4,8,147528,2,1,Clear,City,0,0
31,4.8,61,1,3,66.3,91.3,4.0,12.6,46.4,36.9,6,530383,5,1,Rain,City,0,0
24,8.1,62,2,0,78.0,101.1,2.37,12.97,32.9,30.0,10,799128,1,0,Clear,Mountain,1,0
39,1.8,86,4,5,21.0,91.7,2.9,12.49,41.1,35.9,4,180939,1,1,Clear,Mountain,1,0
57,10.9,50,2,2,100.0,91.4,2.92,12.48,30.9,36.7,9,194529,1,1,Clear,Highway,1,0
43,2.3,92,0,0,27.4,88.0,4.15,12.42,46.3,34.1,8,170636,2,1,Rain,Highway,0,0
55,4.6,43,0,1,43.4,98.0,2.79,12.72,46.7,31.8,4,889496,2,1,Clear,Highway,0,0
29,10.0,60,2,4,100.0,95.3,3.37,12.87,43.0,35.4,3,342020,1,2,Clear,City,1,0
40,7.6,62,4,2,79.8,82.7,3.27,13.24,37.8,31.4,13,379527,0,1,Rain,City,0,0
58,5.3,70,0,5,72.5,95.1,3.17,12.86,47.6,32.9,9,226229,1,0,Rain,Highway,0,0
27,6.2,43,0,5,66.6,93.5,5.22,13.14,34.5,31.9,12,512625,2,0,Clear,Mountain,0,0
47,10.4,81,0,2,99.3,99.7,2.82,13.02,36.1,33.8,15,472659,0,2,Fog,Highway,1,0
55,4.7,85,2,2,37.2,91.3,3.27,12.68,47.5,33.5,5,806435,0,2,Clear,Highway,0,0
27,10.6,91,1,2,100.0,84.2,3.86,12.24,46.4,32.9,14,63718,2,1,Clear,Mountain,1,0
58,2.0,66,3,3,35.8,88.4,3.08,12.8,46.4,32.3,15,273537,1,0,Rain,Mountain,0,0
54,9.5,101,1,2,100.0,106.7,2.91,13.38,60.4,34.8,11,844329,2,1,Clear,Highway,1,1
43,10.3,91,3,0,100.0,90.3,3.84,13.14,43.4,30.8,11,271118,1,1,Clear,Mountain,1,0
42,3.0,88,2,1,47.3,100.3,4.28,13.24,38.8,30.6,8,51706,1,0,Fog,Highway,0,0
27,5.7,50,1,2,58.3,81.0,4.8,11.68,40.9,36.4,14,886544,1,0,Clear,Highway,0,0
27,2.8,96,2,2,38.2,95.2,3.3,11.62,25.2,35.8,9,145146,1,0,Rain,City,0,0
25,8.8,90,2,1,95.9,79.7,2.73,12.36,45.1,30.9,6,129903,0,0,Clear,City,1,0
51,6.9,57,1,5,74.7,92.6,2.72,12.84,53.3,30.7,9,472127,0,0,Clear,City,0,0
32,8.0,51,3,0,98.2,86.1,4.9,12.41,39.2,30.9,14,502722,1,0,Rain,Mountain,0,0
51,3.2,72,1,2,58.7,84.6,3.83,12.5,52.5,27.5,10,892839,1,2,Fog,City,0,0
52,3.3,106,1,1,43.9,83.7,2.68,11.86,34.2,35.8,3,367964,3,0,Clear,Highway,0,0
45,1.5,64,1,2,32.9,90.3,2.82,12.3,35.8,34.1,6,742155,1,0,Clear,Highway,0,0
30,4.5,92,0,1,48.1,76.8,2.39,12.16,35.8,30.3,10,501936,2,1,Clear,Mountain,0,0
24,7.2,56,2,3,76.6,80.5,3.42,12.17,30.3,35.1,13,621403,0,0,Clear,Highway,0,0
52,10.4,51,2,3,100.0,92.7,3.98,12.23,53.7,35.7,9,260336,1,2,Clear,City,1,0
58,8.3,49,1,0,81.0,78.0,5.05,12.05,46.1,32.8,2,230860,1,0,Clear,Mountain,1,0
57,5.8,82,2,1,62.7,79.8,4.58,11.4,47.0,34.4,3,356188,2,0,Clear,Highway,0,0
45,11.5,66,0,1,100.0,106.3,3.54,13.31,36.2,34.3,7,369151,0,1,Fog,Mountain,1,0
52,8.9,74,3,2,85.6,104.6,2.81,12.54,48.4,33.0,5,330504,2,0,Clear,City,1,0
27,11.2,91,2,7,100.0,85.3,3.96,12.26,37.9,33.1,9,793076,1,1,Clear,Highway,1,0
23,6.8,92,1,2,72.0,94.6,1.73,12.53,38.3,34.1,11,893098,0,0,Fog,City,1,0
41,3.8,50,3,3,38.9,85.4,2.71,12.77,50.6,33.6,12,430547,0,0,Clear,Mountain,0,0
49,1.6,62,1,3,34.9,85.7,4.14,12.66,35.2,31.7,13,632887,0,0,Clear,Highway,0,0
32,9.0,35,2,1,91.5,66.9,4.38,12.23,34.0,31.3,13,717832,1,0,Clear,City,1,0
25,2.3,75,2,0,49.6,104.2,4.81,13.1,33.1,37.8,12,759998,0,0,Clear,Highway,0,1
36,4.3,82,0,1,53.0,96.4,3.39,12.3,40.8,31.9,1,281229,1,1,Clear,Highway,0,0
27,6.9,65,6,1,65.2,97.9,4.8,12.48,58.5,29.2,15,715638,2,0,Rain,City,0,0
51,7.2,70,2,1,87.2,96.3,3.12,13.46,39.9,36.5,8,826975,1,1,Clear,Highway,0,0
59,7.6,67,0,1,71.1,90.4,3.04,13.63,31.6,32.9,11,465406,1,1,Clear,City,0,0
23,2.8,67,3,5,29.4,88.1,3.81,13.17,37.0,32.8,6,634158,3,1,Clear,Highway,0,0
36,5.2,57,1,5,51.2,91.7,4.64,12.27,38.3,32.8,13,406569,1,1,Fog,Mountain,0,0
32,7.8,94,1,2,76.3,103.7,4.44,12.39,42.4,36.8,2,883459,0,2,Clear,City,1,0
29,11.7,64,2,3,94.7,92.2,4.53,12.21,44.9,30.1,14,431559,1,2,Clear,Highway,1,0
47,9.0,79,2,3,74.7,107.5,4.03,12.48,25.2,36.3,6,125129,0,0,Clear,City,1,0
26,11.1,73,1,2,100.0,85.8,4.46,12.87,32.2,34.0,1,625863,1,0,Rain,Mountain,1,0
27,9.4,79,3,0,93.5,80.1,3.53,11.66,31.6,35.8,7,659391,0,1,Clear,City,1,0
47,7.5,46,0,2,78.3,84.6,3.82,12.08,50.2,31.6,9,137745,1,1,Fog,Mountain,0,0
25,3.1,66,4,2,44.2,90.7,6.29,12.65,33.9,41.0,3,778376,3,2,Clear,Mountain,0,1
40,8.3,90,0,2,92.0,103.1,4.38,12.55,44.2,32.7,4,375797,1,0,Fog,Highway,1,0
41,7.9,58,4,2,75.0,88.1,3.52,12.38,45.7,32.8,13,384794,0,0,Clear,Mountain,0,0
54,7.6,47,0,3,86.4,80.3,4.3,11.9,38.0,30.3,15,418132,2,0,Fog,City,0,0
41,6.4,54,0,2,72.3,92.1,2.44,12.3,22.6,32.6,6,216797,0,1,Rain,City,0,0
33,6.8,90,1,3,64.8,101.8,3.18,12.36,51.4,30.4,5,687135,3,0,Fog,Highway,0,1
22,4.7,87,2,1,63.7,92.0,3.3,11.93,52.5,39.5,15,323455,1,1,Rain,Mountain,0,0
47,6.7,102,2,2,74.2,93.6,2.78,12.18,41.8,27.6,2,73080,1,0,Rain,Highway,1,0
35,3.2,88,3,5,35.1,91.8,5.27,12.5,36.5,26.0,8,443252,0,1,Rain,Mountain,0,0
59,9.9,68,3,0,89.5,90.3,3.97,12.84,56.4,31.3,10,606180,1,2,Clear,Highway,1,0
58,3.0,62,3,1,48.8,111.2,4.09,13.06,36.3,34.1,10,56535,0,1,Clear,Highway,0,0
32,1.9,84,0,3,45.3,102.5,3.4,12.08,48.4,37.1,10,635933,1,0,Clear,Highway,0,0
57,5.8,36,1,1,69.2,107.0,2.35,12.42,30.0,33.4,11,723928,1,0,Clear,Highway,0,1
34,8.2,60,1,2,94.5,115.1,3.44,12.48,45.7,32.0,11,482523,0,0,Clear,Mountain,1,0
24,5.8,85,1,3,78.7,102.3,3.08,12.5,31.6,33.0,8,63848,2,0,Rain,Highway,0,0
54,4.0,81,1,1,49.7,88.2,2.48,12.47,45.0,35.3,14,352305,1,0,Clear,Highway,0,0
27,7.1,60,1,2,78.4,99.1,4.26,12.01,42.0,29.5,2,698445,2,3,Rain,Highway,0,0
31,4.8,109,3,5,65.1,107.3,3.23,12.84,39.1,36.0,2,164805,1,1,Clear,Highway,0,0
26,11.3,108,2,3,98.9,96.3,1.72,12.44,38.8,27.4,10,540307,0,1,Clear,Highway,1,0
44,11.1,95,5,1,100.0,89.2,3.5,12.62,50.7,32.3,14,84968,2,0,Rain,Highway,1,0
31,6.5,57,1,3,85.6,103.0,3.52,12.64,41.3,32.7,13,229623,0,0,Clear,Highway,0,0
23,4.6,71,2,4,49.4,81.8,4.25,12.3,45.2,28.7,7,817135,2,1,Clear,City,0,0
34,9.1,75,1,3,100.0,93.1,3.62,12.98,64.8,33.1,3,843661,2,0,Clear,Highway,1,0
23,1.4,86,0,2,39.1,98.1,2.89,12.37,32.0,31.7,9,367468,0,1,Clear,Highway,0,0
41,6.2,83,2,4,68.1,91.1,4.0,12.68,35.8,33.7,11,77605,1,1,Rain,City,0,0
22,4.7,61,1,3,36.8,97.0,2.85,12.65,28.8,33.9,6,56241,0,2,Clear,Highway,0,0
58,11.1,40,1,0,100.0,97.2,4.21,12.73,28.4,34.1,3,102242,0,2,Clear,Highway,1,0
30,1.1,108,2,2,33.0,96.5,4.66,13.14,57.2,31.5,6,142337,1,0,Rain,City,0,0
38,7.1,100,2,1,79.9,90.5,1.02,12.24,38.6,33.5,8,731285,1,0,Clear,City,1,0
30,9.1,58,2,3,79.7,88.8,2.75,12.59,20.9,36.6,7,814563,1,0,Clear,City,1,0
32,6.3,72,4,1,63.8,91.1,3.96,12.58,39.7,35.4,13,839455,1,0,Rain,Highway,0,0
36,1.9,62,1,1,42.0,81.0,3.59,12.45,38.0,33.9,7,404912,3,0,Clear,City,0,0
45,11.7,62,1,1,100.0,103.0,4.8,12.84,33.6,30.1,14,776920,2,0,Fog,Mountain,1,1
59,6.7,100,3,0,83.0,96.3,4.75,12.02,38.5,25.2,5,361637,1,0,Clear,Highway,1,0
56,7.8,95,3,0,83.6,93.3,4.43,13.3,43.3,27.0,10,547953,1,1,Clear,Highway,1,0
51,3.6,80,2,2,48.5,86.6,1.81,13.32,38.7,34.9,4,89918,0,1,Rain,Highway,0,0
52,6.3,103,2,3,75.5,93.0,3.34,12.28,48.8,30.6,11,564898,2,1,Clear,City,1,0
26,5.7,109,1,1,66.5,92.9,4.14,12.55,41.5,29.2,12,832504,0,0,Clear,Highway,0,0
35,1.8,108,4,3,19.1,88.5,3.47,11.7,42.1,31.0,8,264308,2,0,Clear,City,0,0
32,2.2,77,2,3,52.8,100.4,3.37,12.27,40.5,32.6,9,666515,0,0,Rain,Highway,0,0
30,10.2,93,5,1,100.0,83.0,4.74,13.76,32.1,33.3,2,160276,1,1,Rain,Highway,1,0
55,3.6,36,3,3,53.0,84.7,3.86,12.9,32.4,30.8,11,665755,1,0,Clear,Highway,0,0
33,3.1,49,3,1,31.1,100.9,3.25,12.94,43.0,35.7,5,203184,0,0,Clear,Highway,0,0
56,6.6,71,1,2,81.2,104.0,2.31,12.35,35.9,32.3,7,876418,0,0,Rain,Mountain,0,0
56,9.5,105,4,3,91.6,94.2,5.22,12.55,46.8,32.2,5,237450,1,1,Clear,Highway,1,0
22,1.7,54,0,1,41.9,84.1,3.8,12.57,39.3,30.2,8,460558,0,1,Clear,Highway,0,0
43,7.3,69,1,6,83.9,102.6,3.03,11.9,35.8,38.8,15,387534,2,0,Fog,Highway,0,1
50,2.3,68,2,5,35.0,93.7,4.43,12.66,44.1,32.5,8,700411,1,0,Rain,Highway,0,0
29,1.4,65,0,2,41.7,93.0,1.9,12.98,42.2,34.6,12,372423,0,0,Fog,Mountain,0,0
32,1.6,53,2,1,20.9,104.4,5.25,13.48,28.7,33.5,5,159021,1,1,Rain,Highway,0,1
58,10.2,102,1,1,100.0,98.7,4.11,12.72,27.4,36.7,8,326572,1,0,Clear,City,1,0
35,2.3,58,2,1,55.0,89.1,5.69,12.53,46.6,30.5,12,376316,1,1,Clear,City,0,0
51,1.5,73,6,0,36.9,79.4,4.13,12.53,36.1,34.6,2,576515,3,1,Clear,City,0,0
56,5.8,88,3,2,75.5,89.5,3.74,12.78,43.2,32.1,15,716128,1,0,Clear,Highway,1,0
42,10.3,73,3,1,100.0,95.8,2.9,12.98,43.9,33.6,15,410994,1,2,Clear,Highway,1,0
58,3.9,51,2,1,51.0,97.1,3.06,13.13,51.6,32.0,12,814940,2,0,Clear,Highway,0,0
26,5.6,53,3,3,52.6,82.2,2.26,11.54,55.2,38.7,11,484083,0,0,Clear,Highway,0,0
40,1.4,82,2,1,29.6,86.8,5.48,13.13,32.8,32.7,5,749395,1,0,Clear,Highway,0,0
35,5.9,69,1,4,73.9,68.4,3.63,12.0,40.8,28.3,5,225296,0,0,Rain,City,0,0
47,7.4,66,4,2,68.3,94.8,4.37,12.11,41.0,32.6,11,482613,1,2,Clear,Highway,0,0
25,7.3,81,4,1,68.8,78.3,4.53,12.49,54.2,33.4,9,429946,0,2,Rain,Highway,0,0
46,4.7,81,5,0,61.8,88.3,3.28,12.85,30.5,33.4,10,128618,2,0,Fog,Highway,0,0
46,4.5,98,0,2,64.3,84.8,2.7,11.94,53.5,29.2,12,204712,0,1,Clear,Highway,0,0
39,2.2,80,1,0,57.8,97.4,2.78,12.3,46.5,29.4,15,75559,0,0,Rain,Highway,0,0
29,5.0,69,0,2,57.3,95.1,1.95,12.74,37.6,38.6,2,787046,1,2,Rain,Highway,0,0
35,2.1,51,1,1,34.3,86.1,2.38,12.84,49.0,32.3,15,205954,0,0,Clear,Mountain,0,0
53,9.4,76,1,0,100.0,93.2,4.04,12.83,39.0,32.6,15,673957,1,0,Clear,City,1,0
59,11.6,63,1,1,100.0,97.4,4.52,13.07,29.1,39.3,3,854177,1,0,Rain,City,1,0
54,11.7,104,0,1,100.0,94.4,3.51,13.17,43.0,35.4,10,794631,1,1,Clear,Highway,1,0
44,10.5,51,3,2,100.0,65.0,4.42,12.65,39.9,32.9,9,538243,2,0,Clear,Highway,1,0
36,7.6,48,2,2,74.5,110.5,4.45,12.57,38.1,33.7,6,199557,1,0,Clear,Mountain,0,0
54,8.7,58,0,0,78.0,96.3,3.19,12.2,35.7,39.0,6,270303,2,1,Fog,City,1,0
46,4.1,91,1,1,51.4,101.0,4.59,12.31,46.9,31.1,10,670767,0,0,Clear,Highway,0,0
38,7.9,84,2,4,98.4,86.2,3.34,11.92,41.9,35.5,4,493714,0,2,Rain,City,1,0
54,6.0,91,7,1,60.8,84.5,3.07,13.29,38.2,35.0,3,795216,0,1,Clear,Highway,0,0
23,6.3,95,5,0,56.0,87.8,3.59,12.57,37.1,33.2,8,282033,1,0,Rain,Mountain,0,0
35,9.3,73,3,2,84.4,108.0,2.09,12.97,38.3,31.4,1,846140,0,0,Clear,City,1,0
27,4.1,89,0,3,58.1,89.5,3.46,13.94,37.3,34.2,9,69353,0,1,Clear,Mountain,0,0
27,4.5,70,1,5,60.3,91.5,1.19,13.71,38.7,33.0,1,545597,0,1,Clear,Highway,0,0
24,11.2,71,2,3,100.0,106.9,4.18,13.15,47.8,35.2,13,836279,1,0,Clear,Highway,1,1
28,1.6,48,1,2,43.4,89.1,2.21,12.41,39.0,28.1,2,681227,1,3,Rain,Highway,0,0
29,6.3,61,1,4,73.4,92.1,3.49,13.0,43.2,42.5,4,112763,0,0,Clear,City,0,0
36,11.0,65,1,0,100.0,81.4,4.98,12.6,38.9,34.8,5,118616,1,0,Clear,City,1,0
50,7.7,107,5,0,74.1,107.6,3.57,12.13,27.8,34.5,4,520150,4,0,Rain,City,1,1
54,7.0,78,2,0,82.9,85.9,1.61,12.14,43.7,39.2,12,458094,1,0,Clear,Highway,0,0
51,3.7,102,1,1,48.5,90.6,3.63,13.03,36.3,31.1,12,533637,1,0,Rain,Highway,0,0
48,4.8,82,3,0,66.9,65.3,3.24,12.97,47.3,30.9,12,714771,1,1,Clear,Mountain,0,0
57,10.4,91,5,4,100.0,90.6,4.43,13.21,55.2,32.0,10,626837,0,0,Clear,Highway,1,0
50,7.2,109,1,2,72.9,91.4,3.39,12.48,36.7,39.5,10,606746,3,0,Clear,Highway,1,0
59,6.7,56,3,4,62.6,88.7,4.62,12.38,49.2,32.7,8,503223,0,0,Fog,Highway,0,0
54,2.1,38,1,4,31.8,78.1,3.94,12.06,38.7,41.3,12,708124,2,0,Rain,City,0,0
58,1.2,106,3,0,31.4,96.4,4.37,11.77,39.5,31.4,12,643458,0,1,Clear,Highway,0,0
48,11.6,80,5,1,100.0,76.8,3.41,12.18,45.0,25.1,9,600269,1,1,Rain,City,1,0
54,5.1,93,2,1,59.3,78.7,4.78,12.27,26.3,28.0,5,350689,0,1,Clear,City,0,0
25,7.6,68,1,3,91.7,89.9,2.99,12.03,28.2,34.8,2,876838,0,2,Clear,Mountain,0,0
43,1.9,45,0,1,46.9,101.7,1.67,12.34,42.5,34.9,1,606758,2,0,Rain,Mountain,0,0
23,8.5,65,1,3,92.8,91.6,2.4,13.55,21.1,34.1,11,781325,0,1,Fog,Highway,1,0
31,11.3,45,3,2,100.0,94.4,3.62,12.26,50.7,29.9,9,137428,1,1,Fog,City,1,0
26,7.3,90,4,2,65.7,86.6,3.77,11.68,52.7,29.4,5,141566,0,0,Clear,Highway,0,0
31,2.4,72,1,1,52.2,86.6,3.66,12.68,44.8,28.7,3,253815,0,1,Clear,Highway,0,0
54,7.4,55,5,0,65.6,99.0,4.72,12.92,41.0,32.1,4,504354,0,0,Clear,Highway,0,0
59,9.4,44,2,1,95.3,101.9,3.69,12.16,50.9,34.0,1,87646,0,1,Rain,Highway,1,0
34,5.5,60,3,1,55.9,100.9,3.83,12.98,38.3,36.9,13,625890,0,1,Rain,Highway,0,1
52,10.7,42,1,1,100.0,96.9,4.48,13.5,39.0,35.8,8,522899,2,0,Clear,Highway,1,0
57,8.1,42,3,7,69.1,94.6,1.82,12.48,40.9,33.5,1,639988,1,1,Clear,Highway,0,0
45,10.9,94,1,2,89.6,80.5,4.22,12.97,35.4,41.1,5,264863,0,0,Clear,Highway,1,0
36,7.9,106,5,3,76.7,87.5,4.82,13.06,52.3,33.2,1,466703,2,0,Clear,Mountain,1,0
50,2.4,68,4,4,31.9,86.3,4.22,12.81,52.1,26.2,8,698679,0,2,Rain,Highway,0,0
29,4.4,50,2,2,49.5,92.6,3.82,13.05,34.5,29.0,5,656548,2,1,Rain,City,0,0
26,3.2,47,3,1,38.9,98.2,4.3,12.87,36.0,33.3,12,354467,0,0,Clear,Highway,0,0
50,11.0,56,1,0,100.0,89.3,1.35,12.13,39.2,29.0,15,461451,0,1,Clear,Highway,1,0
25,9.4,61,2,2,94.4,72.1,3.37,11.48,51.6,37.0,5,676809,0,0,Clear,Highway,1,0
33,8.4,98,1,2,100.0,102.1,2.2,12.69,39.2,33.7,7,89089,1,1,Clear,Highway,1,0
23,4.3,36,5,2,56.7,84.8,3.88,12.48,43.3,37.0,6,561893,1,1,Clear,Highway,0,0
48,3.0,60,1,6,52.8,85.3,2.5,11.79,33.5,33.8,10,682107,1,1,Clear,Mountain,0,0
52,9.3,103,2,1,100.0,97.2,4.35,12.49,54.2,25.7,15,712048,1,3,Clear,City,1,0
57,6.2,64,0,4,60.6,87.9,3.08,12.53,32.6,37.5,9,753450,1,0,Clear,Highway,0,0
57,3.5,42,1,2,42.8,92.2,2.21,12.75,38.7,32.8,15,488301,0,0,Clear,Highway,0,0
47,7.8,72,0,0,92.3,94.7,2.56,13.16,28.3,33.0,15,166315,0,1,Rain,City,0,0
48,1.4,95,3,4,13.4,93.2,2.19,12.2,51.9,34.4,11,888119,2,0,Fog,Highway,0,0
26,4.6,99,0,2,61.7,90.0,3.46,11.57,41.7,32.6,11,791106,2,0,Clear,City,0,0
41,6.2,101,4,2,67.8,93.0,4.12,12.4,56.2,34.7,8,133665,0,0,Clear,Highway,0,0
32,2.6,80,1,3,33.4,110.6,2.86,13.01,34.2,33.7,8,597322,2,0,Rain,City,0,0
31,11.8,106,2,1,100.0,102.4,2.04,13.27,50.4,32.9,3,510921,2,0,Clear,Highway,1,0
59,3.3,77,2,0,62.6,99.7,3.49,12.3,45.1,28.7,13,263875,1,0,Clear,Highway,0,0
27,2.4,93,2,0,22.0,95.8,3.46,12.89,35.7,33.1,14,832729,0,1,Clear,Mountain,0,0
29,3.2,80,1,4,33.4,105.5,3.0,12.05,36.7,32.6,3,227319,2,0,Rain,Highway,0,0
44,9.5,106,2,3,76.6,99.7,2.72,12.6,46.4,35.1,5,700508,0,0,Clear,Mountain,1,0
47,5.7,69,0,1,61.2,103.1,4.78,11.18,41.7,35.4,8,433932,0,1,Clear,City,0,0
33,7.2,73,5,0,71.4,103.4,2.91,12.44,36.5,32.4,15,447994,1,1,Clear,City,0,0
47,1.2,85,4,0,31.2,98.2,2.06,12.76,56.0,32.1,3,360326,2,0,Fog,Mountain,0,0
34,1.4,38,4,1,26.4,97.0,3.41,12.37,42.4,36.6,3,183607,0,1,Clear,Highway,0,0
39,5.9,85,1,0,71.7,90.1,4.03,11.9,39.0,35.2,8,469250,1,0,Clear,Highway,0,0
46,10.0,39,1,2,92.1,108.2,3.96,12.64,33.3,31.1,14,489382,0,1,Clear,City,1,0
54,10.7,89,3,1,100.0,92.2,1.9,13.51,37.8,28.3,4,422789,1,2,Rain,City,1,0
33,2.0,54,1,3,42.1,83.7,4.72,12.18,24.9,38.4,12,849766,0,0,Fog,City,0,0
57,6.9,58,3,3,80.4,95.6,3.71,12.24,42.0,35.5,12,593549,0,0,Clear,Mountain,0,0
25,11.0,70,0,0,100.0,91.1,4.07,12.48,47.9,35.8,1,869624,1,0,Fog,City,1,0
26,5.3,68,1,3,51.9,84.5,6.15,13.43,53.5,29.6,5,809631,1,0,Fog,Highway,0,0
58,10.1,88,3,2,98.3,85.0,4.26,11.93,38.7,35.4,15,85070,1,1,Fog,City,1,0
29,2.5,68,2,2,38.0,92.8,4.07,12.22,45.8,30.1,5,207579,0,0,Fog,City,0,0
49,11.3,51,3,2,100.0,93.3,3.27,12.94,39.2,36.2,4,113203,0,1,Rain,Highway,1,0
52,9.3,39,2,5,90.9,81.1,3.49,11.98,27.7,32.6,6,105427,3,1,Clear,Highway,1,0
30,11.4,52,1,4,100.0,89.3,2.3,12.17,25.7,29.0,4,347995,0,0,Rain,City,1,0
50,8.4,89,2,2,86.6,100.0,3.58,13.49,41.1,33.6,7,813290,1,1,Clear,City,1,0
35,5.0,87,1,5,63.0,71.6,5.13,13.47,25.8,34.6,15,754525,0,1,Clear,Mountain,0,1
43,11.3,84,1,1,93.5,90.1,3.93,12.9,40.0,34.8,8,53060,1,1,Clear,City,1,0
32,4.0,106,3,1,34.5,92.3,5.73,12.76,38.6,33.2,11,346028,0,0,Clear,City,0,0
44,4.7,79,6,2,48.2,97.3,4.03,12.31,27.9,26.9,11,608475,0,0,Clear,City,0,1
22,8.7,47,1,2,100.0,90.3,3.78,12.6,20.3,37.4,11,685150,1,0,Clear,Mountain,1,0
58,9.4,50,2,0,100.0,88.9,3.36,12.22,36.1,34.9,1,693072,1,0,Clear,Mountain,1,0
42,11.2,47,5,2,100.0,96.9,5.47,13.36,53.7,33.2,12,472683,1,0,Rain,City,1,0
47,3.3,54,2,1,42.5,91.6,3.04,12.67,44.0,36.9,12,444840,1,1,Clear,City,0,0
57,9.8,100,0,2,100.0,106.1,2.77,12.52,36.0,29.1,14,544306,0,0,Rain,City,1,0
44,9.1,81,4,0,100.0,97.0,2.62,12.63,35.4,31.9,15,64411,0,1,Clear,Highway,1,0
22,1.7,53,1,3,52.1,98.5,5.76,12.28,44.6,36.0,8,444373,1,1,Rain,Highway,0,0
36,5.3,79,1,3,50.9,92.6,3.65,12.86,42.6,39.5,14,178222,2,2,Fog,Mountain,0,0
42,4.1,71,0,2,54.8,107.0,3.58,12.49,47.2,31.6,4,321354,0,1,Clear,Mountain,0,0
30,4.3,88,1,0,51.2,87.5,4.02,14.05,55.9,27.7,11,822217,1,0,Fog,City,0,0
30,11.8,40,3,1,100.0,82.8,3.25,12.38,50.7,35.2,9,640344,2,1,Clear,Mountain,1,0
31,8.1,48,3,3,85.3,91.3,2.74,13.02,50.5,37.1,2,69763,3,0,Clear,City,1,0
47,8.9,38,2,1,81.2,89.9,2.69,13.52,40.9,27.7,2,838952,1,0,Clear,Mountain,1,0
56,11.7,89,0,4,100.0,90.9,2.65,11.21,23.8,32.6,3,250501,0,0,Rain,Highway,1,0
46,5.1,68,2,1,53.8,107.8,1.5,12.38,24.7,36.4,11,131619,0,1,Clear,City,0,1
47,9.8,61,1,1,98.0,85.7,3.56,13.36,45.6,37.4,6,232245,1,1,Rain,Highway,1,0
32,5.8,41,3,2,66.5,91.5,1.94,11.48,37.2,28.3,4,350110,1,1,Clear,Highway,0,0
59,10.6,37,0,2,100.0,78.9,4.05,13.2,54.8,32.2,5,348805,1,1,Clear,City,1,0
23,3.0,81,1,2,47.2,107.1,4.34,12.76,53.4,31.5,8,560079,0,1,Clear,Highway,0,0
28,11.4,36,3,3,100.0,73.4,2.9,13.37,42.7,30.0,7,158195,0,0,Rain,Mountain,1,0
39,3.4,59,4,3,54.4,93.2,3.84,12.45,37.8,33.6,15,743657,0,0,Clear,Highway,0,0
48,4.6,94,0,2,48.0,81.3,4.23,12.73,34.4,34.0,8,616116,1,0,Clear,Highway,0,0
55,9.3,58,2,2,95.4,80.9,5.0,12.02,54.6,38.4,3,479040,0,0,Clear,Mountain,1,0
48,5.3,49,1,1,68.7,84.9,3.11,12.49,43.0,25.7,11,690680,5,1,Clear,Highway,0,1
38,7.7,48,1,1,87.5,83.2,2.09,12.21,36.1,34.6,2,843098,2,0,Clear,City,0,0
45,5.9,88,2,1,61.9,94.2,2.59,12.31,41.0,30.6,6,792462,1,0,Rain,Highway,0,0
46,9.2,40,1,0,97.2,81.8,1.84,12.67,39.8,29.5,3,271594,3,0,Clear,Highway,1,0
28,3.5,52,4,2,54.8,100.3,3.98,12.21,56.1,32.2,15,203638,2,1,Fog,City,0,0
27,1.6,54,3,3,23.7,102.7,0.28,11.48,43.4,33.9,13,639428,1,0,Clear,City,0,1
45,4.3,96,3,3,48.4,105.2,2.5,12.72,42.1,31.2,15,257749,2,1,Rain,Highway,0,0
54,6.2,74,3,4,66.4,79.8,3.51,12.71,31.1,32.2,12,114650,1,0,Clear,Highway,0,0
50,2.8,73,4,4,65.7,85.7,2.42,12.97,45.7,33.0,13,120445,2,1,Clear,Highway,0,0
43,4.9,86,1,1,51.7,88.1,2.64,12.6,42.3,34.3,1,785159,1,1,Clear,City,0,0
47,5.4,66,3,6,66.5,87.5,4.33,12.06,46.2,36.4,15,546434,0,1,Clear,Highway,0,0
49,1.6,107,3,3,29.3,98.4,2.38,13.36,42.4,32.4,8,592316,0,2,Clear,Highway,0,0
42,7.4,61,3,1,69.8,94.5,3.04,12.43,39.2,33.3,11,812503,0,0,Clear,Mountain,0,0
28,10.7,86,4,2,100.0,84.6,4.43,12.12,42.4,33.1,3,500642,1,1,Clear,Highway,1,0
38,2.7,97,1,4,27.5,89.7,3.13,13.33,35.8,38.2,13,418095,0,0,Clear,Highway,0,0
41,7.6,108,1,2,95.2,91.7,5.9,13.45,43.2,34.5,6,87081,0,1,Rain,City,1,0
41,8.3,97,0,2,76.0,90.6,4.6,11.22,52.3,34.2,9,208445,1,1,Clear,City,1,0
43,5.6,51,6,1,58.1,86.1,4.65,12.14,49.1,32.9,7,359220,1,0,Clear,Highway,0,0
49,8.7,83,0,0,95.3,83.1,2.11,12.51,39.7,33.1,4,669690,0,0,Clear,City,1,0
28,5.5,57,1,1,71.5,98.0,3.4,12.74,40.3,27.2,13,741060,0,1,Fog,Highway,0,0
22,6.6,106,3,1,75.1,82.5,3.22,12.93,46.7,31.7,6,697713,3,0,Rain,City,1,0
53,1.1,47,1,5,23.5,97.7,3.09,13.86,45.0,34.6,10,781694,1,0,Rain,Highway,0,0
34,8.6,57,2,1,72.9,93.9,2.96,12.05,42.0,33.0,9,340063,0,1,Clear,Highway,1,0
51,8.3,91,1,2,85.5,85.2,3.37,12.68,37.5,32.5,12,503344,0,1,Fog,City,1,0
44,1.4,96,1,1,22.7,96.1,1.1,11.86,34.9,37.3,1,542297,0,1,Clear,Highway,0,0
40,5.1,88,2,4,84.9,86.3,2.57,12.71,34.8,34.2,15,715827,2,0,Clear,Highway,1,0
53,11.8,54,2,2,100.0,96.5,5.18,13.43,40.7,29.5,2,122022,0,0,Clear,Highway,1,0
51,5.6,86,2,1,51.9,85.7,2.96,11.2,44.7,28.3,1,231046,2,0,Fog,Mountain,0,0
50,6.5,57,2,1,68.7,92.9,2.85,11.88,28.3,35.8,5,84940,0,0,Fog,City,0,0
50,11.0,69,2,1,100.0,91.6,3.43,12.99,47.9,30.3,5,478335,2,1,Clear,Highway,1,0
51,8.9,101,2,4,100.0,87.0,3.53,13.0,33.5,33.8,1,170808,0,0,Fog,Mountain,1,0
37,7.4,68,4,3,76.1,89.5,1.25,12.19,36.5,35.4,11,108627,1,0,Clear,Mountain,0,0
40,9.8,67,1,0,97.2,86.9,3.64,13.01,40.0,33.8,15,251490,2,0,Fog,Highway,1,0
39,10.5,80,1,0,100.0,101.4,4.05,13.25,45.1,37.7,1,362379,1,1,Clear,City,1,0
22,6.0,79,2,0,58.6,86.4,4.09,12.88,54.1,32.5,8,576802,2,0,Rain,Highway,0,0
35,6.2,53,2,1,73.1,91.4,2.56,13.33,38.3,33.9,8,62073,0,0,Clear,City,0,0
23,5.2,49,3,1,64.5,75.3,5.04,12.76,50.6,31.7,15,724281,3,1,Clear,Highway,0,1
49,11.6,100,2,3,100.0,86.5,4.93,12.47,38.8,32.2,13,309853,1,0,Clear,Highway,1,0
51,8.7,73,1,3,89.2,97.1,4.84,12.74,52.6,35.4,12,825200,0,0,Rain,City,1,0
59,1.9,52,3,2,19.6,95.8,4.29,13.02,41.4,35.8,1,799999,0,1,Clear,Mountain,0,0
25,10.5,104,5,4,100.0,95.5,3.15,11.79,30.1,28.3,10,658821,2,1,Clear,Mountain,1,0
22,6.3,93,2,1,61.6,91.8,3.5,12.74,36.3,30.7,10,126467,1,2,Clear,Mountain,0,0
29,1.8,66,3,2,51.7,94.0,4.92,12.54,42.1,33.6,12,58612,0,0,Clear,Highway,0,0
50,7.0,55,1,0,93.5,103.5,1.22,12.33,40.3,34.8,12,839357,0,0,Clear,City,0,1
24,5.6,74,4,1,53.4,84.6,2.77,12.03,33.9,29.3,12,251681,2,0,Clear,Highway,0,0
53,10.7,61,3,1,97.0,101.8,3.96,11.66,31.4,31.3,7,294871,2,1,Rain,Highway,1,0
31,3.2,36,2,2,22.5,84.9,3.27,12.34,48.4,34.6,4,211609,1,0,Rain,Highway,0,0
31,10.1,73,3,2,100.0,94.4,3.1,12.3,23.5,35.2,1,197490,2,2,Rain,City,1,0
40,7.1,90,2,3,71.1,85.1,5.13,13.07,46.0,34.2,4,386310,1,2,Clear,Highway,1,0
55,1.6,47,1,2,35.5,98.8,4.34,13.16,33.2,32.5,12,216759,1,3,Rain,City,0,0
54,11.7,90,1,1,100.0,81.7,4.46,12.17,57.2,30.0,8,226494,1,0,Rain,Highway,1,0
44,6.6,100,3,2,56.8,84.0,2.73,12.17,25.8,31.9,11,160957,0,0,Rain,City,0,0
49,4.2,90,4,2,55.7,91.1,2.95,12.32,25.2,36.0,2,229714,3,0,Rain,Highway,0,0
53,6.2,62,5,2,82.5,85.7,3.9,13.16,38.6,35.7,15,317284,0,0,Clear,Highway,0,0
28,10.4,98,3,2,100.0,86.3,3.93,12.26,50.1,30.4,9,261513,1,0,Fog,Highway,1,0
50,4.4,105,2,1,44.9,91.1,5.35,13.58,59.4,37.8,7,893744,1,0,Clear,Mountain,0,0
29,3.1,98,0,0,43.3,82.0,3.87,12.66,49.9,30.7,5,195062,1,0,Clear,Highway,0,0
22,2.4,90,3,0,44.3,93.0,5.16,12.82,43.2,33.5,14,442090,0,4,Clear,Highway,0,0
24,4.3,75,3,2,52.4,94.9,4.15,12.36,34.2,29.9,8,349789,0,1,Rain,Highway,0,0
45,9.6,75,3,3,85.8,79.4,3.27,13.41,35.9,38.1,14,725107,0,0,Clear,Highway,1,0
44,6.2,38,1,2,89.8,94.0,2.72,12.82,36.7,35.5,11,790397,0,0,Rain,Highway,0,0
29,3.5,91,2,2,32.9,93.6,4.3,12.36,38.7,33.6,11,403512,1,0,Clear,City,0,0
58,2.8,64,3,5,65.1,95.5,3.13,11.94,40.0,31.7,13,528857,0,0,Clear,City,0,0
24,4.7,80,1,2,56.7,92.9,3.39,12.94,43.6,39.5,7,376295,2,1,Clear,Highway,0,0
54,11.3,90,4,2,100.0,94.8,2.67,12.28,37.3,34.6,11,620462,1,0,Clear,City,1,0
49,4.8,65,2,2,60.6,94.8,3.5,12.51,43.3,39.1,9,230070,2,3,Clear,Highway,0,0
29,11.9,41,2,3,100.0,94.0,4.09,12.13,45.0,33.5,10,181566,1,0,Clear,Highway,1,0
55,6.3,88,2,2,83.7,95.0,3.1,12.14,33.2,33.5,15,550281,1,2,Fog,Highway,1,0
56,3.0,42,1,2,50.2,104.3,2.79,12.29,32.0,35.5,12,410091,1,0,Rain,Highway,0,0
53,10.8,89,2,4,100.0,102.5,3.57,12.57,50.8,33.6,11,727699,1,1,Clear,Highway,1,1
45,6.1,103,1,2,76.1,91.1,3.97,12.01,43.0,33.8,6,234049,1,0,Clear,City,1,0
35,8.8,78,5,1,89.0,87.0,3.49,12.47,40.8,34.1,9,850175,1,3,Clear,Mountain,1,0
53,11.8,47,3,3,92.4,102.2,5.39,12.24,30.6,35.6,11,416098,1,1,Clear,City,1,1
37,1.6,54,1,1,15.7,110.3,3.6,12.54,48.2,30.7,1,329783,2,0,Rain,Mountain,0,0
25,2.1,66,2,2,36.6,91.8,4.02,13.06,42.0,33.1,3,561199,1,0,Clear,Mountain,0,0
58,8.9,94,3,1,88.0,96.0,4.38,12.7,54.0,31.5,1,437141,1,1,Clear,Highway,1,0
42,4.1,84,3,2,51.9,89.4,3.9,12.3,43.5,34.9,4,584962,1,0,Clear,Mountain,0,0
35,3.0,61,5,1,40.6,96.2,2.53,12.58,39.9,33.1,7,567868,1,0,Clear,City,0,0
52,1.4,59,1,3,20.0,76.1,2.67,12.9,37.1,31.4,1,159313,1,2,Clear,City,0,0
39,1.2,86,0,2,15.8,87.8,2.4,12.95,54.6,37.3,13,172567,0,0,Clear,Highway,0,0
28,9.5,102,0,2,87.5,97.8,2.18,12.7,49.9,36.5,15,617974,1,0,Clear,Highway,1,0
31,2.5,55,4,2,47.5,85.0,3.77,13.5,43.8,36.6,3,409236,0,2,Rain,Mountain,0,0
28,6.1,52,0,1,60.6,96.4,4.74,12.16,49.5,36.9,4,363565,0,0,Clear,Mountain,0,0
54,7.7,73,1,3,92.0,96.2,4.22,12.86,44.7,34.8,15,478039,5,0,Rain,Highway,0,0
44,5.7,49,1,2,55.2,96.6,4.2,12.57,27.5,35.0,15,358316,0,0,Rain,City,0,0
42,1.3,87,2,2,42.3,87.9,2.47,13.11,49.5,32.5,14,316754,1,0,Rain,Mountain,0,0
40,9.6,72,1,2,91.6,98.1,3.99,12.61,47.6,37.0,3,82588,0,1,Fog,Highway,1,0
40,1.1,82,3,0,25.7,106.8,4.03,13.64,33.3,33.5,9,827139,1,3,Rain,Highway,0,0
57,9.4,86,4,2,92.2,88.1,5.18,12.64,46.7,31.3,11,304770,2,0,Rain,Highway,1,0
50,10.8,106,2,3,100.0,86.6,3.84,12.97,35.3,34.3,15,256578,2,1,Rain,Highway,1,0
39,5.8,62,3,2,68.9,90.6,5.24,12.5,38.6,31.9,6,724565,0,0,Clear,Mountain,0,0
23,6.9,50,2,4,76.6,94.2,3.62,12.77,43.2,35.8,10,871862,3,0,Rain,City,0,0
22,6.2,50,2,2,68.8,83.8,3.95,12.29,42.8,35.3,6,554880,1,2,Fog,City,0,0
26,5.3,69,2,2,56.7,88.4,4.66,12.81,41.3,35.6,9,466910,1,0,Rain,Highway,0,0
41,10.8,51,2,4,100.0,103.6,3.75,11.62,29.0,28.8,14,446973,0,0,Clear,Highway,1,1
32,10.8,107,4,1,100.0,101.1,1.99,12.33,42.4,27.8,8,535294,1,0,Rain,Mountain,1,0
23,4.7,86,1,2,63.3,84.1,2.51,12.25,55.4,33.6,6,104650,1,1,Clear,Highway,0,0
24,7.8,46,1,1,84.4,106.9,6.16,13.55,44.2,33.6,8,512407,0,0,Clear,Highway,0,1
44,11.2,82,1,2,100.0,88.6,3.6,12.24,40.6,37.0,15,748471,1,0,Clear,Highway,1,0
33,11.6,56,5,3,100.0,94.7,4.19,12.36,47.5,31.2,9,166858,1,1,Clear,Highway,1,0
41,6.6,83,4,2,85.1,92.3,2.43,12.22,43.2,30.2,11,270979,1,0,Rain,City,0,0
26,6.0,86,1,2,62.6,99.3,3.84,12.81,38.6,30.8,12,709415,0,0,Clear,Highway,0,0
58,4.1,35,2,2,73.3,82.9,4.83,12.43,49.3,29.8,13,512495,3,1,Fog,Highway,0,0
59,11.5,100,4,2,100.0,87.8,1.63,12.37,44.1,31.6,4,276334,2,0,Clear,Mountain,1,0
51,2.6,98,0,2,29.9,84.7,3.71,13.67,45.3,29.5,5,595590,0,1,Rain,City,0,0
30,7.4,42,3,0,88.0,83.5,3.7,12.68,40.4,33.3,6,583218,0,1,Clear,Highway,0,0
55,4.1,59,3,4,57.0,86.1,3.82,12.94,41.2,33.1,7,497884,3,2,Clear,City,0,0
56,4.1,100,3,0,54.5,85.3,5.62,12.8,48.4,31.0,10,376138,0,0,Clear,City,0,0
43,5.5,107,4,2,74.1,97.1,3.24,12.18,38.0,30.1,5,284734,0,0,Clear,Highway,1,0
45,12.0,107,2,1,100.0,88.9,3.03,12.31,60.6,29.7,12,682361,1,2,Rain,Highway,1,0
38,1.6,104,2,0,12.7,90.0,3.33,12.04,37.3,25.9,5,551928,0,1,Rain,City,0,0
31,7.4,85,1,1,65.7,77.3,5.87,11.99,37.1,30.9,13,119881,0,0,Rain,Highway,0,1
51,1.9,87,3,3,26.6,99.9,3.66,12.62,50.3,31.6,10,155870,0,1,Clear,Highway,0,0
44,2.7,49,3,1,61.6,78.3,4.08,12.65,41.8,26.9,5,229609,2,1,Rain,City,0,0
53,5.8,84,2,1,72.9,92.8,1.21,12.54,46.8,37.2,11,341467,0,1,Clear,Mountain,0,0
38,6.6,105,2,4,78.2,102.6,3.61,12.79,54.1,35.8,7,773707,0,0,Clear,City,1,0
38,3.8,109,2,1,51.5,104.3,3.33,12.52,45.3,32.5,14,110120,0,1,Clear,City,0,0
35,4.5,72,5,3,46.8,80.9,3.59,13.22,44.7,26.9,10,266795,1,0,Clear,Highway,0,0
30,2.0,74,3,3,21.5,90.6,3.18,12.35,37.6,36.4,15,368098,3,0,Clear,Highway,0,0
23,4.3,100,2,3,64.4,98.2,2.21,13.09,35.2,31.6,10,480536,0,0,Clear,City,0,0
46,11.6,73,3,3,100.0,88.8,3.23,12.98,29.7,28.3,3,653234,1,1,Clear,Mountain,1,0
30,11.4,108,4,1,100.0,100.6,5.01,11.32,36.3,29.3,15,103676,0,1,Clear,Highway,1,1
43,4.7,51,3,1,52.7,75.7,3.62,11.85,38.2,31.4,10,111731,2,1,Clear,City,0,0
25,7.3,41,1,0,74.3,93.2,1.7,11.74,36.0,30.1,8,563055,0,0,Clear,City,0,0
47,11.0,73,0,1,100.0,95.6,2.33,12.75,40.0,31.0,10,833554,0,0,Rain,City,1,0
50,1.1,102,7,1,27.6,82.8,3.78,12.06,38.2,27.1,4,344020,4,1,Clear,Highway,0,0
55,9.9,69,2,1,97.6,98.4,2.44,13.12,48.7,37.3,14,562315,5,0,Clear,City,1,0
44,11.4,85,4,4,100.0,83.8,3.73,12.05,31.5,35.9,15,311875,0,0,Clear,Highway,1,0
58,2.0,81,0,0,29.4,105.0,4.75,12.69,49.9,30.7,4,240440,0,1,Rain,Highway,0,0
32,2.8,70,1,2,41.2,89.4,3.97,12.09,47.5,35.6,14,612257,1,0,Clear,Highway,0,0
27,11.6,98,2,6,97.0,90.7,2.52,12.89,34.6,31.6,6,105977,0,1,Fog,City,1,0
39,6.9,47,1,3,81.4,83.7,3.67,12.44,31.8,33.1,15,473218,1,1,Fog,Highway,0,0
42,1.2,52,0,0,10.9,89.2,4.24,12.37,46.5,29.4,8,409886,3,0,Clear,Highway,0,0
57,3.8,55,1,2,61.1,86.3,2.77,12.26,46.5,34.6,14,890920,1,1,Rain,Highway,0,0
59,5.9,99,1,2,61.9,94.4,2.42,12.05,35.7,35.4,9,790241,0,1,Clear,Mountain,0,0
55,8.6,42,0,2,87.6,94.1,3.41,12.78,31.4,33.7,1,312598,1,1,Rain,Highway,1,0
38,9.1,82,2,3,98.4,91.3,5.05,12.26,38.8,31.4,2,163941,0,0,Clear,Highway,1,0
58,11.9,77,3,0,100.0,93.4,2.52,13.8,16.3,27.0,15,869415,2,0,Clear,City,1,1
46,4.2,87,2,5,46.2,83.2,3.06,13.4,46.4,35.6,15,379762,1,0,Clear,Highway,0,0
59,6.9,61,8,5,78.1,83.7,2.31,12.47,36.9,32.4,10,791909,2,0,Clear,City,1,0
33,6.9,53,1,0,97.2,101.6,2.75,12.39,43.6,30.7,6,511722,1,0,Rain,Highway,0,0
44,5.5,57,1,2,71.9,86.0,3.37,12.5,56.3,31.1,15,100561,0,1,Rain,Mountain,0,0
43,2.9,84,5,1,35.6,94.4,3.35,13.35,38.9,33.8,11,303756,2,1,Clear,Highway,0,0
42,11.8,85,2,5,100.0,73.6,0.75,13.65,47.4,29.3,7,181786,2,0,Clear,Highway,1,0
48,10.4,77,1,5,98.4,95.4,3.27,11.62,39.9,34.3,14,262217,0,1,Clear,City,1,0
52,6.5,85,2,3,61.7,101.3,5.26,13.27,38.5,32.2,11,720332,1,1,Rain,City,0,1
27,7.6,103,2,4,86.8,93.0,3.64,12.46,54.2,30.9,10,196030,1,0,Rain,Highway,1,0
48,3.5,75,3,1,44.7,93.4,3.26,12.19,37.6,30.6,5,829673,1,1,Clear,Highway,0,0
55,7.0,106,3,0,79.2,104.5,2.93,13.16,46.4,34.1,12,568354,3,1,Clear,City,1,1
33,8.6,45,1,3,62.7,94.3,2.58,12.64,44.5,25.6,5,516532,0,1,Clear,City,0,0
28,6.7,86,1,4,80.5,86.5,3.61,13.28,45.4,31.1,6,847385,2,1,Rain,Highway,1,0
31,11.9,57,4,1,100.0,88.5,3.95,13.08,47.0,34.9,6,481342,0,1,Clear,City,1,0
38,7.7,83,3,2,71.5,87.1,5.24,12.77,46.1,32.7,4,114478,0,1,Fog,Highway,0,0
47,5.1,72,2,3,47.4,99.8,2.76,13.41,37.5,36.6,14,103056,0,1,Rain,Highway,0,0
42,9.5,81,3,0,86.8,102.3,4.8,12.52,38.5,33.4,10,546080,3,0,Rain,City,1,0
49,2.9,106,3,1,38.9,100.5,4.76,12.05,44.2,31.0,7,774297,2,0,Clear,Highway,0,0
23,5.2,41,1,1,70.5,86.2,3.1,13.56,27.2,32.3,12,589939,1,0,Rain,Highway,0,0
22,4.8,100,3,1,54.0,92.6,2.77,12.48,44.9,33.4,9,591584,2,0,Clear,City,0,0
57,5.7,96,0,3,75.4,97.6,2.06,12.69,37.4,30.6,14,816633,0,0,Clear,City,1,0
47,9.6,63,1,4,99.7,82.7,3.53,12.32,50.4,34.8,2,405243,0,1,Clear,City,1,0
50,6.3,72,3,2,88.6,99.3,3.21,12.65,26.3,38.5,8,311826,2,0,Clear,City,0,0
42,9.7,67,0,1,92.6,98.8,4.57,12.76,45.7,29.5,10,852097,1,1,Clear,Mountain,1,0
32,7.3,63,2,4,82.5,96.8,3.85,12.04,44.2,34.9,10,618085,0,0,Clear,Highway,0,0
32,4.8,57,3,5,70.9,98.6,1.52,12.05,43.2,30.7,6,554669,0,1,Clear,Highway,0,0
57,9.9,37,4,2,100.0,91.3,3.44,12.16,52.6,30.9,3,139521,0,1,Clear,Mountain,1,0
56,3.6,79,1,1,47.1,85.3,3.81,12.54,42.1,31.9,14,612756,0,0,Clear,Highway,0,0
55,3.5,42,3,2,43.1,101.4,3.27,12.82,44.0,31.2,2,88146,0,0,Rain,Highway,0,0
45,6.5,63,0,1,52.6,92.4,4.39,13.25,32.2,34.9,10,547856,1,0,Fog,Highway,0,0
43,3.9,36,1,1,48.8,87.8,2.94,13.83,43.0,33.1,14,144800,2,1,Clear,City,0,0
26,1.1,84,1,0,19.6,93.0,4.54,12.69,39.9,32.4,10,879936,0,2,Clear,Highway,0,0
54,8.1,99,3,2,79.4,93.0,2.95,12.37,39.8,34.1,6,758917,0,1,Clear,Highway,1,0
57,6.6,54,2,2,73.3,88.3,3.17,11.41,29.2,34.2,6,270339,0,0,Fog,Highway,0,0
41,5.9,86,0,1,51.6,96.4,5.45,12.73,55.8,32.9,5,579429,2,0,Clear,Highway,0,0
40,11.6,71,2,2,100.0,107.3,2.18,12.51,34.4,36.0,4,886570,2,0,Rain,Mountain,1,0
56,7.3,106,2,2,82.3,82.1,3.59,12.42,39.7,33.3,9,386928,4,0,Clear,Highway,1,0
38,10.5,61,4,4,91.3,82.2,3.85,12.27,30.1,39.3,2,228580,1,1,Fog,Highway,1,0
55,2.5,81,3,2,39.5,101.9,2.88,12.29,30.4,30.3,4,344568,0,0,Rain,Mountain,0,0
30,7.3,40,5,6,64.4,98.3,3.97,12.76,30.6,28.5,1,393173,0,0,Clear,Mountain,0,0
47,10.5,94,2,2,100.0,105.4,4.24,12.92,54.4,33.6,12,257387,0,0,Rain,Highway,1,0
23,7.4,79,4,0,85.8,107.1,3.78,12.59,29.1,35.7,10,738587,2,1,Clear,City,0,1
30,8.9,78,3,1,100.0,98.2,3.7,12.99,37.4,32.0,12,187068,1,0,Clear,Highway,1,0
30,5.1,52,5,3,73.3,82.8,4.02,13.24,38.8,30.5,4,150339,1,2,Rain,Highway,1,0
38,2.0,99,0,0,38.7,94.8,2.75,12.55,36.1,33.0,12,87881,0,0,Fog,City,0,0
22,6.0,59,1,0,50.4,89.2,2.87,13.21,35.0,32.2,8,253222,3,0,Clear,City,0,0
46,5.3,61,2,2,62.4,96.0,3.96,12.12,38.6,32.4,10,727899,1,0,Clear,Highway,0,0
46,10.5,41,2,1,100.0,86.2,3.13,12.74,32.1,30.7,3,587775,1,0,Fog,Highway,1,0
56,3.7,78,1,2,50.8,96.4,3.45,12.41,49.5,31.4,3,139900,1,1,Fog,City,0,0
24,11.6,63,3,3,100.0,97.9,0.98,12.85,54.5,35.9,12,791664,0,2,Rain,Mountain,1,0
58,11.5,78,6,2,100.0,94.4,4.17,11.52,52.0,36.8,6,581604,3,2,Clear,Mountain,1,0
51,3.7,70,5,0,49.9,95.5,4.83,13.19,26.6,32.5,14,335558,1,1,Clear,City,0,0
59,4.8,53,0,2,65.9,98.0,4.11,12.58,26.0,29.7,15,340920,1,0,Clear,City,0,0
55,10.9,40,2,2,92.5,86.1,4.27,12.82,29.4,30.0,2,116808,1,1,Fog,Highway,1,0
33,11.6,59,0,1,100.0,94.6,4.43,12.21,46.3,29.2,15,118583,4,1,Rain,City,1,0
40,5.9,65,3,0,54.6,91.5,3.32,13.43,37.8,35.7,14,386945,1,1,Fog,Highway,0,0
58,4.5,43,1,1,54.2,101.1,2.61,12.77,61.2,33.5,4,842576,2,0,Fog,City,0,0
38,6.8,108,4,1,67.6,98.5,4.02,12.41,42.2,32.4,11,720239,2,0,Rain,Highway,0,0
31,8.6,71,2,0,82.3,87.6,4.57,11.55,50.5,35.7,13,104466,1,0,Clear,City,1,0
33,4.0,61,3,1,43.9,97.8,2.42,12.43,50.7,34.2,15,687024,1,1,Clear,Highway,0,0
37,9.1,47,0,4,88.8,103.2,4.22,11.44,34.0,25.7,14,798928,0,1,Rain,Highway,1,1
45,1.6,75,2,4,27.1,95.4,3.79,12.66,35.3,30.8,5,698338,3,0,Clear,Highway,0,0
40,1.5,100,2,2,38.3,89.6,3.39,12.9,54.4,32.9,8,265953,1,0,Clear,City,0,0
29,5.2,58,1,5,59.0,83.5,3.24,12.95,28.3,38.3,14,724911,1,1,Clear,City,0,0
52,4.9,78,4,1,58.7,76.3,3.77,12.17,40.7,37.9,4,716027,0,0,Clear,Highway,0,0
42,4.5,94,1,3,58.9,100.9,2.86,12.28,47.6,26.4,11,569557,2,0,Clear,City,0,1
38,6.4,43,1,3,74.1,81.2,6.53,12.55,45.8,29.2,14,508960,0,2,Fog,City,0,0
44,4.5,36,1,3,45.3,83.9,2.17,12.33,38.8,33.4,5,748379,1,0,Clear,Highway,0,0
58,3.1,90,3,1,42.2,92.8,0.95,11.77,38.5,34.9,13,410097,1,0,Clear,Highway,0,0
37,4.4,64,2,0,57.6,94.5,3.79,12.29,31.9,31.0,4,574195,2,2,Fog,Mountain,0,0
27,11.7,56,0,3,100.0,103.8,3.59,12.8,34.6,34.6,12,244625,0,0,Clear,City,1,0
29,5.5,109,6,2,54.1,95.0,4.03,12.37,55.0,31.0,3,876771,2,0,Rain,Highway,0,0
46,5.9,47,2,2,55.5,89.9,0.64,12.48,43.6,31.2,6,438791,2,0,Clear,City,0,0
39,7.3,105,1,2,80.4,89.9,1.67,12.34,37.1,29.7,9,655614,1,2,Clear,Highway,1,0
46,11.8,50,1,3,100.0,79.9,3.05,13.77,46.9,28.9,6,309622,3,0,Rain,Mountain,1,0
33,3.7,79,4,0,48.1,103.5,4.38,12.66,38.3,31.5,7,328838,0,0,Clear,Highway,0,0
36,8.5,99,4,2,70.2,99.1,1.68,12.71,33.3,36.4,13,423816,0,1,Clear,Highway,1,0
47,8.9,45,2,2,91.9,94.2,3.95,12.31,37.3,34.4,8,363650,1,2,Clear,Highway,1,0
47,7.7,104,5,3,82.8,103.5,3.25,12.84,30.7,33.8,1,586127,1,1,Rain,Highway,1,0
53,2.0,54,1,2,38.6,100.6,3.66,12.65,54.8,32.1,7,58543,0,1,Rain,City,0,0
31,8.4,97,0,3,100.0,96.3,3.47,11.73,47.0,34.3,8,292562,1,0,Fog,City,1,0
37,1.7,46,4,0,26.0,91.7,3.48,13.35,47.0,31.6,13,633769,0,0,Fog,Highway,0,0
28,7.6,96,7,2,85.7,92.3,3.48,12.55,37.7,30.6,13,513051,1,0,Clear,Mountain,1,0
38,9.1,76,3,3,96.1,80.2,4.6,12.87,41.5,34.6,13,569985,0,1,Clear,Mountain,1,0
44,3.3,103,2,3,51.0,100.6,3.53,12.28,38.0,31.3,12,768466,0,0,Clear,Mountain,0,1
47,10.3,92,1,1,99.3,90.4,4.52,12.82,30.7,29.8,7,780011,1,1,Fog,Highway,1,0
42,1.3,39,2,2,38.0,100.5,3.06,12.93,49.2,34.3,1,655384,4,0,Clear,Highway,0,1
43,10.3,61,1,1,95.1,97.9,4.62,11.87,48.4,28.9,2,266965,1,0,Clear,Mountain,1,0
28,6.1,62,1,2,64.1,92.8,3.26,12.86,45.2,34.2,4,346196,0,0,Rain,Highway,0,0
35,3.4,60,3,2,45.3,98.7,3.28,12.55,42.2,34.2,5,188440,3,0,Clear,Highway,0,0
36,2.5,83,3,1,37.7,85.8,1.72,12.09,34.9,29.1,9,753981,2,0,Rain,Highway,0,0
28,11.5,55,6,0,100.0,80.2,2.6,13.44,44.7,29.3,9,652465,1,0,Rain,Highway,1,0
30,1.8,35,3,1,37.0,90.8,2.8,12.13,34.2,36.9,11,572552,1,0,Rain,Highway,0,0
29,3.2,92,1,3,48.3,95.5,1.69,12.72,35.3,34.9,12,469834,2,0,Clear,City,0,0
44,4.8,89,4,2,71.6,98.9,2.64,11.98,34.3,34.5,2,765006,1,1,Clear,Highway,1,0
50,7.8,60,3,3,80.3,92.7,4.19,12.05,36.8,33.6,7,742021,1,1,Rain,Highway,0,0
39,7.0,59,2,0,86.6,84.8,4.3,13.13,36.0,35.1,3,288013,1,0,Clear,Highway,0,0
52,2.4,67,7,3,28.6,102.4,1.81,12.42,47.8,35.1,8,601010,0,0,Fog,City,0,0
51,4.2,106,1,2,52.3,89.1,5.16,13.32,33.9,30.6,9,525203,0,0,Clear,Highway,0,0
56,3.6,103,0,2,48.1,95.1,4.34,12.39,41.9,32.4,11,386762,2,3,Rain,Mountain,0,0
39,3.3,40,1,0,33.3,96.0,5.58,12.37,46.9,31.7,13,618268,0,1,Clear,City,0,1
38,5.5,57,2,0,64.5,92.6,4.61,12.22,51.7,34.7,4,321207,2,2,Clear,Highway,0,0
35,8.7,64,5,1,90.8,76.5,5.39,12.35,45.1,33.5,2,501508,2,0,Clear,Highway,1,0
52,3.4,88,1,2,53.2,86.6,3.92,12.91,26.8,36.8,14,584036,2,0,Fog,Mountain,0,0
45,5.0,45,2,3,64.8,95.7,2.72,12.64,40.2,33.8,10,105249,0,1,Fog,City,0,0
56,5.3,65,1,2,49.6,104.6,3.76,12.45,47.7,33.1,9,590291,0,0,Clear,City,0,0
55,11.7,40,2,0,100.0,97.4,1.26,12.95,34.1,35.4,11,197551,0,0,Clear,Highway,1,0
24,11.5,45,1,2,100.0,95.9,3.34,12.88,52.6,35.5,2,581098,1,0,Clear,Mountain,1,0
58,9.8,46,0,1,92.4,76.1,3.45,12.46,52.5,36.7,15,682134,1,0,Clear,Highway,1,0
47,3.7,100,1,3,54.5,100.5,4.47,13.36,46.0,33.6,2,403117,2,2,Clear,City,0,0
44,1.7,87,4,1,42.1,99.4,3.71,11.83,49.6,39.2,13,402598,1,0,Rain,Highway,0,0
36,4.5,70,0,4,51.3,96.6,3.06,12.8,51.7,35.8,13,778092,2,0,Clear,Mountain,0,0
25,3.9,51,2,3,50.8,94.2,2.1,12.54,42.5,39.3,9,95752,2,0,Fog,Highway,0,0
50,6.6,62,3,2,81.9,96.0,2.75,12.85,49.0,33.3,6,569316,0,0,Rain,Mountain,0,0
43,9.6,56,1,1,87.5,101.8,3.28,12.65,32.8,39.8,11,125232,2,0,Clear,Highway,1,0
46,10.4,41,2,0,75.2,91.6,2.8,12.73,47.8,35.1,5,743841,1,0,Clear,City,1,0
34,10.3,49,3,6,100.0,95.0,0.88,11.71,45.2,29.9,11,111133,1,0,Fog,Mountain,1,0
39,5.0,45,4,5,69.2,89.5,3.49,12.71,61.9,30.1,15,849271,3,0,Rain,Highway,0,0
54,8.6,58,3,1,72.9,92.1,3.03,13.12,38.9,32.1,6,560965,2,0,Clear,Highway,1,0
37,4.4,101,5,2,55.0,92.9,3.02,12.3,52.2,32.1,15,150766,1,0,Fog,Mountain,0,0
23,1.7,64,1,3,28.6,96.9,3.66,13.1,49.6,34.0,9,332236,2,0,Clear,Highway,0,0
56,8.7,104,2,3,90.9,88.0,3.04,12.42,41.1,38.3,12,575250,1,0,Clear,City,1,0
55,1.1,100,2,8,8.1,91.0,4.58,12.3,27.5,34.0,1,574450,0,0,Rain,Highway,0,0
51,5.5,95,2,2,51.3,94.7,2.76,12.32,38.8,30.0,7,64181,0,1,Fog,Highway,0,0
34,4.6,75,3,3,61.3,91.0,2.68,12.09,41.1,34.3,8,803635,3,0,Rain,Highway,0,0
34,8.6,85,2,2,87.5,93.3,2.74,12.64,49.6,31.8,4,617027,0,0,Rain,Highway,1,0
39,9.4,78,2,1,100.0,82.5,3.68,12.29,44.2,31.9,13,237498,0,0,Clear,Highway,1,0
53,4.3,47,5,2,60.3,96.4,3.66,12.33,42.3,32.4,8,224195,0,0,Clear,Highway,0,0
53,9.9,46,2,1,89.6,87.1,2.94,12.26,48.6,31.9,10,585126,4,0,Clear,Highway,1,0
56,4.2,43,2,0,60.8,81.0,3.49,12.76,48.2,29.1,1,282861,1,0,Rain,Highway,0,0
50,5.9,82,3,2,84.3,94.3,3.88,11.97,49.8,33.3,11,533983,1,1,Rain,Highway,0,0
50,9.0,83,1,4,91.3,94.7,4.1,12.9,35.2,38.2,8,890973,1,1,Rain,Highway,1,0
37,8.6,87,3,1,92.8,95.5,3.38,12.85,49.8,35.4,15,741654,2,0,Clear,Mountain,1,0
31,11.9,90,1,1,100.0,95.6,2.71,12.85,52.4,29.4,3,647088,0,2,Clear,City,1,0
51,3.5,74,2,1,46.3,95.4,2.71,12.11,63.4,25.4,15,92751,2,1,Rain,Mountain,0,0
46,8.3,58,2,6,65.2,103.7,3.76,12.72,46.0,34.0,14,93009,1,0,Rain,Highway,0,0
41,7.7,106,2,1,87.2,98.7,4.22,13.25,50.7,34.7,4,461821,1,0,Clear,Highway,1,0
26,11.1,67,2,1,100.0,99.5,3.65,12.0,45.7,34.7,8,632188,0,0,Rain,Highway,1,0
22,2.7,57,5,1,56.2,96.6,3.11,12.69,47.1,33.3,8,826748,0,0,Fog,Highway,0,0
51,9.3,88,3,3,83.4,98.9,2.93,12.04,50.7,29.9,11,650806,2,2,Rain,Mountain,1,0
24,7.3,87,0,3,67.9,88.6,4.31,12.46,29.1,38.0,13,583500,1,1,Clear,Highway,0,0
35,4.0,83,1,5,45.1,97.2,2.27,12.58,44.4,32.6,12,74379,3,0,Clear,City,0,0
51,6.2,83,1,2,67.9,101.3,3.02,12.28,44.6,31.4,2,894155,1,1,Clear,Highway,0,0
25,4.7,94,0,1,63.0,90.3,4.94,12.22,37.2,34.5,9,501113,1,0,Rain,Highway,0,0
39,7.4,99,2,2,68.0,103.0,4.67,12.73,29.7,31.5,4,68817,2,0,Rain,Mountain,0,0
58,10.8,66,4,5,100.0,89.3,3.7,12.09,38.3,29.6,15,512492,0,0,Rain,Highway,1,0
46,7.3,55,3,5,87.4,95.8,3.01,12.86,44.5,31.5,6,452012,1,0,Clear,Highway,0,0
22,7.9,52,0,3,92.5,83.9,3.25,13.47,40.3,33.7,14,656932,0,0,Clear,City,0,0
36,6.7,94,1,2,70.5,98.4,3.59,11.96,44.3,36.9,13,263144,2,0,Fog,Highway,1,0
30,1.6,47,3,6,10.4,101.8,5.61,11.93,34.6,27.6,8,141541,1,0,Clear,Highway,0,1
36,3.6,58,3,3,64.8,91.8,4.52,11.84,43.2,34.3,4,282637,0,3,Clear,Highway,0,0
45,6.4,64,2,1,65.3,81.4,4.39,12.36,44.7,35.5,8,164555,0,0,Fog,Mountain,0,0
25,4.4,36,1,3,62.4,92.3,3.34,13.03,31.9,34.2,13,355804,1,1,Fog,Mountain,0,0
33,3.0,59,1,1,45.2,84.9,3.0,13.07,31.1,34.9,7,228365,0,0,Clear,Mountain,0,0
58,6.5,84,0,3,83.3,92.7,3.3,12.81,48.4,37.2,14,328437,2,0,Fog,City,0,0
58,4.6,48,3,1,56.3,98.7,4.5,12.7,43.1,35.8,8,321743,0,0,Rain,City,0,0
27,3.8,40,2,4,51.1,95.8,5.13,13.24,33.9,31.8,12,774152,0,1,Clear,Highway,0,1
45,6.1,64,2,1,70.6,79.6,2.65,12.36,38.7,35.9,4,666736,4,0,Rain,City,0,0
32,2.5,64,3,0,44.2,89.4,1.2,12.88,45.8,33.5,15,257392,3,0,Clear,Mountain,0,0
34,11.2,72,1,3,97.2,93.6,3.25,13.59,34.6,35.4,2,773255,1,0,Clear,Highway,1,0
55,10.5,92,1,1,100.0,103.1,4.56,13.22,54.4,29.3,4,264411,0,0,Rain,Highway,1,0
46,8.8,75,3,0,89.7,90.8,2.93,12.04,46.5,32.5,5,497190,3,0,Rain,Highway,1,0
28,2.2,91,3,3,43.4,96.0,3.95,12.31,48.6,34.8,4,551724,1,1,Clear,Highway,0,0
25,9.5,70,3,1,100.0,93.4,2.38,13.62,43.4,32.6,11,547564,0,0,Clear,Mountain,1,0
29,9.9,98,1,1,99.1,87.3,3.21,12.31,46.9,34.6,8,506618,0,0,Rain,Highway,1,0
41,9.4,50,0,2,85.2,88.4,2.71,13.4,58.9,37.0,10,446347,0,0,Fog,Mountain,1,0
50,2.3,106,3,2,28.1,90.5,3.35,12.38,38.5,32.2,5,273552,1,0,Clear,Mountain,0,0
31,8.1,48,2,3,80.3,102.2,3.7,12.5,38.9,35.7,9,847847,2,0,Clear,Highway,1,0
55,10.2,65,2,1,100.0,85.8,4.19,12.14,58.8,29.9,7,401300,1,1,Clear,Highway,1,0
47,7.4,100,3,1,83.6,90.6,3.08,12.23,52.4,35.3,7,375804,0,0,Clear,City,1,0
24,8.1,102,2,3,96.1,87.2,2.36,12.5,40.6,28.1,14,827668,0,0,Clear,Highway,1,0
27,6.0,99,6,3,52.6,102.4,1.98,12.69,35.7,33.6,12,735708,1,1,Clear,City,0,1
26,6.8,89,1,1,76.6,95.1,4.58,12.4,38.7,33.5,15,166406,0,1,Fog,City,1,0
26,1.4,74,3,2,37.4,103.0,2.69,12.95,58.3,38.2,5,208569,3,1,Clear,Highway,0,0
44,8.0,59,3,2,89.8,70.7,4.02,12.4,42.7,31.5,3,273770,0,1,Clear,Highway,0,0
30,1.9,59,1,0,11.0,99.4,1.91,11.57,50.4,27.0,8,430544,0,0,Clear,Highway,0,0
56,5.8,37,1,1,62.7,84.8,5.07,12.5,43.9,34.6,4,338062,1,2,Clear,Mountain,0,0
41,4.2,103,1,2,61.7,87.3,6.28,12.36,44.6,30.0,3,822475,1,1,Rain,City,0,0
56,7.0,60,1,2,67.9,90.5,3.83,13.34,46.8,33.2,4,373244,2,0,Clear,Highway,0,0
39,2.5,74,3,1,28.1,91.9,3.21,13.05,41.0,31.0,12,407461,1,1,Rain,City,0,0
38,8.6,72,2,3,94.4,91.9,4.94,13.1,40.0,32.4,14,609812,0,1,Rain,Highway,1,0
45,9.7,72,2,4,100.0,86.3,3.0,12.95,54.7,26.6,14,730923,1,0,Clear,Mountain,1,0
24,2.8,102,0,0,44.7,91.2,3.55,12.82,40.3,27.8,1,232986,1,2,Clear,Highway,0,0
53,2.1,41,1,3,30.3,91.2,0.73,12.82,46.2,34.1,8,751582,1,2,Clear,Mountain,0,0
56,2.6,64,5,2,27.7,78.8,3.42,13.06,50.6,32.6,9,218229,3,0,Clear,Highway,0,0
59,10.6,53,0,2,100.0,94.8,4.66,12.89,46.6,29.6,3,638093,0,0,Clear,City,1,0
34,6.8,69,2,4,100.0,92.1,3.04,12.34,48.1,31.3,10,694335,0,1,Clear,Highway,0,0
46,6.1,67,5,0,52.6,93.5,3.06,11.89,29.0,34.5,6,324540,1,1,Fog,City,0,0
30,2.2,67,1,3,47.8,88.0,3.06,11.66,43.9,32.2,4,873567,0,0,Clear,Highway,0,0
25,8.1,72,1,1,83.1,92.2,5.46,12.18,52.3,34.3,9,722740,0,0,Rain,Highway,1,0
35,10.5,44,2,1,100.0,74.6,3.73,12.23,60.1,30.4,2,55823,0,1,Clear,Highway,1,0
58,10.1,91,1,2,100.0,87.7,3.54,12.55,51.3,34.6,3,784862,2,0,Clear,Highway,1,0
55,7.9,62,0,2,100.0,88.4,3.1,12.54,44.1,32.3,14,657455,0,0,Rain,City,0,0
32,1.8,72,3,1,26.4,91.6,4.53,13.47,46.7,34.1,13,755599,0,0,Clear,Mountain,0,0
24,2.2,50,0,0,31.6,91.8,2.69,12.88,47.8,33.9,14,388873,0,1,Clear,City,0,0
49,1.5,55,1,3,32.8,99.6,4.76,12.23,25.7,31.8,14,195658,0,0,Clear,Highway,0,0
50,3.8,40,2,5,56.1,83.1,3.38,13.29,32.8,31.9,1,445855,1,0,Clear,Highway,0,0
30,2.5,75,2,0,53.3,97.8,4.67,12.49,43.2,32.5,15,628400,1,0,Clear,Highway,0,0
24,3.9,49,0,1,56.1,108.0,3.13,12.88,41.4,35.0,12,549000,0,0,Clear,City,0,0
46,5.2,37,3,0,63.9,88.1,4.32,12.83,39.0,38.2,7,340195,0,1,Rain,Highway,0,0
55,11.4,77,2,1,100.0,97.9,4.04,12.62,45.1,30.6,9,435700,2,1,Clear,City,1,0
33,7.7,81,0,3,86.7,103.5,3.44,13.31,46.0,35.9,12,304844,0,1,Rain,Highway,0,0
30,10.2,48,3,0,94.5,103.2,4.87,12.31,29.7,32.2,14,655727,0,1,Rain,City,1,1
36,8.8,100,3,1,92.4,89.7,4.8,12.66,31.0,32.7,14,85401,1,0,Fog,Highway,1,0
46,2.2,63,2,3,35.4,100.7,2.86,12.15,38.7,33.9,1,705759,0,0,Clear,Highway,0,0
26,9.1,38,4,1,83.0,98.9,2.78,12.78,46.5,31.6,11,246479,2,2,Fog,Highway,1,0
32,4.0,60,1,1,67.6,101.6,3.26,12.8,40.4,31.9,3,758663,3,0,Clear,Highway,0,1
55,8.0,46,2,3,74.2,97.5,3.2,12.64,37.7,38.6,7,307114,1,0,Rain,Mountain,0,0
45,4.8,36,3,1,54.5,101.4,4.54,12.63,53.4,33.3,3,338042,0,0,Fog,Mountain,0,0
36,12.0,51,2,2,100.0,90.2,3.86,12.51,47.3,34.5,3,746190,1,0,Clear,Highway,1,0
59,3.9,69,4,3,49.5,88.3,2.6,12.79,40.6,38.5,3,261387,1,0,Clear,Highway,0,0
29,4.1,44,1,3,57.1,74.6,2.65,12.91,56.5,38.4,4,824705,0,1,Clear,City,0,0
26,11.2,77,1,2,100.0,88.6,3.61,11.99,42.8,32.5,15,697226,3,0,Clear,Highway,1,1
47,1.3,55,5,4,12.2,89.5,4.37,12.46,49.6,30.7,4,385955,0,2,Rain,Highway,0,0
39,8.7,49,3,1,85.8,77.6,5.06,12.42,34.3,29.8,8,249564,3,0,Rain,City,1,0
27,9.0,69,2,0,90.4,92.4,3.67,12.93,30.8,29.5,5,629986,2,0,Fog,Mountain,1,0
58,10.2,94,5,3,99.2,100.6,3.38,13.2,35.6,31.7,14,614331,1,2,Clear,Highway,1,1
34,11.7,78,4,2,100.0,84.7,3.28,12.81,46.3,29.7,3,395073,0,0,Clear,City,1,0
49,11.7,39,4,4,100.0,107.0,2.77,12.67,41.0,32.8,10,654965,2,0,Clear,Mountain,1,0
26,1.7,107,5,1,36.2,95.0,3.42,12.22,40.6,30.9,12,98794,1,0,Rain,City,0,0
34,10.0,52,3,1,100.0,98.8,3.01,13.53,43.9,32.0,12,123065,0,0,Clear,Highway,1,0
38,8.1,55,3,2,88.0,91.6,3.09,12.14,43.2,32.7,5,341792,2,3,Clear,Mountain,1,0
53,8.1,106,1,1,80.4,84.9,4.09,11.97,51.8,32.0,12,202521,4,0,Clear,City,1,0
50,2.4,108,5,3,29.8,96.3,2.06,12.96,37.6,29.8,9,249971,0,0,Fog,City,0,0
24,8.2,85,8,2,100.0,98.1,1.58,12.34,30.6,34.1,6,672183,0,0,Clear,Highway,1,0
55,11.8,75,0,4,100.0,90.6,2.55,12.98,55.1,36.7,4,538836,0,1,Rain,City,1,0
48,11.0,58,2,1,100.0,94.0,4.29,13.32,38.3,36.6,1,726402,1,0,Clear,Highway,1,0
34,5.8,58,0,1,66.9,91.9,3.85,12.47,51.6,35.6,8,597697,2,0,Clear,Mountain,0,0
54,1.4,72,0,3,23.6,86.8,4.44,12.83,45.2,32.2,5,379754,0,0,Clear,City,0,0
27,5.0,78,2,3,61.8,94.6,1.85,12.38,53.8,31.1,9,321669,3,0,Clear,Mountain,0,0
45,10.1,91,0,0,88.0,86.4,4.01,12.64,37.0,35.1,14,87787,1,2,Clear,Highway,1,0
40,8.7,93,2,2,96.8,98.1,2.06,12.54,49.0,34.0,7,518419,2,0,Clear,City,1,0
37,6.1,68,2,3,66.2,110.5,2.42,13.08,39.8,35.1,2,882326,0,0,Rain,Highway,0,0
49,1.6,109,3,2,44.1,100.8,2.2,12.33,36.6,38.5,15,880478,0,1,Rain,Highway,0,1
54,5.7,57,1,0,70.8,90.5,2.37,12.26,55.4,32.9,12,846648,2,1,Rain,Highway,0,0
34,6.2,77,1,2,73.5,94.8,6.14,12.5,36.0,30.7,2,182380,0,0,Rain,Highway,0,0
46,11.2,74,0,2,100.0,101.1,4.03,12.93,35.7,31.4,8,378422,2,1,Clear,Mountain,1,0
57,8.1,81,4,4,85.5,91.2,1.65,12.2,33.1,33.4,11,605208,1,0,Rain,City,1,0
48,4.4,75,1,1,62.8,96.5,1.93,12.01,38.4,31.3,5,494307,2,0,Rain,Mountain,0,0
59,6.8,81,1,2,75.6,97.7,3.58,13.19,43.3,35.2,5,471056,0,1,Clear,Mountain,0,0
28,1.7,54,2,1,20.0,94.1,3.67,11.49,40.7,35.1,12,463190,2,1,Rain,Mountain,0,0
26,11.7,99,0,6,100.0,93.5,2.86,11.95,45.1,36.9,6,114673,1,1,Fog,Highway,1,0
52,5.0,102,2,0,67.6,100.4,5.19,13.68,29.4,36.9,7,60237,1,1,Rain,City,0,1
44,6.3,58,2,2,55.4,105.9,2.61,11.72,41.7,25.4,12,305241,0,0,Clear,City,0,1
31,4.9,70,2,3,60.5,91.3,4.43,12.38,30.6,30.6,13,831178,1,0,Rain,City,0,0
53,8.5,79,0,1,96.2,101.9,4.31,12.28,38.5,33.3,4,253368,1,1,Clear,Highway,1,0
51,8.3,36,4,3,80.4,80.1,5.9,11.45,40.1,29.6,9,63103,2,0,Rain,Highway,1,0
52,8.9,62,5,1,77.9,95.9,5.95,12.1,41.7,32.8,8,290709,2,1,Clear,Mountain,1,0
39,3.9,60,2,1,40.5,74.5,4.19,12.73,44.9,30.7,14,622312,1,0,Clear,Highway,0,0
57,4.5,57,1,2,54.9,85.8,3.54,12.98,31.9,31.8,6,393848,1,0,Clear,Mountain,0,0
23,2.4,70,1,1,48.5,83.7,3.86,13.15,38.4,38.0,1,260278,3,1,Rain,Highway,0,0
35,8.2,40,2,3,74.7,105.1,4.11,12.41,60.3,36.7,6,871325,0,0,Clear,Mountain,1,0
34,1.4,69,1,2,20.4,89.7,1.64,11.68,41.4,33.1,1,232666,0,0,Clear,Highway,0,0
50,7.6,72,2,2,77.8,91.6,2.0,12.63,40.5,30.4,5,604763,0,0,Clear,City,0,0
33,10.6,69,3,0,100.0,90.2,4.47,13.29,26.6,34.0,13,682530,0,1,Rain,Highway,1,0
23,10.8,108,2,2,100.0,80.4,4.87,13.36,43.3,26.6,6,212473,2,0,Rain,City,1,0
53,5.9,87,2,4,68.1,94.3,4.99,13.09,29.3,35.0,2,441387,0,1,Rain,City,0,0
34,6.1,72,1,2,62.1,92.6,3.29,11.92,22.1,34.8,3,843652,0,0,Clear,Highway,0,0
48,1.8,93,5,2,26.4,85.5,3.83,12.5,45.5,29.5,12,529954,2,0,Clear,Highway,0,0
38,8.4,77,0,2,100.0,103.0,3.04,12.71,45.5,37.1,7,209644,1,0,Clear,Highway,1,0
52,10.0,38,3,3,87.4,102.8,5.34,12.8,29.1,31.3,5,183676,4,1,Rain,City,1,1
55,3.7,39,0,4,51.5,81.9,3.11,11.71,30.8,30.3,10,339814,4,0,Clear,Highway,0,0
45,5.6,102,2,4,78.0,86.5,2.72,13.63,35.7,33.6,15,122635,0,1,Rain,Highway,1,0
56,10.2,79,3,1,100.0,95.8,3.34,13.26,57.5,29.1,11,321439,0,1,Clear,Mountain,1,0
27,10.6,59,2,2,94.0,88.3,3.11,12.6,44.2,30.5,9,210484,2,0,Clear,Mountain,1,0
40,3.7,45,2,6,54.9,90.3,3.43,12.66,46.6,34.1,12,380299,1,2,Rain,Mountain,0,0
51,7.1,63,2,6,77.8,83.9,4.4,12.35,51.8,31.7,8,225674,1,0,Clear,Highway,0,0
28,3.1,68,3,2,49.5,83.9,3.63,13.22,54.2,37.3,13,163831,3,0,Clear,Highway,0,0
31,2.1,48,2,4,42.6,87.8,2.91,12.02,43.2,28.4,10,283728,2,0,Rain,Highway,0,0
53,11.0,58,0,2,100.0,93.0,2.85,12.66,45.7,33.3,15,303805,2,0,Clear,Highway,1,0
55,10.0,93,1,0,100.0,93.6,2.96,12.18,42.1,36.1,9,805443,3,1,Rain,Mountain,1,0
49,9.4,73,4,0,100.0,85.5,1.56,12.59,26.2,35.4,11,586804,0,1,Rain,Highway,1,0
36,1.5,60,2,5,45.5,82.8,4.4,13.18,44.3,31.0,6,342760,0,0,Clear,Mountain,0,0
51,10.3,77,2,1,94.6,82.1,4.12,12.28,37.6,38.5,2,530544,1,0,Clear,Highway,1,0
58,5.8,70,1,2,63.7,99.9,5.06,12.69,18.6,27.4,11,175912,0,0,Rain,Highway,0,1
50,4.8,73,1,0,66.3,109.0,3.88,12.54,35.8,32.9,6,280421,2,0,Rain,Highway,0,0
43,7.0,95,2,1,75.3,95.4,1.99,12.23,38.0,35.8,5,189074,0,1,Rain,Highway,1,0
25,2.0,50,1,2,23.4,71.5,3.65,12.29,49.3,36.7,14,729106,0,3,Rain,Highway,0,0
41,9.3,93,1,0,97.7,96.5,3.68,12.3,40.7,30.3,10,559386,2,0,Clear,City,1,0
53,7.4,40,3,4,74.3,101.5,4.24,11.7,36.0,33.5,4,124282,0,1,Clear,Highway,0,0
57,3.1,90,3,1,66.0,86.8,5.3,12.52,31.4,35.4,9,475907,1,0,Clear,City,0,0
25,3.1,42,1,2,54.7,99.0,2.26,12.64,40.1,32.5,2,554708,2,0,Clear,Highway,0,0
48,3.0,61,3,1,55.6,100.6,4.07,11.84,43.1,29.4,15,881000,1,0,Rain,Highway,0,1
38,1.6,105,3,2,33.2,102.3,3.33,12.37,46.4,27.9,13,579701,0,1,Rain,Highway,0,1
33,7.5,61,2,2,83.1,87.3,6.07,12.49,48.5,31.0,13,364036,0,0,Clear,City,0,0
43,10.2,80,1,3,98.2,92.6,4.38,13.0,30.5,31.3,11,707119,0,0,Clear,City,1,0
38,1.2,75,3,1,21.2,93.5,3.24,13.46,44.0,30.7,3,83372,2,1,Clear,Mountain,0,0
31,1.5,59,2,2,22.9,102.5,4.86,12.8,40.6,38.6,4,888600,0,2,Fog,Mountain,0,0
22,7.3,52,2,0,99.8,88.7,3.25,11.91,39.9,34.7,13,72921,0,0,Fog,City,0,0
43,10.0,46,2,1,100.0,99.5,4.18,12.14,43.6,32.1,7,888070,0,0,Clear,Highway,1,0
47,4.6,85,3,0,43.6,94.2,3.11,12.64,55.6,32.3,13,598749,0,0,Clear,Highway,0,0
39,4.8,73,1,4,68.0,99.7,3.57,12.37,39.6,32.5,13,235852,1,0,Clear,City,0,0
35,7.6,44,3,2,100.0,98.1,4.77,12.58,42.8,34.8,1,424254,0,1,Clear,City,0,0
50,4.0,108,1,1,36.6,86.8,3.13,13.01,34.0,29.8,9,677046,3,1,Clear,Highway,0,0
33,1.3,88,5,5,36.4,94.2,0.46,12.51,33.1,30.1,5,570531,0,0,Clear,Highway,1,0
57,9.1,63,2,1,81.6,86.5,2.74,13.82,32.7,32.9,1,846484,1,0,Clear,Highway,1,0
56,7.9,75,1,3,94.8,91.8,4.98,11.81,29.2,24.7,13,120470,0,1,Clear,City,0,1
33,7.4,43,2,2,57.8,106.0,5.09,12.87,36.6,30.6,8,705719,0,0,Clear,Mountain,0,1
28,9.2,97,2,1,94.4,88.6,2.78,11.77,56.1,35.7,3,766597,2,0,Clear,Highway,1,0
50,8.4,71,1,1,91.6,87.1,1.91,12.17,35.6,35.4,11,743047,2,1,Clear,Mountain,1,0
32,3.3,48,0,3,32.6,90.5,3.03,13.02,39.3,28.2,15,534813,0,0,Clear,Highway,0,0
54,4.9,107,2,2,63.6,97.4,4.47,11.57,30.6,32.7,1,790664,0,1,Clear,Highway,0,0
27,2.4,106,3,0,34.6,97.3,3.28,12.75,40.2,29.0,11,375262,0,1,Fog,City,0,0
36,2.4,73,1,1,56.4,94.9,1.51,11.98,33.3,30.7,14,354509,2,1,Clear,Mountain,0,0
53,8.4,74,2,0,73.0,85.6,4.07,12.57,39.2,31.1,11,228387,0,1,Rain,City,1,0
32,10.4,88,4,2,100.0,90.0,4.53,12.29,39.2,35.0,7,560991,0,2,Clear,Highway,1,0
44,11.6,37,2,2,100.0,103.3,5.08,12.61,41.0,35.8,15,594488,0,0,Clear,Highway,1,1
47,7.9,89,2,2,96.1,79.9,1.44,12.8,50.9,31.5,12,727524,2,0,Fog,Mountain,1,0
55,3.0,67,2,3,57.2,94.1,4.64,13.13,56.3,28.5,4,756378,0,0,Clear,Highway,0,0
55,2.2,105,2,4,35.1,90.2,3.69,12.67,56.2,27.6,5,686568,0,0,Rain,Highway,0,0
50,9.9,53,3,2,98.8,95.7,2.84,12.91,42.9,36.4,10,212625,0,0,Clear,City,1,0
25,7.4,68,2,2,88.3,93.1,1.85,12.57,43.4,32.1,2,301201,3,1,Fog,Highway,0,0
38,7.8,84,1,3,87.6,80.0,1.64,11.93,42.7,32.3,4,356906,1,0,Clear,City,0,0
56,9.6,81,2,3,95.6,96.7,2.73,12.03,48.2,29.5,14,144814,2,0,Clear,Highway,1,0
34,8.7,80,2,1,81.3,84.2,2.68,13.35,36.5,35.7,5,291966,1,0,Clear,Highway,1,0
36,10.2,90,1,0,100.0,82.5,3.39,11.99,33.9,34.8,4,433087,2,0,Rain,Highway,1,0
50,1.6,91,2,2,21.7,92.4,4.98,12.7,26.0,31.7,3,291991,2,0,Clear,Mountain,0,0
50,9.2,85,0,3,100.0,88.7,3.43,12.69,49.1,30.2,13,309716,0,0,Fog,City,1,0
32,10.4,88,4,1,100.0,85.6,1.96,12.66,43.8,33.5,14,586469,0,1,Fog,Mountain,1,0
53,4.1,62,3,2,44.5,88.9,2.48,13.11,35.4,27.4,5,63674,1,0,Fog,Highway,0,0
23,8.0,53,2,5,79.8,86.1,3.84,12.28,54.8,34.4,2,654868,0,0,Clear,City,0,0
35,4.5,61,5,5,49.7,104.4,2.75,12.49,36.7,32.1,10,234743,2,1,Clear,Highway,0,0
41,11.5,82,4,3,100.0,94.5,3.38,12.43,54.1,33.5,10,352639,1,1,Clear,Highway,1,0
43,1.4,53,2,4,31.7,90.7,4.65,11.47,35.0,32.9,1,561941,1,1,Clear,Highway,0,0
32,7.4,85,1,3,75.5,98.1,4.15,12.22,43.5,35.5,11,658933,0,0,Fog,Highway,0,0
48,2.8,41,0,4,48.9,90.5,2.95,13.13,45.5,35.7,7,165014,2,0,Clear,City,0,0
24,8.8,63,0,4,85.6,89.9,2.52,13.61,37.7,36.1,11,570465,0,0,Rain,Mountain,1,0
38,2.9,77,2,7,41.2,99.5,5.47,13.08,31.7,33.3,11,861586,0,1,Rain,Mountain,0,1
49,3.6,103,0,1,37.7,86.4,2.8,12.79,42.3,32.8,3,358312,1,1,Clear,Highway,0,0
50,6.4,92,4,2,79.6,83.8,5.89,11.91,35.8,31.0,6,103241,0,0,Clear,City,1,0
42,11.1,42,1,3,97.9,97.2,5.12,12.69,29.3,31.2,11,562404,1,0,Clear,City,1,1
37,3.3,76,2,0,60.7,93.3,3.41,12.65,27.5,34.0,8,701358,0,0,Clear,City,0,0
58,2.6,76,3,3,43.2,93.2,2.28,13.77,43.5,33.0,14,55997,1,0,Clear,City,0,0
41,9.3,47,2,2,92.8,89.2,3.54,11.73,23.6,36.6,3,147584,0,3,Clear,Highway,1,0
27,6.5,60,5,2,71.9,96.8,4.82,11.97,39.7,32.3,9,92409,0,1,Clear,City,0,0
40,11.0,52,1,1,100.0,81.0,3.12,13.21,48.1,28.7,5,255391,0,0,Clear,Highway,1,0
26,2.6,76,0,0,27.3,76.5,2.18,13.37,29.9,33.4,8,439427,2,0,Rain,Mountain,0,0
24,8.1,85,3,2,72.1,88.8,2.94,12.77,31.2,35.8,10,484495,0,0,Clear,Highway,1,0
22,3.6,50,2,2,58.4,97.0,3.89,12.42,44.5,34.5,2,298661,0,0,Clear,City,0,0
59,2.7,37,3,2,32.4,102.0,3.97,12.89,20.7,34.4,2,358338,2,2,Clear,Highway,0,0
36,8.5,79,2,2,80.6,96.4,3.58,13.69,41.4,36.0,6,204332,0,1,Fog,City,1,0
55,7.5,56,0,2,75.6,84.6,3.03,12.28,38.0,33.6,11,88603,2,0,Clear,Highway,0,0
56,9.3,57,2,4,100.0,84.7,3.38,12.83,53.5,28.1,2,793029,1,0,Clear,City,1,0
46,4.4,93,1,2,63.3,101.7,3.04,12.5,54.8,35.5,6,673658,0,0,Clear,City,0,0
45,5.9,96,3,3,65.8,99.2,3.64,12.78,44.6,33.8,9,648846,1,0,Rain,Mountain,0,0
33,5.5,102,3,2,68.0,96.4,3.76,12.99,36.3,32.6,15,767184,0,1,Clear,City,0,0
39,11.8,88,1,3,100.0,99.4,3.26,12.31,42.6,29.3,3,288281,2,0,Clear,Mountain,1,0
36,4.2,91,0,1,43.6,93.3,2.66,13.09,49.0,30.6,15,372558,1,1,Clear,Mountain,0,0
37,4.2,57,3,5,44.3,90.3,4.75,12.35,47.6,27.5,8,746408,1,0,Rain,Mountain,0,0
48,4.9,94,1,2,38.8,90.7,3.8,12.89,23.1,31.4,3,682451,1,0,Rain,Mountain,0,0
29,7.2,107,6,1,92.5,97.1,4.22,11.63,30.2,31.2,9,733857,3,0,Rain,City,1,0
46,3.8,89,2,5,43.7,93.9,2.76,12.98,48.0,32.6,5,505978,0,1,Clear,Highway,0,0
38,11.1,97,1,3,100.0,76.3,3.41,12.16,31.7,37.7,8,411734,3,1,Clear,City,1,0
50,3.9,90,2,2,56.6,99.1,2.74,12.35,44.7,35.9,1,707797,1,0,Clear,Highway,0,0
29,10.9,89,2,2,97.5,96.7,4.91,11.47,48.5,33.1,1,183033,0,3,Clear,Highway,1,0
36,2.1,59,0,2,28.3,94.6,2.42,12.49,46.7,30.7,15,627963,1,1,Rain,Highway,0,0
48,8.2,60,3,2,76.4,103.3,2.49,13.26,45.8,29.5,15,806372,0,1,Clear,Mountain,1,1
28,11.0,83,1,3,79.0,85.5,3.57,11.82,38.0,36.2,9,524113,2,0,Rain,Highway,1,0
24,2.9,97,2,1,42.5,83.5,2.33,12.7,30.9,29.1,7,663772,1,0,Fog,City,0,0
50,11.7,79,2,1,100.0,96.0,4.91,11.58,56.3,29.5,5,801135,1,0,Clear,Highway,1,0
45,6.0,107,3,2,62.7,85.9,2.09,12.52,26.4,40.7,14,670236,1,0,Clear,City,0,0
24,11.4,73,1,2,100.0,105.3,3.26,13.03,42.9,32.4,10,826324,3,1,Rain,Mountain,1,1
41,8.4,99,1,0,83.5,86.5,3.08,12.55,37.4,39.2,1,61772,0,0,Rain,Highway,1,0
36,4.3,103,2,3,57.5,86.3,3.8,12.99,52.6,31.9,3,182069,0,2,Clear,Highway,0,0
46,3.1,90,1,0,53.6,88.8,2.7,12.35,42.2,36.7,10,303279,3,0,Rain,City,0,0
51,4.3,43,3,0,46.1,89.6,3.76,13.89,35.0,33.8,10,401855,2,0,Rain,Mountain,0,0
35,2.0,104,1,2,40.6,89.1,2.64,13.15,38.2,30.9,14,867617,1,0,Fog,Highway,0,0
28,2.6,62,4,3,39.9,89.9,2.49,12.7,49.0,30.3,12,281952,0,0,Rain,City,0,0
38,2.2,79,0,0,40.6,89.1,3.27,13.46,50.5,26.3,9,115491,1,1,Clear,Highway,0,0
41,5.7,60,2,1,70.1,79.6,3.4,13.3,47.1,30.0,10,480478,1,1,Clear,Highway,0,0
57,9.8,62,5,3,88.7,96.0,3.22,12.33,42.8,35.1,3,459019,0,0,Clear,Highway,1,0
30,2.6,74,3,1,35.5,88.5,3.11,12.85,34.2,32.8,13,287262,2,1,Rain,Mountain,0,0
59,2.4,49,3,3,43.8,90.8,4.86,12.45,36.1,31.3,5,261694,0,0,Clear,Highway,0,0
43,8.1,40,2,1,83.4,82.3,3.8,13.06,45.6,32.6,14,256787,2,0,Clear,Mountain,1,0
23,3.2,61,4,1,53.5,79.8,3.74,13.39,50.1,35.8,2,751128,0,1,Clear,Highway,0,0
45,2.1,72,3,2,34.6,91.2,4.57,11.86,30.1,28.8,5,223995,1,0,Clear,Mountain,0,0
29,2.8,102,0,3,52.5,104.4,2.14,12.66,28.3,34.0,7,179517,2,1,Clear,City,0,0
32,11.2,109,1,0,90.0,104.2,5.58,13.33,40.3,28.5,12,273520,0,0,Clear,Highway,1,1
34,10.0,98,6,1,100.0,84.7,1.82,12.98,43.8,24.6,5,389834,0,0,Fog,Highway,1,0
38,4.9,64,4,3,46.3,86.1,4.73,12.81,43.3,31.1,5,563289,1,0,Clear,Highway,0,0
29,8.2,37,5,1,96.8,93.4,1.82,13.14,46.2,31.5,13,779262,1,1,Clear,Mountain,1,0
42,6.9,96,3,5,73.7,70.7,3.44,11.93,37.6,32.0,11,226490,2,0,Clear,Highway,1,0
39,8.4,46,3,1,83.8,87.3,2.88,12.88,51.8,32.7,4,359799,0,0,Clear,City,1,0
51,8.5,64,0,1,79.7,93.8,5.03,13.22,54.1,34.6,4,453316,0,0,Rain,Mountain,1,0
39,7.9,72,2,5,89.8,90.2,4.27,12.88,46.2,30.7,5,869784,1,1,Clear,City,0,0
52,3.9,94,2,2,56.9,76.8,3.21,11.99,37.8,29.0,2,317285,1,0,Clear,Highway,0,0
59,1.4,72,3,1,28.4,77.4,4.03,12.41,19.6,36.2,14,531305,1,2,Rain,City,0,0
53,6.0,49,1,2,74.7,80.6,3.78,12.61,36.6,36.8,15,691568,3,0,Clear,City,0,0
32,10.8,52,5,1,100.0,91.4,4.2,12.19,43.0,33.6,6,660825,3,1,Clear,Highway,1,0
46,7.3,86,7,1,79.3,85.3,3.3,12.15,47.0,34.3,11,707018,2,0,Clear,Mountain,1,0
54,10.2,63,3,3,100.0,104.5,2.81,12.85,39.1,36.0,2,646882,3,2,Clear,Highway,1,1
59,11.9,94,2,3,100.0,81.3,1.33,13.42,41.1,36.0,9,611347,1,1,Clear,City,1,0
29,2.8,55,4,3,45.2,101.8,3.16,11.66,55.5,29.3,11,751266,2,2,Rain,Mountain,0,1
32,8.6,51,1,1,91.6,82.4,3.63,12.36,33.1,32.3,6,524246,1,0,Clear,Highway,1,0
43,8.4,52,0,2,96.4,112.1,2.5,12.24,28.6,28.0,5,444891,0,1,Clear,Mountain,1,0
45,11.8,91,2,3,100.0,97.3,3.42,13.35,22.8,33.8,11,69871,0,0,Clear,City,1,0
38,11.8,71,2,2,100.0,74.3,4.61,12.96,49.6,34.8,3,631402,4,0,Clear,Highway,1,0
33,8.6,94,0,0,84.9,101.7,3.59,13.3,31.2,28.9,10,899336,2,0,Rain,City,1,0
53,3.7,72,2,1,52.6,88.3,2.76,13.04,39.1,35.0,14,543140,1,0,Clear,Highway,0,0
36,9.8,46,0,1,100.0,99.4,4.42,13.19,48.5,35.8,9,856852,0,0,Clear,Highway,1,0
37,2.2,109,1,1,55.2,91.9,3.72,12.74,54.3,37.5,8,744610,2,0,Clear,Mountain,0,0
43,9.6,107,0,3,100.0,89.2,3.69,12.84,42.3,32.5,3,652226,2,0,Fog,City,1,0
49,11.0,35,2,1,92.9,90.0,3.07,12.86,33.9,34.4,1,626499,1,1,Clear,City,1,0
41,5.2,92,1,0,65.2,82.6,2.24,12.62,44.7,37.0,1,506052,0,0,Rain,Mountain,0,0
54,7.9,37,1,3,90.3,88.5,3.74,12.6,33.5,29.4,10,627030,1,1,Clear,City,0,0
31,5.7,97,0,2,66.4,81.7,3.87,12.84,41.4,32.6,14,698525,1,0,Clear,Highway,0,0
53,5.8,55,0,3,61.2,88.2,2.78,12.82,30.7,29.1,8,385560,0,0,Clear,Mountain,0,0
54,4.4,57,1,2,69.0,93.6,3.66,12.71,35.2,33.1,14,657268,0,2,Fog,City,0,0
23,9.4,43,0,2,98.5,100.5,4.43,12.69,59.9,32.3,10,215169,0,1,Rain,Highway,1,0
54,11.3,89,7,2,100.0,103.9,2.48,12.96,50.5,31.1,7,486604,0,0,Rain,City,1,0
54,11.3,53,1,5,100.0,91.9,3.92,12.54,36.6,34.8,13,456408,0,1,Fog,Highway,1,0
34,2.9,96,4,0,47.9,83.0,3.4,11.99,38.4,30.7,7,149716,0,0,Clear,Mountain,0,0
51,10.6,73,2,2,98.4,91.6,4.46,12.7,47.7,31.8,13,540549,0,1,Clear,City,1,0
54,9.1,61,4,2,85.2,90.7,4.58,12.15,38.6,36.4,3,464255,0,0,Rain,Highway,1,0
34,3.8,80,2,2,42.4,102.5,3.56,13.12,51.7,39.1,13,101891,0,0,Clear,Highway,0,0
47,1.7,68,2,2,45.4,99.0,3.5,12.31,29.4,37.3,15,287802,0,0,Fog,City,0,0
43,3.9,67,2,0,57.1,93.9,3.28,12.35,41.4,33.8,6,686957,1,0,Rain,Highway,0,0
23,11.0,84,4,3,100.0,104.2,2.44,12.81,35.6,35.2,10,255133,0,1,Clear,Highway,1,0
59,8.0,54,1,1,86.0,88.0,3.89,12.59,44.0,33.9,5,371203,1,0,Rain,Highway,0,0
47,8.9,74,2,0,84.4,97.0,3.56,13.19,42.9,26.9,5,785383,1,0,Fog,City,1,0
36,3.8,92,3,3,42.5,88.0,2.74,12.5,42.2,28.1,13,616939,1,0,Clear,Highway,0,0
55,8.9,65,5,1,100.0,88.2,1.53,12.45,45.4,32.1,6,785910,1,0,Rain,Mountain,1,0
32,1.3,72,1,1,34.9,75.5,4.05,12.22,44.2,38.8,8,311814,1,0,Clear,City,0,0
24,5.1,79,2,4,58.1,92.8,3.14,12.01,32.9,29.4,9,886426,1,1,Clear,Highway,0,0
27,7.9,75,0,1,83.4,93.0,4.18,12.34,41.1,35.2,5,184225,0,0,Clear,City,0,0
30,2.6,43,3,4,50.8,90.9,2.14,12.81,41.1,29.3,10,719170,2,1,Clear,Highway,0,0
27,10.1,43,3,2,100.0,95.6,3.57,13.24,41.6,35.7,7,517664,0,0,Clear,Highway,1,0
30,3.6,97,0,2,47.9,100.0,3.47,13.03,59.6,34.7,1,312808,1,2,Clear,Highway,0,0
52,8.2,56,1,1,85.1,91.9,3.29,12.31,42.2,29.2,13,491704,2,0,Clear,Highway,1,0
53,5.5,50,0,2,58.1,96.8,5.08,12.68,55.1,33.3,5,509220,0,0,Rain,Highway,0,0
33,7.6,66,0,0,81.0,95.0,3.66,12.61,26.4,35.0,10,425066,2,0,Clear,Highway,0,0
29,2.2,100,1,1,34.7,100.6,1.77,13.18,37.3,33.7,3,600915,0,1,Rain,Highway,0,0
29,1.2,48,3,7,29.1,96.3,3.1,13.26,40.0,36.6,10,364290,1,0,Fog,Mountain,0,0
49,11.0,72,2,4,100.0,106.6,1.89,11.63,54.3,35.2,12,355768,1,1,Clear,City,1,1
41,4.0,42,5,2,38.6,94.1,4.92,13.3,24.5,38.5,2,244849,1,1,Clear,Mountain,0,0
28,10.0,55,2,0,100.0,84.5,3.75,11.82,49.7,37.8,3,422806,1,0,Rain,City,1,0
32,12.0,90,2,4,100.0,102.1,3.34,12.74,46.3,34.5,10,649313,0,2,Fog,Mountain,1,0
41,3.3,80,2,2,43.7,97.1,2.09,11.56,46.3,35.5,9,391499,0,2,Clear,City,0,0
37,3.9,77,1,2,48.0,95.8,3.67,13.11,40.4,32.4,9,787810,1,1,Clear,City,0,0
25,8.3,80,2,1,72.5,79.7,4.55,12.43,43.2,34.2,2,344865,1,0,Clear,Mountain,1,0
27,11.6,82,1,3,100.0,103.9,4.09,12.94,41.6,35.0,15,368606,1,0,Clear,City,1,0
43,11.1,104,0,3,100.0,100.0,4.05,12.46,36.5,31.4,9,433115,3,1,Fog,Highway,1,0
47,6.5,65,4,1,71.1,94.5,4.93,13.09,49.2,37.6,3,106098,3,0,Rain,Mountain,0,0
24,9.7,67,1,2,100.0,69.2,5.03,11.77,42.6,31.9,12,75123,0,0,Fog,Highway,1,1
35,2.5,78,3,1,30.1,89.3,3.61,12.9,35.7,33.9,12,771652,1,0,Clear,Mountain,0,0
32,11.8,105,1,0,100.0,107.3,4.09,12.81,45.3,32.5,3,645185,0,0,Fog,City,1,0
39,11.6,42,2,4,100.0,95.8,5.21,12.79,40.3,37.4,5,433371,2,1,Rain,Highway,1,0
33,2.8,107,2,1,35.6,82.3,2.5,12.86,38.4,28.9,13,440139,0,1,Rain,Mountain,0,0
44,4.3,36,1,4,51.5,87.5,3.98,13.17,28.4,29.2,4,544811,0,1,Clear,Highway,0,0
33,2.1,51,2,3,32.6,88.8,2.48,13.09,37.8,31.2,1,406523,0,0,Clear,Highway,0,0
34,4.0,86,0,1,50.7,101.0,3.13,11.89,37.4,31.9,1,521782,1,0,Clear,Highway,0,0
46,10.0,79,2,3,100.0,79.9,4.84,12.66,44.4,33.2,5,739451,3,0,Rain,Highway,1,0
40,5.2,71,1,1,40.5,100.5,2.66,12.78,38.9,29.2,4,370419,0,0,Rain,Highway,0,0
57,2.0,76,1,0,30.7,98.3,4.59,12.57,63.5,33.8,8,428298,2,0,Clear,City,0,0
29,4.8,78,0,2,64.7,109.9,2.89,12.68,29.7,29.1,2,116973,2,0,Clear,City,0,0
50,11.8,72,3,0,100.0,96.3,4.6,12.84,32.0,33.4,8,892767,1,2,Clear,Highway,1,0
53,7.9,40,1,3,75.4,82.1,4.96,12.98,37.7,36.6,6,758431,0,0,Fog,City,0,0
39,5.6,102,2,2,85.9,91.6,2.59,12.89,44.9,35.6,10,99747,0,1,Fog,Highway,1,0
27,2.8,85,1,2,69.4,84.1,4.14,13.03,39.4,32.0,9,738252,1,0,Fog,City,0,0
39,11.8,69,5,2,100.0,95.1,4.61,13.58,37.1,31.2,11,603005,2,1,Rain,Mountain,1,0
40,10.0,92,1,4,90.1,105.9,3.07,12.5,32.4,40.7,6,161492,0,1,Clear,Mountain,1,0
43,4.1,91,4,0,50.3,85.1,4.07,12.53,45.4,35.1,7,842286,3,2,Clear,Mountain,1,0
58,1.8,107,1,0,23.1,99.5,2.3,12.95,63.9,35.0,8,276577,1,1,Clear,City,0,0
53,1.6,40,0,2,36.8,87.0,5.69,12.6,33.5,36.0,13,782587,1,1,Fog,Highway,0,1
24,2.3,47,3,3,44.2,79.6,2.76,12.43,46.6,34.7,1,682021,2,0,Clear,Highway,0,0
49,7.4,93,3,3,89.1,104.8,3.21,12.37,54.6,34.7,14,563830,3,0,Rain,Highway,1,1
31,11.2,64,2,1,100.0,93.9,3.37,12.91,43.1,34.1,11,849553,0,0,Clear,Highway,1,0
56,6.5,36,3,1,74.3,95.9,3.58,12.83,44.7,34.0,11,837065,0,0,Clear,Highway,0,0
50,10.3,92,2,0,92.3,98.9,3.95,13.53,41.4,32.2,7,403721,1,0,Clear,City,1,0
36,5.9,70,2,2,55.0,78.4,3.93,12.09,56.3,32.8,15,659602,0,0,Clear,City,0,0
54,8.8,106,1,2,70.2,89.9,2.39,12.1,48.4,37.6,7,549630,0,0,Fog,City,1,0
28,9.1,79,2,4,93.6,78.9,2.25,12.63,51.1,35.6,13,138906,0,0,Rain,City,1,0
33,2.9,43,3,3,51.8,87.8,5.2,12.21,41.0,30.6,3,66969,4,1,Clear,Highway,0,0
51,5.0,99,1,0,71.5,101.2,4.66,11.71,47.4,35.8,7,746926,0,0,Clear,Highway,1,1
42,8.0,84,2,2,92.4,95.6,2.2,12.39,41.4,32.8,11,391940,0,0,Clear,Highway,0,0
52,1.8,66,2,2,30.7,87.1,3.9,13.68,48.2,30.8,14,153986,0,0,Rain,City,0,0
45,5.0,77,2,1,78.6,92.2,4.31,13.84,38.8,34.3,13,115964,1,0,Rain,Highway,0,0
41,6.9,88,2,5,65.7,90.8,5.56,12.87,51.4,30.5,14,478463,1,1,Rain,Highway,0,0
58,12.0,81,1,0,100.0,94.5,3.03,12.04,46.4,30.3,4,211523,0,0,Clear,Highway,1,0
25,6.2,48,2,0,77.3,87.0,4.52,12.21,38.3,36.9,6,300773,1,2,Clear,City,0,0
49,10.0,82,0,3,100.0,91.0,4.23,12.65,49.0,29.4,2,747355,1,0,Clear,City,1,0
41,5.8,89,3,2,84.3,93.2,2.81,12.35,39.5,33.6,4,556062,1,0,Rain,Highway,1,0
45,9.8,63,3,3,100.0,95.4,3.16,12.68,32.1,35.7,10,405254,1,1,Fog,City,1,0
53,7.5,81,1,3,87.3,93.8,2.75,12.62,39.8,30.6,10,863409,2,1,Rain,Mountain,0,0
57,10.8,97,3,1,100.0,78.9,3.86,11.99,39.8,36.3,13,754556,1,1,Clear,City,1,0
55,5.5,53,6,4,61.2,81.9,1.95,12.58,32.7,34.9,4,642475,2,0,Fog,Highway,0,0
57,7.6,43,4,4,72.8,97.0,3.28,12.83,46.0,43.4,15,403726,0,0,Fog,Highway,1,0
23,7.9,71,1,0,85.9,90.0,3.14,12.41,45.4,33.5,14,607739,1,0,Fog,Highway,0,0
36,5.6,86,1,3,47.8,88.4,1.46,13.07,41.9,38.7,5,152158,2,0,Clear,Mountain,0,0
55,2.6,91,0,5,37.7,90.0,3.81,12.63,48.5,29.5,6,852171,1,0,Fog,Mountain,0,0
57,2.0,62,0,2,30.7,90.0,4.18,12.53,39.1,30.7,4,130610,0,0,Clear,City,0,0
27,1.2,70,2,0,35.4,77.9,2.05,12.63,30.1,36.4,11,125152,3,0,Clear,Highway,0,0
33,10.6,98,1,1,100.0,105.8,3.5,12.33,36.8,31.4,6,421685,3,1,Clear,Mountain,1,0
24,3.6,52,2,1,63.7,91.1,2.12,12.8,35.3,31.7,9,860570,2,2,Rain,City,0,0
39,3.3,69,5,3,54.6,92.1,3.62,12.17,39.1,38.7,12,560873,1,0,Clear,Mountain,0,0
42,9.1,102,5,1,86.4,92.6,4.67,13.79,42.8,35.1,4,629996,1,1,Clear,Mountain,1,0
36,4.5,73,2,0,62.7,99.7,2.99,13.61,58.2,34.7,15,599619,0,1,Rain,Highway,0,0
54,6.6,42,3,2,55.5,97.5,3.21,12.56,29.7,34.0,11,239528,1,0,Clear,Highway,0,0
56,2.8,49,2,2,49.7,91.4,5.61,12.88,49.1,34.3,7,434003,2,0,Clear,City,0,0
47,11.6,41,2,0,100.0,85.0,2.76,12.9,34.0,27.8,11,498041,0,0,Fog,Highway,1,0
29,10.4,51,0,2,97.1,101.9,2.56,12.9,45.7,33.6,7,738279,4,0,Clear,Highway,1,1
57,10.5,98,2,3,100.0,92.4,3.49,12.94,36.9,31.0,8,90948,1,3,Rain,City,1,0
51,5.5,46,1,0,67.9,96.8,5.92,12.98,43.9,36.1,2,109410,2,0,Fog,City,0,0
44,9.4,90,4,1,93.3,83.3,3.75,12.95,55.1,31.0,1,813944,0,0,Fog,Highway,1,0
35,2.6,80,0,2,51.0,97.2,2.84,12.21,30.1,31.4,9,287146,2,0,Clear,Highway,0,0
35,1.1,81,4,1,43.5,80.6,4.1,12.82,44.5,29.0,9,428578,2,2,Clear,City,0,0
23,1.2,50,6,0,19.6,88.8,4.25,12.23,44.8,35.0,14,652606,1,2,Clear,Mountain,0,0
58,7.5,103,3,1,72.9,93.1,4.11,12.86,50.2,37.4,4,332984,1,0,Clear,City,1,0
26,6.0,36,2,1,76.1,105.9,4.28,13.07,42.6,30.4,4,404444,0,0,Clear,City,0,0
59,6.7,88,2,2,76.7,97.3,4.44,12.79,69.6,31.1,13,267054,1,0,Rain,Mountain,1,0
35,1.1,61,1,1,10.2,103.5,3.37,12.97,51.5,36.1,10,215951,1,0,Clear,City,0,0
46,5.6,65,2,5,82.6,95.7,3.37,12.71,47.1,32.9,11,393179,0,1,Clear,City,0,0
41,8.9,75,2,3,86.4,83.1,4.34,13.52,44.9,33.7,3,244076,1,1,Rain,Highway,1,0
23,5.9,70,2,1,57.2,83.2,1.06,12.81,46.7,34.6,3,895212,2,0,Clear,Highway,0,0
27,9.1,81,2,2,92.9,98.1,0.91,12.14,43.1,32.3,5,386085,1,1,Clear,City,1,0
38,3.6,77,3,3,57.8,84.0,2.9,12.36,43.2,31.9,5,800152,0,0,Clear,City,0,0
46,9.9,99,2,2,100.0,79.6,3.16,12.82,29.9,30.3,4,757268,1,1,Rain,Mountain,1,0
49,7.5,84,1,3,80.6,84.2,4.19,13.26,46.7,30.0,13,56013,0,0,Clear,City,0,0
23,3.3,35,2,3,71.8,94.1,3.02,12.8,46.6,27.4,5,198067,1,1,Rain,City,0,0
56,3.6,106,2,3,77.0,85.6,4.67,12.71,44.8,33.5,3,258908,0,1,Clear,Mountain,1,0
58,7.9,91,3,2,87.7,102.0,3.64,12.04,45.0,33.5,6,518097,0,0,Rain,City,1,0
26,10.1,50,2,1,100.0,95.4,2.72,13.55,48.1,34.4,8,130643,1,2,Clear,Mountain,1,0
22,5.6,62,3,2,61.4,93.5,4.76,11.94,45.7,35.7,6,728473,0,3,Clear,Highway,0,0
33,3.8,56,1,0,48.9,95.1,3.78,11.83,42.7,33.7,13,894640,1,0,Clear,Highway,0,0
57,10.5,75,3,2,100.0,96.8,2.2,12.36,44.6,28.8,7,535633,0,0,Rain,Mountain,1,0
44,8.4,53,3,2,90.6,96.9,4.26,12.9,51.8,30.9,8,439244,0,0,Rain,Highway,1,0
52,5.9,84,4,1,75.9,85.5,4.26,12.4,53.7,30.0,7,596494,2,0,Fog,City,0,0
32,6.4,93,3,2,78.1,102.1,2.22,12.29,34.1,30.1,10,872027,1,1,Clear,City,1,0
31,3.2,103,2,2,51.7,97.0,3.61,12.19,38.9,34.7,15,849887,1,0,Rain,Highway,0,0
24,7.9,68,1,2,94.1,88.8,4.1,13.48,49.6,33.2,5,863115,0,0,Clear,Highway,0,0
35,4.9,73,5,4,67.5,98.2,1.83,12.77,46.5,30.3,15,90162,0,1,Rain,City,0,0
37,12.0,108,0,2,100.0,81.3,4.56,13.05,36.9,35.2,6,478471,0,0,Rain,Highway,1,0
31,6.3,41,0,3,88.8,98.8,2.81,13.63,42.5,32.4,6,425624,1,0,Clear,Highway,0,0
50,6.3,86,3,1,57.2,94.3,2.63,13.61,48.3,30.8,9,798251,0,0,Clear,Highway,0,0
31,7.2,94,4,3,80.4,74.8,3.22,12.15,57.3,34.2,5,579587,0,1,Clear,City,1,0
33,11.1,86,2,1,100.0,108.0,4.2,12.72,60.8,37.1,4,337247,1,0,Clear,City,1,0
51,9.8,58,5,2,100.0,81.5,4.5,12.99,27.5,31.1,2,350519,4,0,Fog,Mountain,1,0
22,6.0,60,1,0,51.7,96.6,5.17,12.65,48.8,30.2,13,648738,1,0,Clear,City,0,1
26,8.9,44,0,2,93.5,103.3,2.61,12.26,37.0,34.3,4,403738,0,0,Clear,Mountain,1,0
41,7.4,51,3,2,84.0,71.1,3.87,11.27,51.2,33.5,14,441397,0,1,Clear,Highway,0,0
29,6.4,36,2,0,83.4,93.9,4.18,13.27,31.0,31.7,2,419837,2,0,Clear,Highway,0,0
33,3.1,61,2,2,40.6,99.1,3.98,13.52,36.5,31.2,13,746606,4,0,Fog,Mountain,0,0
22,6.1,107,1,0,96.7,100.9,2.52,12.97,40.6,33.4,7,199504,2,0,Rain,Highway,1,0
41,3.7,105,2,2,43.7,101.7,3.76,12.59,47.4,29.5,10,554811,1,0,Clear,City,0,0
49,11.1,82,2,5,97.4,99.4,3.82,12.32,39.0,31.8,6,71942,0,1,Clear,Highway,1,0
58,4.7,108,5,1,63.7,89.3,2.87,12.66,36.2,30.9,6,168740,3,0,Clear,Highway,0,0
58,11.5,43,3,2,100.0,95.7,3.98,13.27,28.3,30.3,1,782110,0,1,Rain,City,1,0
33,6.9,57,0,3,93.6,108.1,3.71,12.88,36.7,33.8,3,264543,1,1,Fog,City,0,0
58,7.9,105,4,2,67.3,102.1,2.15,11.51,47.4,38.6,13,536467,3,1,Rain,City,0,1
49,7.0,107,1,1,76.4,86.7,4.13,13.4,53.9,28.4,2,405415,0,1,Rain,Highway,1,0
36,2.4,61,5,1,47.4,100.5,3.61,12.94,33.7,35.6,4,775159,0,0,Clear,Highway,0,0
27,5.1,105,1,1,54.1,102.9,1.61,12.06,34.4,33.3,9,553824,1,0,Clear,Highway,0,0
41,2.1,77,5,0,22.9,85.0,3.2,12.9,36.1,21.2,11,163653,1,0,Clear,Highway,0,0
35,7.9,41,1,3,97.7,91.8,3.62,12.7,41.1,31.9,12,816562,2,1,Clear,Mountain,0,0
23,5.9,97,1,0,58.8,89.7,2.78,12.7,43.6,43.3,8,285895,0,1,Rain,Mountain,0,0
30,9.6,78,3,1,100.0,99.4,3.81,12.1,39.5,26.9,1,85609,1,1,Rain,Highway,1,0
58,3.4,73,1,0,38.0,88.7,3.21,12.47,29.4,36.6,13,687730,0,1,Clear,City,0,0
41,2.8,74,1,2,39.2,87.0,4.53,11.79,25.7,34.3,12,836894,2,0,Clear,Highway,0,1
47,5.5,41,2,2,71.6,100.7,3.77,13.21,38.1,30.3,7,686302,1,1,Clear,Highway,0,0
50,11.2,104,3,1,100.0,82.4,5.4,12.17,46.3,34.5,10,109802,3,0,Rain,Highway,1,0
22,8.8,59,1,2,81.1,93.5,2.06,13.16,42.1,34.3,14,428183,0,0,Clear,Mountain,1,0
56,5.6,93,4,1,70.1,86.2,3.82,12.91,55.5,32.8,1,880708,1,0,Clear,City,1,0
27,6.7,47,0,4,51.9,100.7,3.52,12.4,29.8,32.1,9,197086,1,1,Rain,Highway,0,0
58,1.9,96,2,1,23.2,87.1,3.92,12.23,42.8,31.8,13,543684,0,1,Clear,Highway,0,0
26,11.8,42,1,1,100.0,92.3,4.81,12.7,53.2,33.9,9,577815,1,0,Rain,City,1,0
54,8.3,79,2,3,84.7,72.9,2.07,13.14,39.6,34.6,3,677971,0,0,Fog,Highway,1,0
35,4.1,52,2,3,60.0,92.0,4.11,13.01,31.8,35.9,2,813160,2,0,Rain,City,0,0
33,7.4,94,2,4,86.1,90.6,3.84,12.88,20.4,32.5,8,312626,1,0,Clear,Mountain,1,0
41,2.2,94,3,2,34.2,92.6,2.59,12.52,39.5,34.1,6,229335,0,0,Clear,Highway,0,0
45,11.6,36,3,1,100.0,102.4,4.69,13.01,37.9,29.1,13,834816,1,1,Clear,Mountain,1,1
55,2.9,100,3,2,31.5,96.8,3.56,11.83,36.8,27.8,15,848096,1,0,Clear,Highway,0,1
46,8.1,48,2,4,86.1,95.2,2.76,12.72,44.4,31.7,3,195349,3,0,Clear,Mountain,1,0
50,3.7,82,4,0,44.7,86.1,3.93,12.6,56.5,29.5,13,227002,1,0,Clear,City,0,0
52,8.9,90,3,1,100.0,109.1,4.46,11.99,31.0,33.0,5,643413,0,1,Clear,Highway,1,1
44,9.5,46,6,1,89.0,77.3,3.82,12.43,34.3,34.2,10,178896,1,2,Rain,Highway,1,0
59,8.4,89,3,2,92.3,82.4,3.07,13.45,40.8,33.3,9,338834,1,1,Fog,Highway,1,0
41,7.8,62,1,2,79.7,85.9,2.71,12.89,47.8,31.4,13,764931,1,0,Rain,City,0,0
44,10.8,38,2,4,100.0,93.5,2.69,13.07,38.9,30.5,12,808472,1,0,Clear,Mountain,1,0
37,1.9,70,7,2,21.6,92.3,4.29,12.38,46.7,35.1,8,720670,0,0,Clear,City,0,0
29,4.6,84,2,1,55.5,86.0,4.44,11.76,30.5,36.2,10,221047,0,0,Clear,Highway,0,0
42,3.7,37,1,1,55.5,93.4,3.25,13.35,42.4,33.0,2,766431,2,0,Clear,City,0,0
22,11.9,35,5,2,100.0,101.3,5.83,12.23,41.9,30.7,15,714649,0,0,Clear,Highway,1,1
29,5.3,51,3,1,67.4,92.4,3.26,12.44,54.5,35.3,4,868253,0,2,Clear,Highway,0,0
50,9.1,105,5,5,84.5,81.9,3.43,11.93,51.1,29.3,10,536287,0,1,Clear,City,1,0
53,8.5,96,2,2,84.5,91.2,3.1,13.3,42.9,29.8,13,654174,0,2,Clear,Highway,1,0
59,3.3,82,0,2,46.2,85.5,3.38,12.77,34.4,34.9,11,693929,1,0,Clear,Highway,0,0
26,3.6,96,0,1,56.6,80.8,3.46,12.53,23.3,28.2,9,621913,0,1,Fog,Highway,0,0
43,4.1,103,1,3,66.8,92.3,4.08,12.91,34.9,29.2,14,563419,2,0,Rain,Highway,0,0
55,5.5,53,2,1,45.4,84.8,3.31,12.41,59.5,36.6,15,195700,0,1,Clear,Mountain,0,0
22,3.6,68,3,2,45.6,89.4,4.11,12.3,27.5,28.1,15,258639,0,1,Clear,Mountain,0,0
47,1.2,83,2,0,23.0,95.4,1.9,12.01,34.7,32.0,8,495709,2,0,Clear,Highway,0,0
31,10.7,81,2,0,97.9,94.6,2.88,11.95,43.0,38.3,3,664808,0,1,Clear,Highway,1,0
51,11.6,84,3,4,100.0,101.6,3.18,13.14,52.1,34.8,2,364077,2,0,Clear,Highway,1,0
39,4.8,60,1,0,58.7,78.2,3.25,13.23,31.8,29.9,4,609261,2,1,Fog,City,0,0
38,4.7,90,7,0,46.4,90.4,1.67,11.75,45.7,34.1,2,381706,3,0,Rain,Highway,0,0
47,1.1,48,2,1,17.1,100.1,4.39,12.57,35.7,34.3,10,594702,0,1,Clear,Mountain,0,0
29,8.5,59,6,2,92.6,78.6,2.03,12.65,32.2,29.7,7,639666,2,0,Clear,City,1,0
33,10.1,38,1,3,89.9,90.6,2.87,12.27,37.2,34.6,10,851742,2,0,Clear,Highway,1,0
48,2.6,66,0,1,33.9,93.6,3.47,12.19,41.6,37.0,6,623662,2,1,Clear,Highway,0,0
29,2.8,99,1,2,51.6,83.2,5.54,12.65,31.8,37.7,1,830901,1,0,Rain,Highway,0,0
46,9.7,95,6,4,99.3,86.6,3.45,12.25,50.9,34.4,2,63179,2,1,Fog,Highway,1,0
25,7.8,54,2,2,97.9,82.5,3.95,12.62,53.6,35.4,10,637250,0,1,Rain,Highway,0,0
54,1.5,108,2,1,30.9,94.2,2.02,12.06,36.3,30.3,14,138721,0,0,Clear,Highway,0,0
22,7.8,44,1,1,100.0,72.0,2.66,12.31,48.2,38.2,8,703126,1,0,Rain,City,0,0
40,4.4,68,1,1,53.4,85.9,2.8,12.46,29.8,30.4,10,613650,1,0,Fog,Mountain,0,0
52,5.1,95,1,2,72.8,86.2,2.97,12.43,40.5,31.0,12,275284,1,0,Clear,Highway,1,0
37,9.5,61,1,2,87.6,99.3,4.52,13.17,48.7,31.7,8,63400,1,0,Clear,Mountain,1,0
35,9.9,74,2,1,92.7,79.5,2.95,12.32,47.7,31.4,13,758367,0,1,Clear,Highway,1,0
26,5.4,99,2,0,80.1,102.4,4.11,13.07,43.2,29.5,6,632862,1,0,Clear,Highway,1,0
47,11.4,67,2,2,100.0,98.0,2.73,11.11,51.6,32.2,10,577187,1,1,Rain,Highway,1,0
49,5.5,102,0,2,61.8,100.4,3.22,12.6,36.1,37.6,10,526200,2,2,Fog,Highway,0,0
23,9.5,105,1,2,89.4,88.6,1.1,11.55,42.7,31.1,14,245259,0,0,Fog,Highway,1,0
27,6.3,43,4,2,81.6,88.6,3.43,13.22,42.4,31.3,7,70565,0,0,Clear,Highway,0,0
30,10.9,50,5,2,95.1,85.7,3.49,13.61,45.4,37.2,2,109810,1,0,Clear,Highway,1,0
54,11.0,39,2,1,100.0,96.6,3.31,12.58,46.8,27.0,1,195690,2,0,Clear,Highway,1,0
46,2.0,57,4,1,38.4,89.2,5.47,13.46,31.6,35.4,12,645211,1,1,Clear,Highway,0,1
34,11.3,77,0,3,100.0,85.5,3.43,12.2,47.5,32.3,11,461799,1,2,Clear,City,1,0
30,10.1,91,3,1,100.0,89.2,0.78,13.09,32.4,34.5,6,482281,1,0,Clear,Highway,1,0
34,9.7,85,6,2,100.0,95.0,2.28,13.02,49.4,33.9,13,156867,0,0,Rain,City,1,0
52,3.2,47,0,2,43.4,81.9,3.46,12.52,56.0,37.2,10,590123,1,0,Clear,Highway,0,0
32,9.9,58,6,2,92.1,84.4,3.42,12.6,38.0,29.6,11,776291,0,1,Rain,Highway,1,0
25,10.4,45,2,5,100.0,102.8,2.69,12.77,34.5,29.0,3,733185,1,1,Clear,City,1,0
55,4.2,86,3,0,52.7,84.7,2.48,12.7,55.3,34.1,1,81861,0,0,Fog,Mountain,0,0
59,11.5,51,3,2,100.0,103.6,4.89,12.77,41.5,29.6,1,104991,1,0,Fog,Mountain,1,0
25,1.5,71,0,4,41.1,87.8,4.49,13.67,31.2,35.4,15,304625,1,0,Fog,City,0,0
59,2.6,47,1,1,44.3,81.2,4.63,13.6,34.6,34.3,14,59823,0,0,Clear,Mountain,0,0
40,6.9,96,1,2,89.5,103.0,2.87,13.02,35.1,34.0,3,542783,1,0,Fog,Highway,1,0
27,7.3,42,1,1,63.9,106.0,4.2,13.63,51.6,31.0,10,859245,2,1,Clear,City,0,0
55,8.1,90,2,1,90.4,87.4,0.93,12.05,33.9,32.9,13,494898,0,0,Rain,Mountain,1,0
39,1.2,104,6,1,30.6,100.7,3.08,13.01,23.3,32.3,7,761349,1,1,Clear,City,0,1
34,11.6,78,2,0,100.0,92.8,2.95,13.03,41.6,38.1,2,756962,3,2,Clear,Highway,1,0
44,1.5,94,3,0,29.2,93.3,3.25,12.39,44.4,32.2,4,276282,3,0,Fog,Mountain,0,0
40,2.6,75,2,2,51.9,94.5,3.62,13.68,46.6,31.0,4,778225,1,1,Clear,Highway,0,0
32,1.2,55,7,0,11.0,92.2,3.33,13.41,20.3,36.1,12,420237,0,0,Fog,Highway,0,0
22,7.2,76,3,2,82.3,92.8,2.37,12.87,40.5,30.2,6,669215,1,0,Clear,Mountain,0,0
45,11.3,108,1,1,96.1,92.0,2.76,12.25,38.6,38.5,15,705959,0,4,Clear,Highway,1,0
28,8.3,108,2,0,84.0,87.4,4.02,11.83,45.4,28.2,7,172910,2,0,Clear,City,1,0
46,10.0,63,2,6,99.5,86.3,3.85,12.08,26.1,38.4,14,522243,1,0,Clear,Mountain,1,0
42,1.1,99,2,0,45.0,82.8,5.09,13.42,43.2,33.0,2,775815,0,2,Clear,Highway,0,0
36,7.0,51,1,2,70.7,76.9,3.81,12.46,43.5,31.8,1,281110,2,1,Clear,City,0,0
22,6.1,64,1,2,69.3,91.3,4.99,13.18,51.1,38.2,6,835806,0,0,Clear,Highway,0,0
33,6.5,60,1,2,59.7,85.3,2.05,12.78,44.8,32.2,3,836881,0,0,Clear,City,0,0
28,1.8,87,1,1,39.5,78.9,4.09,11.59,47.6,29.9,11,802254,2,0,Clear,Highway,0,0
36,8.5,53,2,2,74.7,85.4,4.26,12.47,32.1,32.8,6,208438,1,1,Clear,Mountain,1,0
42,6.5,87,2,1,54.2,87.7,3.98,12.12,41.1,34.9,2,794051,1,0,Fog,Mountain,0,0
40,9.4,51,2,2,80.1,87.6,2.3,13.02,52.4,32.8,10,833829,0,0,Rain,City,1,0
50,6.3,80,0,2,67.6,103.1,3.82,13.04,38.0,32.1,13,807527,1,0,Rain,City,0,1
46,2.6,87,2,3,38.5,87.2,3.14,12.51,48.2,32.1,7,492328,2,1,Clear,Highway,0,0
54,8.1,98,5,1,96.1,103.6,4.08,13.37,34.2,34.7,15,275084,0,0,Clear,Highway,1,0
53,2.9,79,2,2,58.4,86.0,3.41,13.14,40.1,29.5,12,727117,2,1,Rain,Highway,0,0
56,10.6,83,2,1,100.0,95.9,2.93,12.39,29.0,34.3,10,857307,0,1,Clear,Highway,1,0
59,7.7,53,2,2,93.1,84.0,5.78,12.87,41.3,37.6,13,89027,0,1,Rain,City,0,0
47,2.7,105,2,3,62.4,105.7,2.76,12.2,35.2,37.3,8,184770,1,0,Clear,Highway,0,0
32,11.6,99,2,3,100.0,101.8,3.78,12.43,51.1,37.4,5,109681,1,0,Fog,Highway,1,0
56,6.7,71,4,0,78.3,98.0,4.05,12.9,58.2,30.4,14,855101,2,0,Fog,Highway,0,0
29,1.8,104,4,5,52.7,107.8,3.21,12.63,28.1,38.0,15,435101,0,0,Clear,Highway,1,1
35,7.9,60,3,4,72.1,99.0,4.64,11.89,32.1,32.6,9,94369,3,0,Fog,Highway,0,0
31,3.8,36,2,0,59.8,95.5,4.36,12.81,49.3,34.2,6,586610,0,0,Rain,Highway,0,0
23,9.8,93,1,2,97.9,81.2,1.81,12.44,35.8,33.0,12,327167,0,0,Rain,Highway,1,0
30,10.0,39,1,3,100.0,73.2,4.12,12.2,41.3,31.1,3,221180,1,0,Clear,Highway,1,0
24,11.8,71,2,1,100.0,81.6,5.27,12.05,54.0,33.5,15,624166,1,0,Fog,Highway,1,1
42,6.5,65,3,5,70.4,78.5,2.74,12.5,54.3,35.4,2,705061,0,1,Clear,Highway,0,0
47,6.0,82,2,3,56.0,85.6,2.12,12.73,31.5,34.7,7,627456,0,0,Clear,Highway,0,0
29,9.3,40,2,1,100.0,100.8,3.2,12.48,57.4,34.2,1,830318,0,1,Clear,Mountain,1,0
23,2.5,49,2,1,35.3,83.5,3.47,12.75,47.3,30.6,15,555372,0,0,Clear,Highway,0,0
27,7.0,49,4,2,77.2,88.3,3.53,12.47,50.0,32.5,1,366696,0,0,Fog,Highway,0,0
49,7.0,95,4,4,64.8,92.5,4.55,12.9,36.6,33.8,8,687151,0,0,Clear,City,1,0
50,2.0,50,4,2,32.4,92.7,2.81,12.53,35.8,28.2,13,429102,0,1,Clear,Highway,0,0
47,5.6,54,4,1,75.0,87.3,4.03,11.78,28.0,34.8,6,551904,2,0,Clear,City,0,0
46,10.4,78,1,2,100.0,101.5,4.27,12.0,32.0,34.3,14,323390,1,0,Clear,Highway,1,0
33,10.4,76,1,3,95.7,92.2,3.6,12.34,47.4,37.3,3,281481,2,0,Clear,City,1,0
26,2.1,80,0,1,18.0,93.4,2.88,13.23,45.7,31.7,9,277457,0,0,Clear,Highway,0,0
55,2.0,68,1,2,42.9,111.8,2.34,12.12,48.3,32.8,12,55382,1,0,Clear,City,0,0
58,3.9,98,2,5,47.0,105.9,1.96,12.8,43.9,33.0,1,722917,3,0,Clear,Mountain,0,1
36,10.6,63,4,0,100.0,92.2,2.03,12.8,41.8,35.1,5,154410,1,1,Clear,Mountain,1,0
57,2.4,37,2,2,37.8,96.4,1.89,11.99,36.3,31.7,1,109890,2,0,Fog,City,0,0
36,8.9,43,2,0,86.9,84.6,5.02,12.47,39.7,36.7,13,374908,2,0,Rain,Highway,1,0
44,2.1,109,4,0,43.0,75.3,3.32,12.68,49.2,32.3,7,876335,0,0,Clear,Mountain,0,0
27,7.9,109,1,0,74.5,97.5,5.54,12.46,48.5,33.7,1,829860,2,0,Fog,Mountain,1,0
42,4.9,59,1,2,60.7,83.5,3.87,12.88,44.0,30.9,4,195506,1,0,Rain,Highway,0,0
44,9.7,76,3,1,100.0,96.5,1.96,12.86,34.5,29.5,2,660395,1,1,Clear,Mountain,1,0
37,3.6,80,1,3,62.3,109.2,3.3,12.71,38.1,32.7,10,338245,1,1,Rain,Highway,0,0
36,8.0,107,2,2,84.5,77.0,4.13,13.06,31.2,30.4,9,135641,0,0,Clear,Highway,1,0
46,3.6,93,1,2,36.9,73.8,3.81,12.6,39.1,29.9,3,584897,0,1,Clear,Mountain,0,0
57,8.9,55,0,2,97.9,84.7,3.06,12.66,28.6,32.9,6,568870,1,1,Rain,Mountain,1,0
32,10.6,108,4,5,95.9,98.5,4.39,12.74,39.3,29.0,7,717287,2,1,Rain,City,1,0
36,2.4,56,1,4,32.5,102.0,2.45,12.05,36.6,32.0,2,290952,0,0,Fog,Mountain,0,0
25,10.5,63,2,4,99.0,98.5,3.67,12.89,41.9,33.1,1,739647,1,2,Clear,Highway,1,0
42,7.5,97,0,1,78.2,94.3,4.29,12.29,35.7,36.2,2,475603,0,1,Clear,City,1,0
34,2.4,107,1,0,52.1,92.1,3.12,12.49,47.8,32.6,8,476159,0,1,Rain,Highway,0,0
43,5.7,95,1,2,72.1,93.0,3.99,12.87,28.8,34.2,13,621607,0,0,Rain,City,1,0
40,2.8,98,0,7,31.4,101.5,3.37,12.82,29.2,29.2,9,538505,1,0,Clear,Highway,0,0
55,8.7,103,0,1,100.0,86.8,3.7,11.89,39.8,29.3,8,868560,1,1,Clear,Highway,1,0
35,9.3,74,4,1,100.0,92.3,3.91,11.89,44.1,35.6,1,621748,0,1,Clear,City,1,0
25,2.2,109,1,2,41.8,82.8,3.2,12.1,38.7,30.9,2,131089,3,0,Fog,City,0,0
48,6.6,35,0,1,49.6,94.9,4.89,12.7,39.4,30.0,4,809591,0,1,Clear,City,0,0
50,10.0,99,0,1,91.6,92.1,3.75,13.25,42.7,30.0,15,658436,2,1,Rain,Highway,1,0
49,11.3,96,4,0,100.0,112.7,4.05,12.36,46.0,32.0,8,697429,0,1,Clear,City,1,0
56,6.6,88,4,1,89.4,80.2,4.63,12.13,38.6,34.9,14,196317,0,1,Clear,City,1,0
29,11.5,94,2,0,100.0,99.5,4.09,12.13,43.5,26.4,15,86598,2,0,Fog,City,1,0
37,6.9,80,2,2,65.5,87.9,2.55,12.82,49.9,40.9,9,646029,1,1,Clear,Highway,0,0
57,5.3,39,1,6,45.6,98.6,4.22,13.14,31.0,33.2,7,452467,0,1,Fog,Highway,0,0
51,10.3,56,1,1,100.0,98.0,3.75,13.11,52.1,30.4,8,254564,1,0,Rain,Highway,1,0
39,6.4,87,1,7,72.6,89.7,2.8,12.26,51.5,32.5,9,803205,2,0,Clear,Mountain,1,0
23,6.2,104,5,1,57.2,83.7,4.64,11.84,35.3,30.1,4,215319,0,1,Clear,Mountain,0,0
34,6.4,66,0,2,62.5,83.5,2.47,12.64,46.2,33.5,12,501187,0,0,Clear,Highway,0,0
25,10.3,45,5,1,100.0,92.8,2.95,13.34,29.7,30.6,4,690538,1,0,Rain,Highway,1,0
47,10.2,44,1,4,97.9,86.2,3.08,12.82,44.4,33.4,14,596435,0,0,Clear,Highway,1,0
46,5.4,73,1,3,60.2,90.2,2.22,11.92,52.9,31.5,11,295869,0,0,Clear,Highway,0,0
51,4.7,65,0,2,85.9,82.1,3.48,12.57,33.6,34.8,3,698967,0,1,Fog,Highway,0,0
32,6.4,46,1,1,67.8,96.1,2.84,12.1,35.9,38.2,7,796458,1,0,Fog,Mountain,0,0
28,7.3,72,2,3,68.3,84.9,3.73,12.76,44.9,30.9,14,850733,1,2,Clear,Highway,0,0
52,3.6,101,2,3,41.7,88.7,5.23,12.58,39.2,32.9,12,649258,2,2,Rain,Mountain,0,1
31,9.7,100,0,2,100.0,102.5,3.46,12.46,43.5,35.0,11,881420,1,0,Rain,Highway,1,1
34,6.4,86,3,2,66.5,93.2,3.98,12.28,61.6,36.7,4,814541,1,0,Rain,City,0,0
52,4.7,39,3,3,56.3,98.0,3.48,12.81,38.7,34.1,13,522868,0,0,Rain,Highway,0,0
28,2.2,45,3,4,37.2,84.4,3.18,13.2,29.5,30.7,14,637691,1,0,Fog,City,0,0
57,3.6,59,1,3,80.3,94.2,4.23,13.41,36.7,29.4,13,447954,1,0,Clear,City,0,0
41,11.4,69,1,3,100.0,95.4,2.56,12.81,43.5,33.8,1,739947,3,0,Clear,Mountain,1,0
25,4.4,69,2,4,45.7,84.3,4.5,13.24,31.8,35.0,14,472354,1,1,Rain,Highway,0,0
28,2.9,56,0,3,41.5,92.5,2.73,12.09,36.5,34.6,8,630197,2,0,Clear,City,0,0
22,6.1,71,2,2,76.8,88.6,4.85,12.43,51.5,34.9,1,307498,1,0,Clear,Highway,0,0
34,4.4,89,2,2,66.0,94.2,3.13,12.12,55.1,29.2,12,126502,1,0,Rain,Mountain,0,0
43,1.4,109,1,3,15.2,81.4,2.68,12.36,38.8,31.3,12,103560,1,0,Clear,Highway,0,0
42,4.6,106,0,2,42.6,83.6,3.6,12.09,39.1,32.5,3,545756,2,0,Rain,Highway,0,0
43,7.0,98,3,1,80.7,80.9,1.93,13.41,32.2,33.7,9,251977,1,1,Clear,City,1,0
49,7.1,54,2,2,70.4,82.8,2.43,12.41,44.0,33.8,11,527149,1,0,Clear,City,0,0
30,4.9,38,1,1,51.4,87.0,3.97,12.53,61.1,34.0,10,213496,1,1,Rain,Highway,0,0
47,5.9,52,1,0,69.1,96.1,4.68,11.83,39.1,27.1,12,683969,1,0,Rain,Highway,0,1
30,11.6,85,1,1,100.0,92.7,2.91,11.6,39.3,29.0,1,737725,2,1,Rain,Mountain,1,0
36,5.2,102,0,1,59.2,92.7,4.78,13.45,46.0,33.2,1,566935,0,1,Clear,Highway,0,0
31,3.8,54,3,2,31.0,84.2,3.09,12.48,38.4,33.5,3,301036,1,2,Clear,Mountain,0,0
45,3.7,43,3,5,44.3,91.8,3.68,13.75,38.5,32.5,13,655489,0,1,Clear,Mountain,0,0
29,6.0,60,2,1,56.4,102.1,3.69,12.52,53.1,34.2,12,310657,0,1,Clear,Highway,0,0
45,9.4,59,2,2,100.0,94.4,5.03,11.98,31.7,35.0,7,140926,0,0,Clear,Highway,1,0
37,3.3,102,1,1,66.9,98.5,4.38,12.61,33.3,29.7,12,363399,3,0,Clear,Highway,0,0
47,8.8,75,6,4,93.3,88.0,3.3,12.64,47.2,27.8,12,58336,0,0,Clear,City,1,0
48,1.2,93,1,0,34.0,88.2,5.94,12.67,40.8,31.8,13,84023,2,2,Clear,Highway,0,0
58,5.6,79,3,1,72.9,96.2,3.44,12.57,33.4,35.0,6,814979,0,2,Clear,Highway,0,0
25,9.5,75,1,3,100.0,84.5,3.52,11.84,44.3,33.8,15,654079,0,0,Clear,Highway,1,0
45,4.7,72,2,1,51.8,91.0,3.83,11.83,39.3,32.2,12,512709,1,0,Fog,Highway,0,0
40,7.2,53,1,1,77.1,93.5,3.08,13.18,43.4,36.7,13,589137,0,1,Rain,City,0,0
57,3.3,48,0,2,55.9,88.9,4.88,13.58,39.7,39.4,5,409712,2,1,Rain,Highway,0,0
31,9.2,55,2,0,84.2,85.2,3.4,12.46,30.2,35.2,11,308234,2,0,Clear,City,1,0
46,1.6,49,1,1,17.7,86.8,4.15,11.69,50.5,37.7,4,261692,2,0,Rain,Highway,0,0
39,10.4,37,2,3,98.5,81.0,0.76,13.2,55.5,28.5,5,503286,2,0,Rain,City,1,0
40,3.2,71,1,3,58.2,94.2,3.63,12.18,34.6,33.4,5,332166,1,3,Clear,Highway,0,0
57,10.6,80,3,3,100.0,98.7,3.16,12.77,54.9,31.4,11,494402,1,1,Clear,Mountain,1,0
31,4.9,50,1,1,54.5,88.0,3.57,12.34,41.2,35.1,12,790898,1,2,Clear,Highway,0,0
54,8.9,48,2,3,100.0,113.9,2.34,12.35,17.8,29.3,7,60014,0,1,Clear,Highway,1,0
26,4.5,43,3,0,61.5,85.9,3.32,12.17,45.4,32.9,10,866153,0,0,Rain,Highway,0,0
56,11.0,41,6,3,100.0,86.1,3.68,13.3,24.4,31.1,6,837179,1,0,Clear,Mountain,1,0
55,2.4,48,4,3,37.3,98.2,3.14,12.83,38.1,35.4,15,405039,4,0,Clear,Mountain,0,0
54,3.0,40,2,1,33.8,97.0,4.1,12.77,47.7,31.5,13,444555,2,0,Rain,City,0,0
42,6.4,49,2,1,72.6,97.4,3.56,12.62,45.8,28.3,15,205888,1,1,Clear,City,0,0
38,1.9,86,0,4,41.6,100.6,4.14,12.79,36.2,34.4,9,845441,0,1,Fog,Highway,0,0
43,3.2,106,2,0,21.0,84.5,4.48,12.01,47.0,35.6,14,91081,4,1,Clear,City,0,0
58,11.4,68,4,4,100.0,95.0,4.56,12.86,49.2,30.3,3,57867,0,0,Clear,Highway,1,0
36,11.7,35,1,1,100.0,80.8,3.12,13.2,37.2,35.0,7,258258,0,0,Clear,Mountain,1,0
56,5.1,103,2,3,57.4,100.5,3.1,12.71,39.3,33.3,6,733667,2,1,Fog,Highway,0,0
49,11.2,54,1,1,100.0,100.0,5.1,13.03,43.6,33.3,3,241415,0,0,Clear,Mountain,1,0
28,7.0,41,3,2,63.2,100.3,2.58,12.4,32.7,26.5,11,608964,1,1,Clear,Highway,0,1
53,4.0,41,4,1,46.7,91.6,3.08,12.8,35.5,36.4,7,170494,2,0,Rain,Highway,0,0
32,8.7,84,1,1,91.8,100.2,3.34,12.41,50.0,34.1,12,619345,1,0,Clear,Mountain,1,1
31,8.2,36,1,2,82.4,93.3,2.64,11.78,60.4,33.8,7,206902,0,1,Clear,Mountain,1,0
30,11.9,81,2,2,100.0,103.1,3.61,12.48,46.9,34.3,10,857927,0,0,Clear,Highway,1,0
35,3.9,48,3,1,50.0,89.5,4.72,13.16,44.1,33.7,1,247836,3,0,Clear,Highway,0,0
34,8.4,65,1,1,94.3,89.4,1.59,11.93,56.6,37.5,6,384812,1,1,Clear,Highway,1,0
46,1.6,84,3,4,21.9,95.4,2.98,13.42,34.6,36.3,14,462094,2,1,Clear,City,0,0
23,2.3,95,5,1,41.0,81.9,3.62,12.32,42.7,31.6,15,377986,1,0,Clear,Highway,0,0
56,1.0,75,4,2,24.9,90.1,5.06,12.88,48.6,41.2,14,535445,0,3,Rain,Mountain,0,0
28,12.0,48,1,2,100.0,91.6,2.01,13.36,35.4,35.3,11,698745,0,0,Clear,Mountain,1,0
42,9.8,39,2,0,100.0,81.3,4.37,13.51,28.9,38.9,7,693865,0,1,Clear,City,1,0
39,9.7,109,1,2,100.0,92.8,3.34,13.4,48.6,33.7,13,841477,2,0,Clear,Mountain,1,0
24,6.6,39,2,0,66.8,96.0,3.66,12.22,49.6,33.4,2,846745,1,0,Clear,Highway,0,0
32,4.3,98,1,1,58.6,98.7,4.73,13.17,48.7,29.3,10,217095,0,0,Rain,Highway,0,0
45,2.7,63,1,2,39.4,80.0,3.37,12.3,48.9,27.7,15,533179,1,0,Clear,Highway,0,0
40,4.1,109,5,3,53.9,100.1,3.47,12.13,42.7,33.1,3,626576,0,1,Clear,City,0,0
25,5.1,39,1,0,69.2,75.4,3.63,12.31,43.1,32.0,9,834193,0,0,Clear,City,0,0
47,9.3,70,3,1,100.0,84.7,3.7,13.23,43.8,34.2,8,237562,0,0,Rain,City,1,0
59,6.9,53,3,2,87.6,108.3,2.41,12.37,50.9,30.9,11,503154,1,0,Fog,Mountain,0,0
53,1.9,98,4,0,27.7,93.2,3.66,12.21,44.2,35.2,1,809542,0,1,Rain,City,0,0
57,1.2,56,7,3,16.2,83.6,3.93,13.4,42.7,35.7,3,793104,1,0,Clear,Highway,0,0
58,2.1,68,2,1,16.7,81.1,1.89,12.53,44.7,38.2,3,77843,0,0,Clear,City,0,0
54,5.5,90,4,3,70.3,81.9,4.36,12.93,45.6,40.1,11,250066,1,1,Clear,City,1,0
57,11.3,51,2,4,100.0,84.4,4.42,12.13,33.5,35.3,12,222119,2,0,Fog,Mountain,1,0
24,8.0,90,2,3,94.6,99.8,3.75,12.4,53.1,39.1,3,680070,1,0,Rain,City,1,0
30,9.8,51,2,1,88.1,96.4,2.16,12.5,36.7,34.3,2,140879,1,0,Clear,Highway,1,0
29,6.1,108,1,3,73.3,100.5,2.85,12.31,42.6,33.8,5,365728,0,2,Clear,Highway,1,0
54,5.0,52,1,1,42.3,83.5,1.17,12.56,34.5,30.0,14,256746,0,2,Fog,Highway,0,0
27,2.2,79,6,1,42.6,76.1,3.14,12.16,40.4,33.3,14,835560,4,0,Clear,City,0,0
25,10.6,90,2,1,100.0,97.1,2.59,12.56,46.3,32.0,13,86154,1,0,Fog,City,1,0
34,9.6,84,1,3,85.8,91.5,3.43,13.17,44.5,30.2,3,68899,1,0,Clear,City,1,0
23,2.8,92,1,0,44.3,85.6,4.5,11.76,37.7,28.4,12,863606,0,0,Fog,Highway,0,0
26,6.6,52,6,2,93.5,100.0,3.0,12.53,36.5,32.9,3,268037,0,1,Rain,Mountain,0,0
48,6.4,41,4,0,78.1,102.4,3.91,12.36,44.1,29.7,11,527490,1,0,Clear,Highway,0,0
53,7.9,44,2,3,100.0,105.8,3.41,12.31,50.6,32.6,1,707315,0,1,Rain,City,0,0
42,11.4,103,1,5,100.0,83.8,2.6,13.58,53.5,35.4,6,885466,0,2,Fog,Highway,1,0
29,7.4,37,2,2,85.0,101.8,4.91,13.32,58.1,30.3,14,211525,0,1,Clear,City,0,0
59,6.9,78,0,1,70.4,95.1,4.33,12.36,36.4,29.3,10,54969,2,1,Clear,City,0,0
29,1.6,104,0,3,35.3,87.0,2.39,11.92,35.8,29.0,14,294919,1,1,Clear,Highway,0,0
24,1.7,48,5,2,23.8,101.7,3.95,13.36,41.1,31.0,9,668902,0,1,Clear,Highway,0,0
24,3.1,38,0,2,53.9,84.9,3.29,12.8,40.6,31.1,6,110290,0,1,Clear,City,0,0
43,1.4,52,0,2,23.1,87.0,4.01,12.02,30.5,29.0,13,851265,1,1,Rain,Highway,0,0
27,9.2,86,4,3,100.0,99.2,2.16,12.14,48.7,35.8,6,206878,1,1,Clear,Highway,1,0
23,9.0,72,1,4,78.5,87.1,3.15,12.65,35.8,34.7,4,127753,0,0,Rain,City,1,0
44,2.5,54,2,1,37.0,95.3,3.85,13.48,36.8,28.4,1,313723,0,0,Clear,City,0,0
23,10.2,78,3,1,99.1,88.0,2.41,12.42,45.4,29.8,2,685124,1,0,Fog,Mountain,1,0
59,2.7,85,3,3,30.4,93.4,3.76,12.83,32.4,35.5,2,62888,0,0,Clear,Highway,0,0
38,4.3,53,2,0,56.7,94.0,3.17,12.3,40.0,29.1,10,715935,0,1,Fog,Highway,0,0
56,3.7,102,5,3,44.3,84.3,3.54,12.84,47.9,30.1,13,736586,0,0,Clear,Highway,0,0
55,5.1,100,3,1,74.8,93.7,4.52,11.78,42.4,32.4,1,445359,1,0,Fog,Highway,1,0
44,3.8,47,0,0,42.3,87.8,6.21,12.92,48.0,30.7,2,810857,2,0,Clear,Highway,0,0
51,6.4,96,5,1,75.4,84.3,3.58,12.72,49.9,39.3,15,319380,1,0,Fog,City,1,0
29,5.5,95,2,0,63.1,83.1,3.31,12.19,41.3,34.4,5,674137,2,1,Fog,Highway,0,0
43,11.9,64,3,0,100.0,83.2,5.43,10.92,15.2,33.8,4,118682,0,0,Clear,Highway,1,1
57,1.6,64,1,2,33.7,87.1,4.63,13.41,51.8,32.9,8,204976,2,0,Rain,City,0,0
26,2.6,85,2,2,47.9,96.6,5.28,11.73,41.6,35.6,3,599851,0,0,Clear,City,0,0
34,1.6,82,0,1,13.9,81.1,3.74,13.23,48.3,33.8,4,300424,0,0,Clear,City,0,0
50,7.9,67,2,0,83.7,92.7,4.32,12.19,52.9,31.5,8,398495,1,0,Clear,Mountain,0,0
52,1.6,108,1,4,24.5,95.0,3.55,12.79,27.4,28.1,1,269137,0,0,Rain,Highway,0,0
37,10.2,53,2,1,94.1,100.0,3.56,12.91,42.0,31.1,12,159212,0,1,Clear,Mountain,1,0
51,6.6,105,3,3,75.2,87.6,3.61,13.43,54.3,32.0,7,378577,2,0,Rain,Highway,1,0
37,6.8,91,2,1,85.4,93.3,3.92,12.06,40.3,34.4,6,638373,0,0,Clear,Highway,1,0
33,7.2,53,2,0,93.1,82.8,3.57,12.58,49.8,35.8,5,785818,1,1,Fog,Highway,0,0
38,2.9,75,1,0,37.4,81.6,4.89,12.12,33.2,33.0,1,291058,2,1,Clear,Mountain,0,0
37,3.2,76,2,1,17.1,94.9,4.08,12.08,45.8,33.3,15,771759,2,1,Clear,City,0,0
33,4.5,86,2,2,56.7,108.5,3.7,12.65,32.0,29.4,2,896820,0,1,Clear,City,0,0
29,7.5,38,4,1,61.8,97.3,3.66,13.02,49.2,30.4,5,388798,0,1,Rain,Mountain,0,0
41,3.3,38,1,2,50.8,82.3,3.07,13.84,38.4,27.6,14,50959,0,0,Clear,City,0,0
24,2.3,39,3,2,29.4,83.0,2.42,12.49,53.4,31.2,9,845780,1,1,Clear,Mountain,0,0
37,11.7,75,1,2,100.0,96.9,4.5,12.56,53.7,34.0,7,189226,1,0,Clear,City,1,0
51,1.2,95,2,1,21.1,97.8,4.5,12.6,37.2,35.0,14,433794,1,1,Clear,City,0,0
44,9.8,109,2,3,86.8,92.4,2.39,12.68,55.4,31.0,7,797723,1,0,Rain,Highway,1,0
49,9.7,89,0,1,86.2,90.3,2.41,12.73,37.3,36.2,14,724695,0,1,Rain,Highway,1,0
26,4.3,109,1,2,58.4,96.2,4.2,12.02,47.4,37.4,1,224204,0,0,Clear,Highway,0,0
41,2.5,47,3,0,26.8,83.7,3.18,11.22,41.7,35.6,13,653778,0,0,Fog,Highway,0,0
22,2.6,48,3,5,46.3,100.2,2.51,12.47,38.6,36.6,8,378927,1,0,Fog,City,0,0
51,8.7,94,2,3,100.0,94.8,1.9,13.58,48.4,30.2,4,547982,1,0,Rain,Highway,1,0
42,8.1,106,1,6,100.0,85.5,3.04,12.64,37.9,28.7,15,798827,0,0,Rain,Highway,1,0
41,9.6,59,1,1,80.8,91.3,3.63,12.53,37.5,35.7,12,333865,1,0,Fog,Mountain,1,0
27,11.3,78,0,1,96.9,119.8,3.22,12.59,42.0,37.1,2,417148,0,0,Rain,Mountain,1,0
43,8.6,44,1,1,93.6,89.7,2.17,12.25,49.3,38.0,7,408292,1,0,Clear,Highway,1,0
39,2.7,105,2,0,30.9,96.5,2.91,12.55,43.9,28.0,6,253466,2,0,Clear,Highway,0,0
29,3.7,84,0,4,55.8,98.7,4.06,12.62,39.1,33.2,9,827242,1,0,Clear,City,0,0
53,10.3,78,3,0,85.3,93.5,5.08,12.62,37.9,29.6,12,145338,1,0,Rain,City,1,0
54,3.3,48,2,2,45.7,88.8,3.55,12.66,40.3,32.5,9,657494,1,0,Clear,Mountain,0,0
37,1.8,49,4,4,43.8,86.2,4.53,12.65,46.4,35.5,4,366778,1,1,Rain,Mountain,0,0
33,8.7,50,1,3,74.1,90.6,4.22,12.57,33.4,34.1,5,470680,1,1,Clear,Highway,1,0
59,5.4,36,4,2,62.0,90.9,2.92,13.17,36.7,28.6,14,800894,1,0,Fog,Highway,0,0
55,11.1,64,2,1,100.0,102.2,4.44,13.55,48.3,32.4,13,551039,1,2,Clear,Highway,1,0
35,8.2,64,1,2,91.7,104.8,4.62,11.76,35.4,31.4,12,106442,2,0,Clear,Highway,1,1
57,2.0,65,5,2,29.3,106.5,3.02,12.32,37.4,35.8,5,518833,3,0,Clear,Mountain,0,0
54,11.4,54,5,1,96.9,89.2,3.52,11.49,41.8,30.8,14,217290,1,0,Clear,Highway,1,0
44,3.8,83,2,2,25.2,100.4,2.93,12.85,35.5,33.5,8,863354,1,0,Clear,Highway,0,0
23,4.7,69,2,2,70.9,94.2,2.24,13.22,38.3,32.0,1,338793,0,0,Clear,Highway,0,0
42,5.4,57,3,0,71.5,83.4,4.52,12.66,43.1,38.3,6,543381,0,0,Rain,Highway,0,0
23,1.6,95,3,0,32.6,80.1,5.1,12.66,47.7,35.1,5,891035,0,1,Clear,Highway,0,0
48,6.5,89,2,5,71.5,89.4,3.44,12.31,35.9,32.6,2,885449,1,0,Clear,Mountain,1,0
30,2.4,101,3,1,43.5,90.9,2.97,12.69,35.4,31.9,4,86604,1,0,Clear,Highway,0,0
22,5.4,42,2,7,72.9,84.8,4.57,12.56,51.1,33.0,7,793673,1,0,Clear,Mountain,0,0
32,4.9,74,0,1,39.0,101.9,4.68,13.14,36.8,39.6,2,229832,0,0,Clear,Highway,0,0
24,9.5,93,2,4,78.2,103.9,2.63,13.62,36.0,34.8,6,643969,1,0,Clear,Highway,1,0
44,9.8,66,4,2,79.1,90.5,3.64,13.38,26.0,33.9,5,270459,2,0,Rain,Mountain,1,0
47,2.7,41,0,0,38.1,104.2,5.48,13.73,50.9,35.1,12,558647,1,1,Clear,Mountain,0,1
25,5.0,36,4,4,61.8,95.4,5.32,12.93,53.0,34.7,12,536526,0,0,Clear,City,0,0
39,5.1,40,0,2,70.9,76.3,2.58,12.77,41.8,35.0,1,76486,3,1,Rain,Highway,0,0
27,2.7,70,2,2,12.5,75.7,2.11,12.59,43.6,35.1,1,825680,2,1,Rain,City,0,0
56,9.8,66,0,1,85.0,94.7,3.85,12.79,42.0,30.1,8,615538,1,0,Clear,Highway,1,0
43,8.8,79,1,0,91.7,90.8,4.21,12.77,33.2,29.1,13,863489,1,0,Clear,Highway,1,0
36,3.1,76,2,1,47.3,84.5,4.22,13.26,47.0,35.1,15,789015,2,1,Fog,City,0,0
43,5.0,87,1,3,58.0,95.5,4.05,12.51,52.9,34.1,9,83906,2,1,Clear,Highway,0,0
58,2.2,43,4,2,26.3,109.5,3.78,12.08,42.0,31.4,7,62487,0,0,Clear,Highway,0,0
33,7.9,109,2,4,76.2,92.6,3.08,12.58,47.7,30.9,9,604234,3,2,Clear,Highway,1,0
59,2.3,109,0,0,37.0,88.6,2.87,12.14,35.0,34.5,2,652280,2,0,Clear,Highway,0,0
39,11.8,83,1,0,97.2,86.4,4.3,12.49,34.3,34.5,10,695563,1,0,Clear,City,1,0
56,9.6,36,4,3,88.3,82.5,2.79,11.74,45.7,28.5,10,759022,0,3,Fog,City,1,0
51,5.3,101,6,1,48.6,98.5,1.83,12.62,54.2,33.1,13,749988,1,1,Rain,Highway,0,0
45,7.4,45,1,4,84.2,88.6,3.64,12.16,37.2,32.6,8,362607,0,1,Clear,Highway,0,0
51,11.0,84,3,3,98.9,90.9,3.79,12.97,40.5,32.2,15,885310,0,0,Fog,Highway,1,0
35,7.1,69,2,3,63.7,88.7,5.42,12.41,46.2,29.7,14,719778,2,2,Clear,Highway,0,1
27,2.9,49,0,1,38.0,104.8,3.53,11.64,38.4,30.9,6,188414,0,0,Clear,Mountain,0,0
24,5.2,109,4,5,69.1,80.6,2.17,12.4,45.9,32.1,7,832962,0,1,Fog,Highway,1,0
37,10.3,65,3,1,100.0,97.5,4.72,12.56,34.4,27.4,7,869272,0,0,Clear,Highway,1,0
28,8.1,96,0,1,95.8,99.0,3.45,12.77,45.5,36.2,15,148927,1,1,Clear,Highway,1,0
35,8.2,62,0,2,95.1,86.1,3.34,12.87,40.1,32.8,6,831260,1,0,Rain,Highway,1,0
30,10.5,59,2,0,96.5,96.8,2.34,12.2,29.2,31.3,4,533515,0,0,Rain,Highway,1,0
36,10.8,59,3,1,100.0,90.6,4.01,12.22,33.7,30.0,3,770669,0,1,Rain,Highway,1,0
42,11.1,109,2,1,100.0,98.5,3.66,12.59,44.6,33.7,13,471358,0,1,Clear,City,1,0
56,2.0,35,2,0,31.2,84.2,3.58,12.75,52.8,27.9,12,895596,2,0,Rain,Highway,0,0
23,7.0,93,1,5,78.4,94.2,4.44,12.84,31.5,35.2,9,527363,1,1,Rain,Highway,1,0
48,9.1,103,3,4,83.8,92.6,4.56,13.08,50.1,35.4,5,426626,1,1,Clear,City,1,0
23,9.3,108,3,0,92.1,96.3,3.82,11.76,45.3,31.0,12,619070,0,0,Rain,Mountain,1,0
56,7.7,76,1,1,79.0,72.9,4.04,13.09,49.7,26.2,13,531092,1,1,Clear,Mountain,0,0
39,2.8,68,1,2,48.7,86.3,3.85,13.01,40.8,31.2,1,265619,0,0,Rain,City,0,0
35,9.8,100,2,3,94.6,96.7,5.17,13.03,47.0,32.1,1,219649,1,0,Clear,Highway,1,0
41,8.9,52,3,3,93.4,106.0,2.59,12.49,56.8,32.6,8,668042,1,0,Clear,Mountain,1,0
39,1.9,39,2,4,39.0,100.4,2.41,12.73,43.5,38.4,5,346478,1,0,Clear,City,0,0
31,6.1,54,2,4,60.9,95.2,2.31,12.85,34.2,34.0,14,830969,1,0,Fog,Mountain,0,0
46,2.9,100,1,2,39.2,85.2,4.02,12.51,53.6,38.1,5,59234,0,0,Clear,Highway,0,0
23,4.7,109,4,1,62.2,94.4,3.39,13.08,46.2,35.4,11,876766,0,1,Fog,Highway,0,0
46,1.2,96,1,5,48.0,96.7,2.39,12.01,44.0,34.2,2,630354,1,0,Clear,City,0,0
54,5.4,66,0,1,50.6,106.2,3.31,12.96,56.3,33.4,8,816823,1,0,Fog,City,0,0
57,7.0,92,3,6,81.3,84.9,5.66,12.85,53.3,27.1,12,525067,3,0,Clear,Highway,1,1
52,7.8,84,0,3,94.5,89.0,3.93,13.36,45.8,26.8,6,645508,2,0,Clear,Highway,0,0
35,8.3,72,2,1,87.4,108.1,4.97,13.57,34.8,35.3,1,862869,2,0,Clear,Mountain,1,0
22,10.2,89,3,1,92.6,90.4,2.2,12.5,39.1,32.8,9,401742,2,0,Clear,City,1,0
37,3.4,62,3,2,46.7,95.9,3.79,13.37,43.5,36.1,12,201446,0,1,Clear,City,0,0
24,2.3,108,3,4,28.7,83.5,4.01,12.75,41.8,28.3,6,800000,0,0,Fog,Highway,0,0
56,10.4,56,1,1,98.2,89.3,4.19,12.77,38.2,34.0,13,96700,3,0,Clear,Highway,1,0
27,2.7,77,2,1,45.5,94.6,3.25,12.8,40.4,34.4,3,477950,0,1,Clear,City,0,0
46,11.7,70,2,4,100.0,89.0,4.49,11.93,50.4,31.1,6,159681,3,0,Fog,City,1,0
34,10.3,86,0,0,100.0,93.5,3.99,13.17,43.7,29.8,4,555040,2,1,Clear,Mountain,1,0
55,6.5,70,0,1,60.3,94.0,3.59,11.91,38.2,29.9,13,337752,1,0,Clear,Mountain,0,0
29,11.8,62,2,3,100.0,92.6,3.07,12.85,47.3,30.9,9,253457,0,0,Rain,City,1,0
42,2.1,92,2,2,42.9,86.0,2.01,11.35,46.5,31.5,13,661121,1,0,Rain,Highway,0,0
55,4.3,70,3,0,37.7,98.6,1.58,12.49,41.7,31.2,8,98564,0,0,Rain,Highway,0,0
25,8.0,104,3,1,70.7,93.5,2.83,12.59,33.1,33.9,2,764856,1,0,Clear,Highway,1,0
46,4.9,43,1,2,56.1,86.7,3.35,12.92,41.0,32.6,3,317612,1,0,Clear,Highway,0,0
36,11.2,55,2,1,100.0,85.6,2.82,13.33,41.9,29.2,15,814274,0,0,Rain,City,1,0
25,1.7,98,1,0,41.3,83.8,3.84,12.56,49.1,34.6,8,766201,2,0,Rain,Highway,0,0
33,7.0,95,1,1,52.1,101.6,4.32,11.98,36.3,29.4,2,632573,2,0,Rain,Mountain,0,1
53,7.5,74,0,3,79.2,86.3,2.25,12.38,39.8,31.9,10,495406,0,2,Clear,Mountain,0,0
53,8.2,90,3,0,99.3,84.7,4.05,12.72,54.3,29.9,8,685743,1,1,Clear,City,1,0
49,3.8,38,2,3,53.7,84.1,3.47,12.68,40.1,30.9,8,837191,2,1,Rain,Highway,0,0
34,5.0,65,2,3,44.7,76.1,1.78,11.73,41.8,31.5,5,570249,2,0,Rain,Highway,0,0
52,10.3,61,0,2,100.0,109.6,4.41,12.34,56.6,31.6,15,263248,2,0,Clear,Highway,1,0
35,3.1,92,3,1,39.3,92.7,2.56,12.33,34.8,32.3,5,706989,1,0,Clear,Highway,0,0
41,10.1,59,2,4,76.5,84.9,6.07,12.5,52.5,32.9,8,101035,0,0,Clear,Highway,1,0
39,7.2,103,3,1,85.7,89.2,4.67,12.9,38.9,36.1,14,732748,1,1,Clear,City,1,0
50,9.4,104,2,3,87.1,81.9,3.36,12.21,43.7,29.9,7,215623,0,0,Clear,City,1,0
27,8.8,39,5,1,100.0,93.5,3.5,13.13,44.3,24.3,14,570960,0,1,Clear,Highway,1,0
53,3.3,42,3,3,53.6,90.8,2.11,12.97,40.1,29.7,15,138435,1,0,Rain,City,0,0
50,7.3,43,0,2,99.7,100.9,5.26,11.55,34.5,36.2,12,72994,1,2,Rain,Highway,0,1
23,10.5,49,3,2,93.5,86.4,2.65,12.39,36.7,34.9,14,858519,1,1,Clear,Highway,1,0
44,5.8,41,2,3,79.2,94.9,3.54,12.71,40.4,30.6,8,419498,2,2,Clear,City,0,0
40,11.6,106,4,0,100.0,92.1,2.86,13.36,35.7,31.9,1,602804,1,1,Fog,Mountain,1,0
52,6.0,49,2,2,71.4,85.1,3.96,12.0,42.0,27.0,11,91129,1,0,Rain,City,0,0
26,2.6,71,4,3,42.5,94.9,3.48,11.74,35.9,30.4,7,417495,3,1,Clear,Highway,0,0
40,5.3,73,4,2,76.3,91.4,2.87,12.71,34.8,30.6,7,627209,1,0,Clear,Highway,0,0
55,11.5,40,2,4,100.0,100.0,3.96,12.1,29.3,35.2,2,792507,1,1,Clear,City,1,0
31,4.5,91,2,5,51.4,95.2,5.0,12.56,55.5,32.5,13,192034,2,1,Fog,Mountain,0,0
46,10.5,53,3,3,100.0,88.2,3.55,12.24,41.2,29.7,9,569227,0,0,Clear,Mountain,1,0
23,10.7,97,2,0,100.0,99.1,1.31,13.06,36.6,28.7,12,402739,3,0,Clear,City,1,0
32,4.9,65,2,0,66.1,94.3,3.88,12.97,34.2,35.5,15,803275,0,0,Clear,Highway,0,0
52,1.9,109,3,1,38.2,87.8,2.02,12.3,37.6,32.5,13,780889,3,0,Fog,Highway,0,0
36,9.0,44,3,3,89.9,99.6,2.13,13.36,27.1,30.1,12,844531,2,1,Clear,Highway,1,0
30,4.4,101,2,1,42.0,98.9,2.03,12.63,37.2,35.9,14,265298,1,3,Clear,Highway,0,0
44,9.6,96,2,1,98.8,84.8,4.21,12.77,47.7,35.2,15,159397,2,0,Fog,City,1,0
40,5.9,37,2,3,60.4,86.2,2.05,12.27,36.8,31.4,6,275266,0,0,Rain,City,0,0
30,6.3,52,4,3,58.1,93.0,4.49,12.23,46.9,29.3,8,230308,0,2,Clear,Highway,0,0
56,9.6,59,4,0,100.0,89.2,4.31,13.37,49.3,37.3,14,132909,1,1,Fog,Mountain,1,0
42,5.2,54,3,2,55.3,89.4,2.64,12.66,47.2,34.8,13,95722,1,1,Clear,Highway,0,0
30,5.9,92,2,2,49.1,85.6,3.98,12.71,42.3,32.5,15,128401,0,2,Rain,City,0,0
49,5.1,84,4,3,60.8,93.4,4.68,12.34,51.4,29.2,6,249623,2,0,Rain,Highway,0,0
28,5.0,44,2,1,58.5,93.8,2.92,12.74,51.0,34.3,7,600038,1,0,Clear,City,0,0
37,6.8,55,2,1,73.8,80.5,4.73,12.61,36.3,29.8,3,127350,3,0,Rain,Mountain,0,0
37,9.9,63,6,1,98.6,88.9,3.67,12.59,35.1,34.8,2,291061,4,0,Fog,City,1,0
54,5.0,44,1,1,49.9,87.5,2.81,13.43,38.5,34.5,4,655544,2,1,Rain,City,0,0
25,6.8,47,0,4,70.4,94.2,4.33,12.67,39.5,30.8,4,254195,3,0,Rain,Highway,0,0
25,8.4,81,1,2,97.6,96.6,2.77,12.03,51.4,34.5,12,785885,3,0,Clear,Highway,1,0
38,4.0,57,1,2,60.5,97.8,4.89,12.85,48.4,31.5,13,538820,2,0,Clear,City,0,0
58,4.1,84,2,4,49.3,89.0,2.35,12.42,43.1,36.0,12,800975,0,0,Clear,Mountain,0,0
50,11.3,38,0,2,100.0,96.3,4.81,12.09,43.4,31.5,13,400136,1,0,Clear,City,1,0
57,9.0,101,5,1,92.9,80.0,3.72,12.24,33.3,35.0,15,593918,0,1,Rain,Mountain,1,0
59,7.3,87,4,1,75.1,102.7,4.21,13.14,50.8,40.7,5,274818,0,1,Clear,Mountain,1,0
58,8.1,36,3,8,97.3,86.4,3.11,12.09,43.4,30.5,15,810466,1,0,Clear,Highway,1,0
56,1.3,102,2,0,21.5,81.2,3.89,12.11,33.6,28.8,7,120941,3,1,Clear,Highway,0,0
28,7.8,99,1,3,85.5,86.5,0.97,12.63,28.5,33.2,14,244319,0,2,Clear,City,1,0
48,6.6,91,2,4,56.2,103.6,3.72,12.44,31.8,34.5,3,186267,0,0,Clear,Highway,0,0
49,7.0,104,3,4,79.6,97.1,2.19,12.11,42.6,30.3,6,97931,1,1,Clear,Highway,1,0
43,5.0,41,4,2,53.4,106.3,4.25,13.06,21.6,32.6,13,755239,2,0,Rain,Mountain,0,1
35,1.9,53,1,2,31.4,94.4,2.97,12.39,32.7,30.6,8,255865,0,0,Rain,City,0,0
28,3.1,78,0,2,41.9,102.9,2.96,11.95,45.8,28.3,14,840949,2,0,Clear,City,0,1
58,11.5,97,1,4,89.8,89.1,2.34,12.75,38.5,33.7,8,441100,0,1,Clear,City,1,0
43,5.5,99,0,2,47.9,81.5,3.68,13.01,27.8,32.9,9,872495,1,1,Rain,Mountain,0,0
26,6.1,73,2,1,77.1,94.9,2.65,12.84,36.9,29.7,12,680321,0,0,Clear,City,0,0
23,1.6,60,2,2,33.8,92.6,3.45,12.93,41.2,30.3,2,230647,2,0,Fog,Highway,0,0
48,1.4,78,0,2,45.8,96.0,3.17,12.92,49.5,31.8,4,825726,0,0,Clear,Mountain,0,0
42,8.9,46,0,2,77.5,98.7,2.48,12.47,45.6,32.6,1,523661,0,0,Clear,Highway,1,0
59,6.9,56,0,0,83.7,95.2,3.11,12.37,45.3,28.6,7,385684,0,0,Rain,Mountain,0,0
36,6.6,48,0,1,77.4,91.2,2.91,12.26,47.8,30.9,6,824380,1,1,Clear,Highway,0,0
42,3.7,64,2,7,61.2,91.6,4.47,12.6,28.6,36.3,13,107005,2,0,Rain,Mountain,0,0
31,9.2,78,3,1,92.5,95.9,4.64,11.78,52.0,34.7,14,148622,2,0,Clear,Highway,1,0
44,2.9,72,2,3,44.3,80.3,2.18,12.02,52.0,31.9,3,468177,1,2,Rain,City,0,0
26,3.1,93,2,1,36.0,86.4,3.69,13.26,37.1,36.2,5,367618,1,0,Fog,Highway,0,0
22,6.1,76,3,3,66.1,108.8,3.22,13.05,18.0,32.3,3,73167,2,1,Fog,City,0,0
34,4.1,86,2,5,47.9,88.2,2.62,12.68,52.6,31.8,10,741930,1,0,Clear,Mountain,0,0
42,3.7,97,3,1,36.3,97.4,3.65,13.36,20.0,33.7,12,460625,1,1,Clear,Mountain,0,0
47,8.1,95,3,1,86.2,88.8,3.97,12.79,45.0,33.5,7,275444,1,0,Clear,Highway,1,0
42,8.2,68,3,3,95.0,90.4,0.84,12.61,38.4,37.0,8,52488,1,0,Clear,Mountain,1,0
39,10.1,73,2,3,100.0,74.6,4.5,11.92,37.2,29.8,13,357349,1,1,Rain,Highway,1,0
58,5.6,75,0,3,56.7,97.0,4.21,12.46,38.5,35.0,11,256689,1,0,Fog,City,0,0
53,1.8,71,4,1,34.0,87.7,3.47,13.09,43.1,32.2,11,444303,1,1,Clear,Highway,0,0
57,4.0,99,1,2,50.7,75.7,2.62,12.88,24.8,29.0,8,572458,3,0,Clear,City,0,0
38,11.8,66,2,4,100.0,80.8,3.99,13.58,40.5,33.9,9,696736,2,0,Clear,Mountain,1,0
56,7.6,42,3,3,98.7,92.9,2.85,12.61,30.6,31.6,9,409334,3,2,Clear,Highway,0,0
32,8.8,52,5,4,77.4,86.5,4.77,11.32,38.0,36.8,4,853414,0,0,Clear,Highway,1,0
42,1.1,79,1,4,33.7,85.5,4.4,12.79,43.3,30.5,11,93593,0,0,Rain,Mountain,0,0
47,6.7,67,2,2,78.9,88.5,3.52,11.38,49.0,31.1,10,748126,2,0,Clear,Highway,0,0
25,1.4,39,2,1,29.2,66.9,2.69,12.36,36.1,33.3,11,456459,1,0,Clear,Mountain,0,0
55,7.3,108,3,2,65.8,79.1,4.0,13.05,56.3,27.7,11,729356,0,1,Clear,Highway,0,0
39,11.1,70,3,2,100.0,97.1,4.29,13.44,34.9,36.0,5,604429,1,0,Clear,Highway,1,0
56,11.7,57,1,1,100.0,96.1,3.17,12.08,35.1,36.3,13,194423,1,0,Rain,City,1,0
50,6.9,74,4,2,69.7,96.5,3.91,12.8,50.2,35.0,9,451059,0,0,Clear,Highway,0,0
50,6.0,39,2,9,80.0,96.9,3.02,13.39,40.0,33.3,5,217274,1,0,Rain,Highway,0,0
59,11.4,68,3,2,100.0,95.5,1.76,12.65,43.4,34.8,3,778591,0,1,Clear,City,1,0
42,8.4,58,1,3,100.0,103.5,1.84,12.29,38.1,33.7,13,861126,2,0,Rain,Mountain,1,1
34,1.7,51,3,2,47.8,96.8,3.66,13.52,39.0,35.5,9,484978,1,1,Clear,City,0,0
38,6.1,105,1,1,68.6,92.3,5.02,13.1,44.8,38.3,8,338759,1,1,Fog,City,0,0
30,3.6,56,1,1,53.0,104.3,2.53,12.63,52.2,32.6,12,640751,0,0,Clear,City,0,1
22,6.2,49,1,1,62.6,96.3,2.7,11.84,43.1,32.2,8,545667,2,0,Clear,Highway,0,0
23,6.0,49,4,2,51.8,96.6,3.8,12.42,45.4,32.4,6,325671,1,0,Clear,Highway,0,0
50,7.4,59,2,2,81.7,88.0,3.54,12.23,49.9,29.4,2,492814,2,1,Rain,Mountain,0,0
54,4.9,87,0,1,44.5,92.3,3.79,11.74,38.3,33.3,14,350948,2,1,Fog,Highway,0,0
31,2.8,55,1,4,63.3,82.9,4.02,13.27,34.2,28.1,6,794168,4,2,Clear,City,0,0
42,6.5,100,4,0,83.4,79.9,3.48,12.89,33.8,36.6,3,449186,0,1,Clear,City,1,0
49,10.1,66,1,1,99.3,78.3,3.64,12.25,34.9,36.9,2,656367,1,2,Clear,City,1,0
32,8.3,55,1,4,100.0,90.2,2.37,12.31,33.6,30.4,14,363121,2,1,Clear,Mountain,1,0
55,4.7,102,3,2,51.3,102.9,3.08,12.37,50.8,29.8,6,652547,3,1,Clear,Highway,0,1
29,11.3,78,0,2,100.0,95.5,4.76,12.1,26.9,35.6,8,332961,0,1,Rain,Highway,1,0
43,11.0,100,1,2,100.0,98.9,3.97,14.02,46.7,28.4,7,386138,1,2,Clear,Mountain,1,0
29,3.3,48,1,4,45.8,85.1,3.78,12.24,32.2,30.2,4,890010,1,0,Clear,Mountain,0,0
36,1.4,49,2,3,28.1,94.4,2.63,12.44,56.3,29.8,8,626337,0,0,Clear,City,0,0
38,9.2,54,2,4,98.2,108.3,2.7,12.26,45.2,34.1,8,511735,0,1,Rain,Mountain,1,0
44,10.1,68,1,3,90.8,98.4,2.43,11.7,35.0,34.1,7,573415,0,0,Clear,Mountain,1,0
45,11.6,70,2,1,100.0,89.0,1.66,11.98,37.7,33.6,11,427896,0,0,Clear,Mountain,1,0
40,10.8,43,1,1,100.0,78.5,3.23,13.13,41.3,32.5,2,734486,1,3,Clear,Highway,1,0
26,7.6,105,2,4,81.4,81.5,3.11,12.44,47.1,34.8,4,840901,1,0,Clear,City,1,0
53,6.8,64,2,1,63.6,97.3,3.68,12.81,44.7,32.9,3,407003,2,0,Clear,Highway,0,0
22,1.3,97,4,0,21.8,93.8,4.54,12.83,41.9,37.3,7,138768,0,1,Clear,Highway,0,0
44,3.7,69,1,0,70.9,106.4,2.87,12.83,36.3,35.8,12,850878,1,0,Clear,Highway,0,1
58,6.1,47,4,4,59.6,92.5,4.75,12.25,39.7,30.4,14,656045,0,1,Clear,City,0,0
29,7.9,80,3,1,88.4,80.1,4.01,13.44,52.7,31.7,3,180774,1,0,Rain,Mountain,0,0
34,7.1,90,3,1,71.4,90.2,4.92,13.06,59.0,32.1,7,410007,0,0,Clear,City,1,0
29,9.2,43,1,2,83.4,92.3,2.36,12.84,50.8,29.9,11,243515,3,1,Clear,City,1,0
44,4.1,70,3,3,53.4,88.9,4.67,12.73,34.4,36.0,8,342880,2,0,Clear,Highway,0,0
22,7.2,37,2,3,68.9,92.0,2.83,11.91,53.5,35.1,14,313479,1,0,Clear,Highway,0,0
45,2.0,53,2,2,41.2,95.0,2.7,13.01,39.4,31.9,4,508379,1,0,Clear,City,0,0
56,5.6,62,1,3,63.6,75.8,3.44,12.53,42.0,34.1,7,208228,0,1,Fog,Highway,0,0
45,9.3,57,1,0,100.0,86.6,2.65,12.19,31.9,31.4,9,536218,1,2,Fog,City,1,0
38,8.6,41,0,1,75.7,102.1,3.93,12.09,42.9,35.6,7,361489,1,1,Rain,City,1,0
26,11.9,48,3,2,100.0,104.9,4.34,13.09,35.7,32.3,2,676558,1,0,Clear,Highway,1,0
41,4.1,80,3,2,56.5,81.8,3.99,11.9,53.0,26.8,9,243171,1,0,Clear,Mountain,0,0
42,6.5,49,3,2,62.0,81.8,3.44,12.4,62.4,28.9,5,211599,1,0,Clear,City,0,0
52,4.6,101,1,3,50.2,98.1,4.68,12.68,42.0,36.6,10,164287,1,0,Rain,Mountain,0,0
57,5.8,49,1,4,52.2,108.2,3.93,12.53,45.8,32.3,11,497763,2,1,Rain,Highway,0,0
32,10.4,85,1,1,87.6,93.8,3.35,12.81,39.5,33.9,6,207790,0,1,Rain,Highway,1,0
36,8.5,42,6,2,86.8,92.9,3.37,13.19,43.0,32.3,2,442355,0,0,Clear,Highway,1,0
40,10.7,103,3,1,100.0,86.3,2.62,12.91,37.3,28.5,10,302221,1,1,Clear,Mountain,1,0
28,3.2,96,1,5,44.3,100.1,2.54,12.63,44.5,29.5,13,368999,3,0,Rain,Highway,0,1
49,10.6,85,4,1,100.0,89.6,3.05,12.38,45.2,36.0,15,662309,0,0,Rain,City,1,0
26,1.7,97,1,2,20.6,104.6,2.45,11.88,44.4,35.9,14,179928,2,0,Fog,Highway,0,1
26,10.8,102,1,0,85.4,94.9,2.35,12.57,48.0,28.7,7,71689,0,0,Clear,City,1,0
51,4.6,50,2,2,60.2,94.1,2.58,12.41,39.1,36.4,9,117632,0,1,Clear,City,0,0
53,4.5,58,0,0,49.4,85.4,4.57,12.86,63.5,31.3,11,274464,0,0,Clear,City,0,0
29,6.6,40,2,3,54.8,85.7,2.69,12.53,36.8,33.4,2,201306,0,0,Clear,Highway,0,0
31,11.3,91,0,3,100.0,87.1,4.32,13.12,36.7,32.8,9,264405,2,0,Rain,Highway,1,0
59,1.5,65,1,1,34.5,91.3,2.86,12.38,21.9,34.8,5,251658,2,0,Clear,City,0,0
53,4.9,40,3,4,63.2,100.8,3.69,12.32,48.1,35.3,1,645890,1,1,Clear,City,0,0
49,10.4,63,3,3,100.0,98.6,2.69,12.81,19.1,31.7,5,428454,1,2,Fog,Highway,1,0
38,5.4,101,2,1,56.2,88.2,3.7,12.65,39.3,36.2,14,230719,0,1,Clear,City,0,0
52,3.2,109,1,1,51.5,75.3,5.78,12.79,36.0,37.0,2,193472,0,1,Clear,Highway,0,0
29,5.7,37,0,2,65.4,86.2,2.8,12.53,30.5,34.0,8,404038,2,0,Clear,Highway,0,0
46,5.2,62,2,3,52.8,93.2,3.21,12.61,42.5,29.8,3,800510,0,0,Rain,Highway,0,0
30,11.1,108,1,4,97.6,93.9,2.31,12.45,56.1,34.3,9,512636,0,0,Rain,Mountain,1,0
23,9.4,82,2,4,97.2,106.7,4.6,12.67,47.8,31.4,15,749559,1,0,Clear,Highway,1,1
36,6.6,44,4,6,81.5,103.4,4.76,13.22,35.9,31.9,5,693289,1,0,Clear,City,1,0
24,11.9,67,1,3,100.0,98.4,2.57,12.35,57.9,30.2,3,296536,3,0,Rain,Highway,1,0
57,6.1,101,4,1,70.4,86.8,3.34,12.3,36.1,37.2,15,69207,0,0,Clear,Highway,1,0
25,1.6,103,0,1,39.1,94.3,3.92,12.76,50.7,32.7,10,307456,0,0,Fog,City,0,0
35,3.9,46,1,3,74.9,96.1,3.57,12.51,28.1,37.0,1,762883,1,0,Fog,City,0,0
46,5.8,91,0,2,69.3,102.5,2.57,13.31,40.1,35.1,4,718141,1,0,Fog,Mountain,0,0
31,2.7,78,1,3,43.2,84.1,2.53,12.95,32.5,30.6,7,262761,0,0,Clear,City,0,0
42,11.4,47,1,1,100.0,99.1,2.27,13.03,58.6,30.7,3,771651,2,0,Clear,City,1,0
57,9.4,58,5,3,100.0,96.8,4.52,13.07,36.5,32.5,9,313563,2,0,Fog,Highway,1,0
33,4.0,78,1,1,38.6,87.9,4.16,12.27,33.8,32.9,15,386480,0,0,Fog,Mountain,0,0
48,7.5,91,1,1,81.8,102.4,5.17,12.66,45.7,31.7,5,600380,0,1,Clear,City,1,1
23,8.9,50,0,4,100.0,76.8,2.49,12.94,40.0,36.3,12,376975,0,1,Clear,Highway,1,0
34,11.4,55,3,2,100.0,109.4,3.8,12.6,59.2,33.3,11,764438,1,0,Clear,City,1,1
53,10.7,85,2,0,100.0,102.5,3.64,12.15,44.5,33.8,14,608454,1,1,Fog,Mountain,1,1
52,6.7,55,2,0,69.1,90.4,3.87,13.06,42.5,29.8,14,226975,0,1,Rain,Highway,0,0
37,9.5,94,2,3,97.6,88.6,4.11,12.51,47.8,27.6,12,173545,2,0,Clear,Highway,1,0
53,7.2,85,3,0,71.2,91.7,6.7,12.75,40.2,35.6,11,848808,0,0,Fog,Mountain,0,1
53,7.1,55,1,1,92.5,86.0,6.66,12.89,43.9,30.0,6,554183,3,3,Rain,Mountain,0,0
55,2.3,40,1,1,43.2,90.2,3.86,13.36,35.3,32.2,7,579954,0,1,Clear,City,0,0
32,2.4,107,1,4,38.7,98.6,5.11,12.7,37.0,32.7,10,704954,0,0,Clear,Highway,0,0
31,6.8,99,3,4,85.5,86.3,2.64,11.59,34.7,33.4,14,390316,0,0,Rain,City,1,0
36,4.0,92,4,4,40.5,99.5,3.4,12.69,45.1,31.5,13,704769,0,0,Clear,Highway,1,0
38,1.2,40,3,1,8.9,90.0,2.7,12.74,36.7,30.5,5,74809,2,0,Fog,City,0,0
39,9.0,99,0,2,96.2,100.7,3.75,11.77,48.2,31.4,2,396971,1,1,Rain,Mountain,1,0
30,1.4,68,3,2,41.9,102.9,4.03,13.34,35.1,27.8,3,806879,1,2,Clear,Highway,0,1
46,7.5,90,3,0,78.6,84.0,5.8,11.28,34.3,34.2,11,252322,0,0,Rain,Highway,1,1
35,6.9,109,0,2,68.4,75.1,2.57,12.89,43.9,34.6,13,132599,0,0,Clear,Highway,0,0
46,11.7,37,3,3,100.0,93.3,4.83,11.83,43.1,34.2,9,123306,0,0,Fog,City,1,0
43,6.3,76,4,1,58.1,94.1,3.09,13.13,48.9,33.3,14,178066,2,1,Rain,Highway,0,0
51,1.7,96,1,3,40.3,82.2,2.94,12.88,32.5,36.2,15,860977,2,0,Fog,Highway,0,0
41,7.1,40,3,0,85.0,105.3,3.26,13.34,29.7,36.5,3,276960,0,0,Rain,Highway,0,0
42,10.3,40,2,1,100.0,89.1,5.48,12.86,51.7,36.1,2,683826,2,0,Clear,Highway,1,0
53,12.0,97,1,2,100.0,97.1,1.54,12.78,31.2,32.8,8,265714,2,0,Rain,Highway,1,0
42,5.7,54,5,1,54.0,86.1,3.95,12.44,48.6,32.6,13,414084,2,1,Rain,Mountain,0,0
56,4.5,55,1,3,48.9,80.1,4.63,11.73,23.2,33.2,8,674507,3,0,Fog,City,0,1
53,11.0,36,0,1,100.0,101.3,2.53,13.69,46.5,31.0,7,123614,2,3,Rain,City,1,0
51,3.1,90,2,5,34.4,84.6,4.03,12.36,41.9,33.5,2,106728,1,1,Rain,Highway,0,0
33,7.8,44,1,1,81.4,98.3,2.78,12.77,45.2,33.2,2,149924,1,0,Clear,Highway,0,0
39,5.5,104,4,0,53.8,85.4,5.46,12.19,48.1,35.6,3,774941,0,0,Clear,Highway,0,0
42,1.5,57,1,0,25.0,90.2,2.21,12.06,49.6,37.1,14,222438,2,0,Clear,Mountain,0,0
34,4.8,64,1,3,46.9,90.7,4.08,12.63,45.7,33.8,10,363398,0,2,Rain,Highway,0,0
42,3.9,71,2,0,51.4,91.8,3.07,12.81,48.7,35.0,13,157526,1,2,Clear,Highway,0,0
29,8.5,89,1,5,73.4,86.9,3.36,13.48,51.0,33.0,1,141396,1,0,Rain,Highway,1,0
28,11.4,83,3,0,100.0,97.8,3.21,13.1,52.2,35.3,13,494365,2,1,Clear,Highway,1,0
44,3.9,68,5,0,59.7,99.5,4.61,12.74,46.1,35.5,12,410274,1,0,Fog,Highway,0,0
53,9.9,78,1,1,100.0,101.8,3.69,12.57,34.4,37.2,5,544186,0,1,Clear,City,1,0
32,1.6,56,2,2,39.5,88.4,2.09,12.77,40.0,27.2,12,661014,1,1,Clear,Mountain,0,0
43,6.9,65,3,4,89.4,83.0,3.88,12.47,41.2,34.7,3,796439,0,0,Rain,City,0,0
43,1.8,41,3,1,21.2,93.7,3.78,12.73,36.6,32.2,4,590227,1,2,Clear,Highway,0,0
46,11.3,55,3,3,100.0,95.0,4.55,12.2,32.8,34.4,9,630613,0,1,Rain,City,1,0
43,9.4,50,2,3,96.0,95.0,3.85,12.32,49.4,34.5,7,355019,2,0,Clear,Highway,1,0
49,8.2,54,0,1,100.0,104.3,1.99,12.57,44.4,30.6,7,815796,0,1,Clear,Mountain,1,0
50,10.1,77,2,0,98.4,92.9,4.69,12.76,36.6,28.0,3,721625,2,0,Clear,City,1,0
34,8.1,78,3,1,92.8,108.8,4.65,12.54,42.3,34.0,7,589441,3,0,Clear,Mountain,1,0
39,11.7,81,2,3,100.0,99.0,4.04,12.7,44.4,31.8,15,649547,2,2,Fog,City,1,0
23,8.9,53,0,0,92.5,99.3,3.8,12.14,32.8,35.1,9,480960,2,0,Fog,Highway,1,0
50,11.2,82,3,0,100.0,92.7,3.89,12.0,35.6,32.5,15,731211,0,0,Clear,Highway,1,0
42,6.7,103,4,1,69.8,89.5,4.67,12.58,39.5,35.2,12,650461,1,0,Clear,Highway,0,0
36,2.3,45,1,3,21.3,87.1,4.88,11.76,40.8,34.0,11,150325,1,0,Clear,City,0,0
48,6.8,63,4,2,69.8,93.5,4.05,13.03,29.2,28.7,12,797369,2,0,Rain,Highway,0,0
52,2.4,79,0,1,25.0,99.0,4.15,11.91,48.0,33.0,10,757839,0,0,Clear,Highway,0,0
36,7.5,102,3,0,87.8,90.4,3.71,12.4,42.2,33.0,9,188310,1,0,Clear,City,1,0
44,6.3,70,3,0,54.8,89.0,5.92,12.85,40.0,32.0,10,529636,1,1,Rain,Highway,0,0
45,7.8,82,3,2,86.3,83.8,1.47,13.06,36.3,34.7,1,614960,0,2,Clear,Highway,0,0
34,1.1,49,3,2,40.2,96.1,2.85,12.92,33.9,30.4,9,656627,0,0,Fog,City,0,0
43,3.1,78,2,1,52.1,83.5,2.72,12.84,42.1,37.6,3,852378,2,1,Rain,Highway,0,0
58,6.4,101,1,1,66.4,95.2,5.62,13.89,43.3,28.9,6,99718,2,0,Fog,Mountain,0,0
54,11.5,108,3,0,100.0,94.3,3.3,12.07,57.8,28.8,2,94065,1,1,Clear,Mountain,1,0
24,5.2,74,1,2,61.7,90.9,1.52,12.76,58.5,34.8,4,486701,1,0,Clear,Mountain,0,0
40,5.7,48,3,1,61.0,101.6,2.71,12.92,37.7,39.5,3,609942,0,0,Fog,Mountain,0,0
44,8.9,97,3,0,87.6,104.7,4.07,12.78,34.3,31.1,6,463613,2,1,Clear,Mountain,1,0
50,7.6,85,3,1,85.2,75.1,3.55,12.37,31.9,34.4,1,506484,0,1,Fog,Highway,0,0
51,4.3,92,2,3,38.8,80.1,3.42,12.87,42.7,36.3,4,854753,1,0,Fog,City,0,0
46,5.5,49,3,3,59.0,96.7,3.72,12.84,32.0,32.3,1,701824,2,2,Rain,City,0,0
58,3.4,99,1,4,50.9,105.5,4.66,13.22,31.0,31.4,1,548004,1,1,Clear,City,0,0
29,11.6,89,2,0,100.0,81.1,4.44,12.84,36.1,36.9,4,420573,3,1,Clear,Highway,1,0
37,2.4,44,1,1,26.3,95.4,2.7,11.65,37.1,34.0,5,881247,2,0,Rain,Highway,0,0
29,5.1,76,4,2,51.9,78.0,3.82,12.99,36.1,34.7,12,333801,0,0,Clear,Mountain,0,0
22,1.3,45,3,3,32.1,77.2,5.07,12.4,29.1,29.2,7,666564,1,2,Clear,Mountain,0,1
26,3.4,50,4,4,52.0,108.5,3.74,12.5,41.3,34.3,8,307246,1,0,Clear,City,0,0
24,9.6,107,4,3,100.0,95.1,2.93,12.03,41.1,35.9,3,124746,2,0,Clear,Highway,1,0
22,3.2,53,4,2,53.4,79.7,2.37,12.67,52.7,34.5,12,585858,2,1,Clear,City,0,0
25,1.9,65,4,6,42.9,90.3,3.75,13.59,32.1,34.6,3,497050,0,0,Rain,Highway,0,0
56,6.2,107,1,2,50.4,85.8,3.3,13.13,46.2,37.9,10,847529,2,0,Clear,City,0,0
53,1.1,87,0,3,36.3,88.6,3.29,12.01,56.3,34.7,4,172174,2,2,Clear,Highway,0,0
55,1.9,42,0,1,30.0,89.5,3.73,12.5,30.3,36.6,6,734091,0,1,Rain,Mountain,0,0
46,9.9,58,4,1,84.8,93.7,2.83,13.1,33.3,35.4,2,859866,1,1,Clear,Highway,1,0
31,9.5,42,3,3,100.0,95.6,4.79,12.51,31.9,31.3,12,219676,2,0,Clear,Highway,1,0
42,11.1,82,0,1,100.0,86.5,3.43,11.58,45.6,33.8,6,854257,0,0,Clear,City,1,0
48,10.4,64,1,2,100.0,86.1,5.49,12.33,45.3,34.7,11,438795,1,0,Fog,Highway,1,0
48,8.5,92,2,2,82.7,95.2,4.53,13.29,49.6,26.1,14,416432,0,1,Clear,Mountain,1,0
23,1.6,89,1,2,32.7,86.8,3.42,13.35,42.6,33.6,6,677001,0,0,Rain,Mountain,0,0
34,9.6,107,1,5,78.8,86.7,2.22,12.51,56.4,36.6,2,702970,2,0,Clear,Mountain,1,0
30,10.3,96,6,1,100.0,92.8,4.16,12.46,46.3,30.2,5,849939,0,1,Fog,City,1,0
57,9.8,82,1,0,85.0,92.2,3.97,11.45,52.1,29.7,12,515351,1,0,Rain,City,1,0
43,6.6,38,2,2,64.7,88.4,2.8,12.55,43.2,34.0,11,652225,2,0,Clear,Mountain,0,0
47,3.6,71,0,2,38.5,100.4,2.35,12.31,38.9,29.6,11,132363,0,2,Rain,Highway,0,0
33,10.3,42,1,1,100.0,96.0,3.49,11.65,40.6,36.4,7,543761,0,0,Clear,City,1,0
38,9.0,35,1,6,83.5,108.1,3.73,12.12,53.0,31.5,9,366437,0,0,Clear,Highway,1,0
35,11.8,104,2,3,100.0,90.0,3.66,11.94,48.4,35.0,3,690003,0,0,Fog,Highway,1,0
35,2.7,81,1,2,44.7,97.6,3.5,12.63,47.9,30.3,7,437113,1,1,Clear,City,0,0
55,3.5,109,0,3,33.1,103.7,4.7,13.38,49.9,39.1,3,103803,2,0,Rain,Highway,0,0
41,3.3,39,1,1,54.2,84.9,2.86,12.52,44.1,39.6,12,571469,2,0,Clear,Highway,0,0
32,9.7,84,3,2,100.0,89.1,5.4,12.73,64.5,36.4,2,493249,2,0,Clear,Mountain,1,0
37,3.1,58,1,3,37.5,101.8,1.83,13.83,40.2,31.0,14,221918,1,2,Clear,Highway,0,0
52,1.7,81,1,3,22.2,97.4,2.77,11.65,42.9,32.8,15,338331,3,1,Clear,Highway,0,0
27,12.0,52,3,3,100.0,91.8,2.31,12.7,38.4,27.1,4,591536,2,1,Rain,Highway,1,0
40,1.3,62,3,0,37.0,80.9,3.72,13.17,46.0,36.9,12,133013,0,0,Clear,City,0,0
58,10.2,39,1,2,91.6,81.6,3.9,12.76,27.9,33.4,8,650170,2,2,Clear,City,1,0
25,5.0,64,0,3,69.2,88.4,5.25,11.79,18.3,32.7,5,187701,1,2,Clear,Highway,0,1
25,10.3,35,4,1,96.7,85.6,3.71,13.56,36.8,30.3,8,422327,0,0,Clear,Highway,1,0
41,7.1,80,2,2,88.6,85.8,4.35,13.02,46.7,36.0,6,301109,2,0,Rain,City,0,0
31,10.9,103,1,1,91.4,77.3,2.41,12.73,50.2,34.6,13,512355,1,1,Clear,Highway,1,0
45,11.2,65,3,2,100.0,81.1,2.12,11.91,31.9,33.1,12,305723,3,0,Clear,Mountain,1,0
56,1.1,104,1,2,26.7,85.0,4.81,13.75,28.7,34.3,13,653249,1,0,Fog,Highway,0,0
47,1.8,90,1,3,24.5,92.9,4.44,12.89,36.2,38.8,1,832660,0,0,Clear,City,0,0
58,3.8,62,4,1,50.1,89.2,3.74,12.82,36.1,30.3,3,302082,0,0,Clear,Mountain,0,0
59,8.4,50,4,1,83.7,92.5,2.62,12.89,43.7,29.2,8,72529,0,0,Fog,Mountain,1,0
42,10.8,88,1,0,100.0,92.1,5.93,13.08,43.0,30.7,14,437472,1,0,Clear,City,1,0
42,6.1,87,2,2,64.8,78.4,4.33,12.66,53.7,36.6,15,237953,0,0,Clear,Mountain,0,0
31,7.7,46,4,2,68.7,100.5,2.81,12.54,38.7,33.8,15,614945,2,1,Fog,Highway,0,1
59,3.1,54,2,0,44.6,97.9,3.55,11.48,31.4,30.7,4,483296,2,0,Fog,Highway,0,0
25,9.9,68,2,0,97.9,92.3,2.04,12.21,44.4,34.6,2,380343,0,1,Rain,City,1,0
41,11.6,87,1,0,100.0,87.8,3.62,13.59,34.3,31.5,8,305390,1,1,Fog,Highway,1,0
38,4.0,98,2,3,64.5,102.9,3.04,12.18,34.4,33.5,5,114567,1,1,Fog,City,0,0
28,6.4,57,1,5,74.3,83.9,5.89,12.45,55.6,34.4,15,213689,4,0,Clear,Highway,0,1
25,1.9,61,3,2,42.4,99.8,4.26,12.02,49.4,31.2,1,83566,0,0,Rain,City,0,0
50,7.2,51,4,4,69.5,85.1,0.97,12.85,38.6,27.6,8,303731,0,1,Clear,City,0,0
35,6.5,82,3,2,48.9,102.5,5.34,12.47,56.6,33.7,13,850060,0,0,Rain,Highway,0,1
24,2.6,55,1,1,58.2,95.7,3.9,12.45,48.6,32.4,9,556271,4,1,Rain,Mountain,0,0
45,5.9,84,0,1,68.9,99.2,5.04,12.2,45.1,31.1,8,62631,1,0,Clear,Highway,0,0
58,4.7,74,1,2,61.2,93.7,3.78,12.81,36.6,33.7,14,280887,2,0,Clear,Mountain,0,0
37,6.7,37,4,1,76.8,95.6,3.65,13.34,25.5,34.9,1,220627,1,3,Clear,Highway,1,0
25,7.4,51,1,1,83.2,92.2,2.67,11.75,35.2,26.5,6,414868,2,0,Clear,City,0,0
45,1.1,95,2,2,18.2,83.9,4.15,12.45,38.1,33.3,6,230723,0,2,Clear,Highway,0,0
55,9.4,84,0,3,84.9,100.8,4.59,12.52,32.4,32.6,7,663236,0,0,Fog,Highway,1,0
51,8.8,40,5,2,80.1,89.9,1.75,12.22,43.0,31.9,1,109182,0,0,Clear,Highway,1,0
39,5.0,62,2,2,65.5,92.8,2.68,13.18,25.7,35.0,8,200014,2,1,Rain,Highway,0,0
40,1.6,106,1,1,20.7,79.3,2.27,13.18,52.6,27.4,4,793034,1,0,Clear,Mountain,0,0
52,9.3,89,3,2,79.1,90.6,5.28,12.71,38.3,24.2,11,520515,1,1,Fog,Highway,1,1
40,11.5,92,4,0,100.0,95.2,4.62,12.26,47.9,28.2,4,585592,0,0,Fog,Highway,1,0
40,3.6,79,1,2,46.1,105.8,3.14,13.17,47.8,35.1,11,611536,0,0,Clear,Highway,0,1
43,4.6,106,1,6,56.3,91.5,4.58,12.45,32.1,31.6,10,232873,1,0,Clear,Highway,0,0
45,3.0,53,4,0,39.1,89.3,2.13,13.09,28.1,32.3,15,557586,1,0,Clear,City,0,0
33,7.3,63,4,1,83.2,86.7,3.8,13.82,36.9,38.1,13,128358,2,0,Clear,Highway,0,0
51,2.7,57,1,2,53.3,86.9,4.43,12.6,45.0,34.3,4,469550,3,1,Clear,Highway,0,0
59,4.9,66,2,2,59.7,106.3,2.96,12.68,43.1,36.1,13,830604,0,1,Clear,Mountain,0,1
52,8.7,44,3,1,100.0,83.5,3.49,12.25,51.3,32.8,6,441495,2,0,Clear,City,1,0
57,7.2,83,2,6,83.1,88.7,4.0,13.11,45.1,26.5,13,898045,1,0,Clear,Highway,0,0
40,5.3,99,3,0,52.8,103.4,4.65,12.71,45.7,32.3,6,80667,1,0,Clear,Highway,0,0
57,5.6,63,2,1,56.3,101.2,1.97,11.97,35.5,30.5,6,155557,0,0,Clear,Mountain,0,0
51,7.2,93,8,1,68.6,110.5,3.33,12.24,40.0,30.6,2,499834,1,3,Fog,City,1,0
54,1.1,79,2,3,26.9,100.6,2.58,13.58,40.2,34.2,5,398174,1,0,Clear,Highway,0,0
39,1.9,101,1,1,32.4,94.0,4.05,12.48,46.9,26.4,11,561517,0,0,Clear,Mountain,0,0
49,10.7,85,1,4,100.0,97.0,3.19,12.05,48.0,30.9,12,864523,0,1,Clear,Mountain,1,0
32,1.9,45,0,1,33.6,83.9,4.31,12.69,40.1,31.7,2,704231,0,1,Rain,City,0,0
54,8.8,40,0,2,92.9,91.2,2.16,12.33,40.4,34.9,6,238528,2,0,Clear,Highway,1,0
38,11.1,101,2,1,97.1,84.3,3.03,12.51,44.8,39.2,7,538062,1,0,Clear,Highway,1,0
27,4.0,96,1,0,54.4,103.4,5.5,12.87,57.5,26.7,6,628356,1,0,Clear,City,0,1
25,5.1,39,3,3,56.0,80.3,3.3,12.77,28.1,33.3,3,729865,0,1,Rain,Highway,0,0
41,7.3,43,2,1,72.9,90.0,4.58,12.62,34.6,32.0,14,198993,2,0,Clear,Highway,0,0
48,10.7,62,1,3,99.1,83.6,2.44,12.29,34.9,33.7,11,771984,2,0,Clear,Highway,1,0
36,11.4,72,1,2,100.0,100.1,2.01,11.71,31.5,40.8,14,324259,1,0,Clear,Highway,1,1
27,9.1,77,2,3,81.0,93.4,4.91,13.56,35.6,28.8,14,690940,2,0,Rain,Highway,1,0
35,2.0,55,4,2,42.8,91.8,4.31,13.53,45.0,31.2,10,549883,0,1,Clear,City,0,0
32,8.4,96,2,2,86.7,82.5,3.08,12.61,49.6,36.8,10,873449,0,1,Clear,Highway,1,0
30,5.5,80,2,0,50.4,103.4,5.13,13.02,43.8,34.3,5,814295,1,0,Clear,Highway,0,1
47,6.2,104,1,2,66.6,84.6,2.88,12.58,43.7,35.4,9,480162,0,0,Clear,Highway,0,0
37,1.5,72,1,4,8.6,88.8,2.64,12.21,34.6,31.7,14,813038,0,0,Clear,City,0,0
26,3.1,83,1,2,62.0,92.0,3.52,12.64,20.7,35.9,11,368798,0,0,Fog,Highway,0,0
31,9.7,109,1,1,93.9,96.3,3.23,12.67,45.0,35.7,6,405945,1,1,Rain,Highway,1,0
24,6.0,73,2,3,79.2,89.7,2.34,13.34,52.7,34.1,3,105091,0,0,Clear,Highway,0,0
34,4.3,105,2,3,67.9,103.5,3.38,12.65,49.7,38.9,15,767569,1,1,Clear,City,0,1
51,5.2,64,4,2,55.9,92.4,3.75,13.45,41.2,33.8,9,76561,1,2,Rain,City,0,0
27,10.4,55,3,2,100.0,105.3,4.33,12.52,42.6,34.3,11,110977,2,1,Clear,Mountain,1,0
38,9.2,35,4,2,95.5,84.6,6.16,12.32,53.2,31.7,14,293164,0,0,Clear,Mountain,1,0
40,4.0,66,5,3,71.0,96.2,4.72,13.34,36.4,34.3,12,105008,0,0,Clear,Mountain,0,0
56,2.3,42,3,2,36.5,86.1,2.44,13.3,38.4,33.9,13,314585,0,0,Clear,Mountain,0,0
47,3.8,103,2,1,49.9,90.8,6.22,12.64,27.6,35.0,5,124991,2,0,Clear,Mountain,0,0
26,11.1,64,1,1,94.8,81.3,3.55,12.77,45.7,34.1,12,246653,1,0,Clear,Highway,1,0
50,7.4,42,3,2,70.3,103.0,3.83,12.74,38.0,34.2,1,146953,0,1,Clear,City,0,0
58,6.9,53,2,3,70.2,103.0,2.82,12.71,39.6,31.7,10,236452,3,0,Rain,Highway,0,0
41,7.6,93,0,1,93.8,101.8,3.49,12.41,47.5,35.0,3,460836,3,0,Clear,Highway,1,0
42,5.0,89,4,2,78.9,99.7,3.48,13.8,36.0,33.6,3,496698,1,0,Fog,Highway,1,0
31,9.9,64,3,3,100.0,114.0,4.18,12.4,46.0,32.0,2,232540,3,1,Clear,Highway,1,0
26,6.8,70,2,0,77.9,93.7,4.41,12.88,46.4,30.6,2,706818,1,1,Clear,Highway,0,0
57,2.3,89,0,4,45.2,105.5,3.12,12.7,39.1,35.5,9,603295,2,1,Fog,Highway,0,0
27,2.4,78,1,1,32.4,91.9,4.69,11.34,48.7,35.5,14,813986,2,0,Clear,City,0,0
47,6.9,61,6,1,89.1,96.9,2.95,12.66,41.2,32.7,3,689959,2,0,Clear,Mountain,0,0
25,11.3,88,1,1,96.1,98.6,4.62,12.46,47.7,29.2,10,275341,3,0,Clear,Highway,1,0
56,4.4,82,3,2,50.7,77.5,2.84,12.32,37.1,37.5,11,702566,2,1,Clear,City,0,0
22,10.6,64,2,0,100.0,91.1,2.37,12.08,46.7,37.0,14,169454,1,0,Rain,Highway,1,0
45,9.4,73,4,0,90.4,90.2,3.2,13.5,39.2,40.2,4,273623,0,0,Rain,City,1,0
57,3.7,47,0,2,74.3,91.8,3.25,12.04,44.7,27.4,15,105017,1,1,Clear,City,0,0
27,1.4,50,2,2,37.9,86.3,2.52,12.5,44.8,32.2,6,560166,4,0,Fog,Highway,0,0
52,2.1,78,3,2,46.6,93.3,3.12,12.34,38.8,30.8,10,829658,1,0,Clear,Highway,0,0
41,9.0,105,1,2,84.4,94.9,2.96,12.07,38.6,27.6,9,824875,0,2,Rain,Mountain,1,0
45,3.2,61,0,2,55.2,84.0,3.5,12.98,40.3,33.2,1,653180,1,1,Rain,Highway,0,0
46,5.1,79,1,1,68.9,92.3,4.05,12.82,42.6,33.7,14,505766,0,0,Rain,Highway,0,0
57,6.5,69,4,2,87.6,90.0,3.42,12.35,46.6,32.8,3,284620,0,0,Clear,Highway,0,0
42,9.0,62,2,3,70.1,101.6,2.57,12.14,43.9,28.1,3,594699,0,0,Clear,Highway,1,0
51,2.2,41,1,2,29.8,96.6,3.14,12.86,18.0,34.8,6,279311,1,0,Rain,Mountain,0,0
45,5.5,96,1,5,67.4,85.8,4.49,12.82,48.8,29.4,9,568124,0,0,Clear,Highway,0,0
51,6.3,85,2,2,74.1,99.8,2.84,12.53,45.2,36.1,11,801146,0,0,Clear,Mountain,0,0
43,6.9,80,1,1,74.7,91.6,2.54,13.32,51.4,36.0,9,635455,0,1,Rain,City,0,0
49,10.0,54,3,4,84.7,92.5,1.96,13.39,48.8,34.2,5,384527,0,1,Fog,Highway,1,0
28,2.9,72,4,4,45.2,84.6,2.82,12.35,38.6,31.8,9,494846,0,1,Fog,Highway,0,0
56,9.9,95,2,2,100.0,93.6,4.33,13.64,32.7,33.4,14,275763,1,0,Rain,City,1,0
49,8.6,66,2,1,88.8,99.6,2.77,12.46,56.5,31.2,15,178828,0,2,Rain,Highway,1,0
35,7.1,60,4,3,76.4,90.1,3.46,12.47,52.3,34.9,6,293937,0,1,Rain,Mountain,0,0
31,8.7,92,1,3,99.0,104.6,3.01,12.96,48.0,37.2,5,598938,1,1,Clear,Mountain,1,0
37,5.5,73,1,0,62.5,99.2,2.95,12.77,35.6,36.9,8,216640,2,1,Clear,Highway,0,0
37,2.5,54,2,3,27.5,85.3,4.81,12.62,31.6,33.1,15,167255,0,1,Clear,Highway,0,0
52,8.3,84,1,1,100.0,94.1,3.35,11.64,38.5,37.2,15,262641,2,0,Clear,City,1,0
46,6.8,86,1,3,87.9,81.0,2.25,11.8,48.9,34.0,12,375639,1,0,Clear,Highway,1,0
34,8.0,56,3,1,83.6,84.3,1.97,11.96,22.7,26.0,14,871299,2,2,Rain,Highway,0,1
27,4.7,87,5,3,66.4,78.1,2.44,12.61,36.2,36.9,12,784288,1,1,Fog,City,0,0
30,11.0,100,3,2,92.8,79.2,2.33,12.34,63.4,33.6,7,639269,0,0,Clear,Highway,1,0
57,7.5,77,1,1,78.6,89.6,4.36,12.41,39.2,34.4,7,392535,3,0,Clear,Highway,0,0
41,1.9,57,2,4,18.1,90.5,3.29,12.45,42.3,31.8,4,154765,0,2,Clear,City,0,0
39,5.9,98,6,1,78.4,93.8,3.57,13.09,41.8,37.0,10,552592,0,0,Rain,Mountain,1,0
42,9.3,43,1,0,79.4,84.8,3.25,12.99,55.8,30.8,1,859613,0,0,Clear,Highway,1,0
25,9.7,41,2,2,93.5,98.7,3.3,12.39,39.4,36.7,13,745364,1,0,Clear,Highway,1,0
54,6.4,75,4,0,73.4,90.3,4.44,12.45,27.6,30.1,15,185514,4,1,Clear,Highway,0,0
48,10.8,88,3,1,100.0,94.5,4.52,12.17,50.2,33.8,13,403199,3,0,Clear,City,1,0
28,3.9,99,2,1,56.5,66.2,5.29,12.43,33.4,37.1,5,897856,1,0,Clear,Highway,0,0
27,5.5,36,0,0,75.4,92.0,2.62,13.25,30.1,37.5,14,126886,1,2,Clear,City,0,0
36,10.9,38,5,4,100.0,98.3,3.11,13.06,54.2,35.6,9,295749,0,0,Clear,Highway,1,0
39,10.9,66,0,3,100.0,73.8,3.69,12.79,47.9,36.4,14,185999,2,0,Clear,City,1,0
53,8.5,36,1,1,70.4,92.3,5.07,12.06,39.1,35.8,8,844611,1,0,Clear,Mountain,1,0
32,10.4,98,2,1,98.4,85.7,2.81,12.57,51.2,31.8,4,128971,2,3,Clear,Mountain,1,0
41,2.0,48,2,2,40.5,104.3,4.45,12.41,49.8,34.6,10,568429,2,0,Clear,Highway,0,0
45,10.5,54,4,1,100.0,81.7,2.89,12.52,36.5,33.9,9,135127,2,0,Clear,Highway,1,0
36,4.5,83,3,3,50.9,109.3,4.47,13.0,43.5,36.3,6,585420,2,1,Clear,City,0,0
28,3.0,42,2,3,63.7,102.3,3.59,13.14,41.1,36.5,7,264503,2,2,Clear,Highway,0,0
42,3.6,97,2,3,52.3,92.9,2.46,13.82,36.7,33.2,10,264337,0,0,Clear,Highway,0,0
47,5.6,80,1,1,57.7,80.5,3.38,12.15,42.4,32.7,10,899092,2,0,Clear,Highway,0,0
35,3.8,55,1,4,38.9,88.3,4.11,13.22,48.1,36.2,10,707104,2,4,Clear,City,0,0
58,4.5,66,1,1,63.4,97.5,0.62,12.53,34.5,32.5,8,704754,3,0,Clear,City,0,0
42,2.5,42,6,9,33.6,92.9,4.41,12.24,48.6,36.4,1,663454,3,0,Clear,Mountain,0,0
39,4.3,50,0,0,51.7,83.2,2.03,13.69,27.1,33.4,4,403163,0,2,Fog,Mountain,0,0
26,7.3,74,3,2,80.0,100.9,3.28,13.48,43.8,31.4,6,209714,0,0,Rain,City,0,0
24,5.9,61,4,2,69.2,91.2,3.39,12.46,36.1,31.9,4,325561,0,0,Rain,Mountain,0,0
44,4.8,52,3,3,77.5,94.3,0.77,12.24,54.6,24.5,3,318914,2,2,Clear,Mountain,0,0
47,9.2,69,3,2,97.5,100.0,2.89,11.72,29.1,32.8,13,851346,0,1,Clear,Mountain,1,1
58,10.8,86,0,5,100.0,99.1,3.92,13.23,40.1,34.9,5,176601,1,1,Clear,Highway,1,0
45,9.3,49,0,2,86.9,100.6,5.36,11.58,35.3,40.7,4,215249,0,1,Clear,Highway,1,1
40,4.7,97,2,4,74.3,97.6,4.32,12.53,37.5,31.1,5,95710,1,3,Rain,Highway,1,0
46,9.2,87,2,0,88.4,86.6,4.41,12.15,32.9,32.0,12,630982,1,0,Clear,Mountain,1,0
42,2.7,100,0,3,47.4,91.7,1.34,13.3,43.4,31.0,15,701454,0,1,Clear,City,0,0
33,2.4,65,1,1,41.1,102.8,3.2,13.52,43.8,30.7,2,300131,2,0,Clear,Highway,0,0
54,4.8,95,0,1,62.6,81.2,5.32,11.75,28.2,34.7,14,513111,2,0,Clear,Mountain,0,1
25,9.9,98,6,2,100.0,83.0,4.5,12.64,47.0,31.8,15,176318,3,0,Rain,City,1,0
28,3.7,68,2,1,52.4,96.3,2.99,12.73,29.3,30.8,3,841175,2,0,Rain,Highway,0,0
43,1.7,89,5,0,41.8,91.3,3.61,12.46,42.2,34.2,13,185965,1,0,Fog,Highway,0,0
54,2.4,93,4,1,42.3,78.6,4.48,12.28,56.1,34.7,8,95907,1,0,Fog,City,0,0
38,10.4,37,1,0,98.7,97.6,4.45,13.38,35.1,30.9,15,732037,2,0,Clear,Highway,1,0
45,8.0,51,4,3,88.9,95.6,3.37,12.34,39.6,36.3,8,605263,0,1,Rain,City,0,0
55,3.8,80,4,1,43.9,113.1,3.26,13.59,35.7,38.0,10,521419,2,0,Rain,City,0,0
49,7.1,72,2,2,65.2,93.6,3.94,12.27,36.6,35.1,13,437740,1,1,Clear,Mountain,0,0
43,6.8,69,1,0,80.2,109.0,4.47,12.99,44.5,34.6,8,720388,1,0,Rain,City,0,0
38,8.2,35,2,1,90.2,99.9,3.11,13.02,54.9,26.1,3,181805,1,0,Clear,Highway,1,0
55,3.6,63,2,0,52.4,76.9,1.65,12.27,41.7,30.5,1,400238,1,1,Rain,Mountain,0,0
27,10.5,38,2,1,100.0,92.2,3.42,11.71,51.5,28.9,11,168787,1,0,Clear,Highway,1,0
27,4.4,95,4,1,54.5,91.5,2.24,12.17,36.2,35.8,2,111739,1,0,Clear,Highway,0,0
55,8.6,51,0,2,78.0,91.3,5.43,12.01,50.9,35.9,3,137133,2,1,Clear,Highway,1,0
22,1.2,62,1,3,11.0,85.1,2.55,13.01,55.3,34.3,2,376014,2,0,Rain,Highway,0,0
31,5.1,84,1,0,69.7,98.4,3.38,12.41,51.7,32.2,3,214600,0,0,Fog,Highway,0,0
42,4.9,42,2,2,67.9,89.2,2.79,13.29,47.8,32.2,7,493925,1,3,Rain,City,0,0
26,7.0,68,3,3,73.5,101.4,2.98,12.89,47.1,44.6,5,324934,1,0,Fog,Highway,0,0
23,1.8,93,0,2,49.1,100.2,4.33,12.5,35.9,35.4,14,223693,4,0,Fog,City,0,1
43,9.7,52,1,2,100.0,90.1,4.55,12.64,30.2,32.7,11,816047,1,0,Clear,City,1,0
23,3.4,93,1,1,50.6,87.1,4.16,11.94,47.3,34.5,11,857819,1,0,Clear,City,0,0
31,8.4,61,0,0,100.0,87.5,4.47,12.5,35.7,29.2,12,500077,0,0,Rain,City,1,0
55,9.8,50,1,1,85.9,92.2,2.97,12.67,36.3,34.7,11,206676,2,2,Clear,Mountain,1,0
37,7.2,44,2,0,77.1,94.6,2.4,12.41,30.1,32.2,5,751633,2,1,Clear,Mountain,0,0
43,9.1,56,1,4,84.3,88.4,2.75,12.32,37.4,34.5,2,640714,1,0,Clear,City,1,0
33,8.3,50,2,0,82.7,88.7,3.93,13.1,50.7,30.2,9,384021,0,0,Clear,Highway,1,0
45,4.9,46,3,3,58.5,94.3,4.72,12.13,49.7,38.5,9,740794,2,0,Rain,Mountain,0,0
59,9.9,109,3,1,98.8,100.3,2.27,12.89,31.4,30.3,1,680378,0,2,Clear,Highway,1,0
31,4.2,85,2,2,42.9,93.9,3.14,13.15,34.3,32.0,15,602521,4,0,Clear,Mountain,0,0
56,7.3,35,2,4,79.1,91.8,3.23,12.85,27.6,29.7,8,65695,0,0,Clear,Highway,0,0
53,9.2,61,0,3,85.4,93.9,2.73,12.0,44.9,30.8,8,432421,2,1,Clear,Mountain,1,0
28,5.2,101,1,1,73.6,77.6,4.1,12.66,43.5,32.6,9,366338,1,0,Rain,Highway,1,0
42,4.3,46,1,0,62.0,90.1,4.5,13.05,44.2,33.1,14,812343,0,1,Clear,City,0,0
41,6.1,64,2,5,72.2,81.9,5.95,12.46,38.5,32.3,2,207327,1,0,Clear,Highway,0,0
47,10.0,43,6,4,95.2,87.6,5.47,12.17,47.3,34.5,6,227199,0,0,Clear,Mountain,1,0
25,11.2,87,1,5,100.0,84.7,4.29,12.16,39.7,40.1,2,196342,0,2,Clear,Highway,1,0
43,7.0,95,1,1,83.1,84.6,3.04,12.76,49.7,32.4,1,391372,2,1,Clear,Highway,1,0
36,8.3,88,3,2,83.0,84.1,4.21,12.43,33.2,31.5,7,843103,0,1,Fog,Highway,1,0
42,10.9,71,4,2,91.3,110.6,1.55,12.29,49.0,37.1,3,362851,0,1,Clear,Highway,1,0
36,2.1,99,1,3,44.0,91.5,4.16,11.55,45.5,30.2,8,439535,1,0,Rain,Highway,0,0
43,3.6,76,2,3,54.1,101.6,3.87,13.5,47.3,37.9,3,445649,2,1,Clear,Highway,0,0
49,8.8,83,2,4,93.6,98.1,3.58,12.44,39.4,27.5,14,440202,0,1,Fog,Highway,1,0
35,10.1,38,1,3,93.2,97.5,2.72,13.01,56.0,36.0,12,794186,1,0,Rain,City,1,0
48,10.4,98,1,1,100.0,96.4,4.29,13.27,36.3,30.2,2,695562,0,0,Rain,Highway,1,0
49,5.6,85,0,1,76.3,108.7,2.51,14.3,60.2,30.1,8,846117,0,1,Clear,Highway,0,0
47,2.0,106,1,4,38.8,95.4,4.56,12.94,45.6,34.2,8,232532,1,0,Fog,City,0,0
23,5.8,94,2,3,62.4,77.8,4.1,12.77,51.2,35.7,12,675857,1,0,Clear,City,0,0
46,3.5,65,3,3,44.2,90.6,3.93,11.83,53.6,35.1,13,519232,0,0,Clear,Mountain,0,0
24,4.2,106,2,1,49.6,83.6,2.52,11.59,48.2,30.9,10,856054,1,0,Fog,Highway,0,0
29,9.5,92,5,3,91.6,80.8,2.85,11.41,57.0,35.6,1,248699,0,0,Fog,Highway,1,0
54,1.8,38,1,0,30.9,95.5,2.01,12.52,49.6,30.5,1,467960,1,0,Rain,Mountain,0,0
56,10.1,56,1,1,100.0,75.4,4.34,12.1,47.9,32.2,12,632495,0,1,Clear,City,1,0
27,5.7,37,1,1,74.6,92.9,3.54,12.36,45.8,31.3,10,685768,1,0,Fog,City,0,0
44,7.6,81,3,4,95.3,78.8,2.96,13.32,45.1,32.5,3,280973,0,0,Clear,Mountain,0,0
46,2.0,72,2,2,26.9,90.6,3.36,12.86,51.0,31.4,10,869993,0,0,Fog,Highway,0,0
40,4.7,67,0,4,50.1,98.2,4.55,12.59,35.3,33.5,4,675714,0,0,Clear,City,0,0
26,2.0,82,2,2,44.4,86.8,2.36,12.7,40.8,28.9,8,262574,0,0,Clear,Highway,0,0
32,11.6,99,2,3,100.0,82.5,3.06,12.25,46.1,34.8,12,620101,2,2,Rain,Highway,1,0
33,9.9,60,1,1,87.6,89.3,1.92,12.36,36.2,31.5,14,276009,1,1,Clear,Mountain,1,0
31,6.1,42,0,1,59.4,97.0,2.45,11.91,49.7,29.8,8,713470,2,0,Clear,Highway,0,0
29,3.5,84,1,3,46.2,94.4,3.25,12.99,40.3,36.1,8,752768,2,0,Clear,Highway,0,0
45,11.3,72,3,1,100.0,91.4,4.58,13.49,31.8,38.6,14,200858,1,0,Clear,Highway,1,0
49,4.8,44,1,1,57.1,85.3,4.14,13.28,37.2,34.7,7,719397,0,0,Rain,Highway,0,0
57,2.8,76,5,3,45.1,88.7,4.49,12.61,49.7,33.7,1,552235,1,2,Clear,City,0,0
58,7.2,71,2,0,65.6,97.5,4.16,13.08,33.7,31.8,1,831589,1,1,Clear,Mountain,0,0
42,11.4,60,3,1,100.0,90.9,2.54,12.87,34.3,29.0,5,542372,2,1,Clear,Highway,1,0
29,1.0,46,2,0,36.7,93.9,5.19,12.69,46.2,34.7,15,697019,1,1,Fog,Highway,0,1
30,3.6,83,0,4,44.1,89.1,4.24,12.78,31.5,28.3,15,319237,1,0,Rain,Highway,0,0
36,11.3,48,1,0,100.0,83.0,5.3,11.94,46.5,34.4,12,392857,1,0,Clear,City,1,1
39,2.9,80,1,0,52.8,108.0,5.17,12.36,25.5,27.8,15,824964,0,1,Clear,City,0,1
41,2.2,69,3,2,35.3,98.3,3.41,12.26,45.8,33.6,5,873832,0,1,Rain,Highway,0,0
27,7.3,63,4,2,71.8,94.2,3.01,11.84,41.3,36.9,5,569420,1,2,Clear,Highway,1,0
33,10.5,46,2,3,100.0,90.7,1.27,12.89,55.1,34.1,15,824246,0,1,Clear,Mountain,1,0
23,6.2,78,3,2,72.0,103.4,3.67,12.95,26.4,36.3,1,765661,1,0,Rain,Highway,0,1
28,11.9,100,0,1,100.0,85.6,3.46,11.33,36.8,37.4,3,764479,3,0,Rain,Highway,1,0
37,8.5,36,0,4,91.2,97.4,2.86,12.59,46.1,33.1,1,525682,0,0,Clear,Highway,1,0
24,1.8,93,1,3,37.1,92.3,3.0,12.43,41.6,38.6,2,465304,0,0,Clear,City,0,0
24,11.9,51,2,2,100.0,89.9,4.02,12.29,38.0,32.2,11,731125,2,0,Fog,Highway,1,0
48,5.5,44,2,4,65.5,89.8,1.62,11.78,27.9,30.1,14,758196,3,0,Clear,Highway,0,1
59,4.2,52,2,0,49.7,102.4,4.78,12.63,45.4,30.0,12,299347,1,0,Clear,City,0,0
54,7.1,56,2,1,74.1,77.0,4.37,12.61,60.1,35.9,11,148716,0,0,Rain,City,0,0
49,4.3,92,0,4,68.6,105.3,3.14,12.41,36.1,32.3,8,216601,0,1,Fog,Mountain,0,0
22,2.0,87,2,4,36.4,100.2,3.42,13.0,42.6,31.7,4,782960,1,0,Clear,Highway,0,0
29,1.0,35,1,1,24.3,92.3,3.82,12.98,44.8,35.2,4,65494,1,0,Rain,Mountain,0,0
58,5.9,95,0,1,60.5,90.1,4.31,11.67,38.8,28.3,5,895556,1,2,Fog,Highway,0,0
53,10.2,65,1,3,79.6,91.9,5.53,12.98,41.7,40.9,2,352672,1,1,Fog,City,1,0
58,7.3,65,1,3,99.3,95.9,2.97,12.12,33.7,29.5,9,307795,1,0,Rain,City,0,0
25,12.0,100,0,2,100.0,101.9,4.86,12.46,30.9,34.8,15,348441,2,0,Rain,Mountain,1,0
51,4.2,53,2,1,59.9,95.9,3.28,13.42,54.0,34.6,13,456720,2,1,Rain,City,0,0
27,4.1,87,2,2,42.4,94.2,3.1,12.58,41.0,32.6,13,122041,0,0,Rain,Highway,0,0
40,2.8,108,2,4,69.7,92.2,3.24,13.11,46.4,36.3,10,763043,0,0,Clear,Highway,0,0
53,2.8,56,2,2,28.4,77.3,4.58,12.47,45.5,35.5,9,709910,1,2,Clear,Highway,0,0
30,4.1,57,0,2,56.7,78.7,2.93,13.07,34.4,32.7,13,584280,1,0,Clear,Highway,0,0
33,9.7,49,3,3,80.5,100.8,3.61,12.57,31.6,34.9,3,745839,1,1,Rain,Highway,1,0
32,11.0,60,0,2,86.3,95.8,2.99,12.47,37.1,26.4,1,724075,1,0,Clear,Highway,1,0
37,11.7,37,2,4,100.0,98.6,3.07,12.66,43.8,31.8,2,97323,0,1,Clear,Mountain,1,0
22,3.6,54,0,7,52.4,98.5,4.85,12.04,35.4,34.7,11,69517,0,0,Clear,Mountain,0,0
42,10.7,74,4,2,100.0,96.9,3.49,12.34,38.3,31.0,11,479057,1,1,Fog,City,1,0
51,4.6,73,0,1,71.7,99.0,2.83,12.91,25.9,32.8,8,751051,2,0,Clear,Mountain,0,0
34,2.2,106,5,2,37.1,85.2,3.07,13.02,41.7,32.4,8,324307,0,1,Fog,City,0,0
55,10.6,52,4,1,100.0,96.5,3.78,12.14,42.6,27.9,13,654412,0,0,Fog,City,1,0
25,8.0,75,0,3,76.2,95.6,3.45,13.46,42.0,35.7,2,687520,0,0,Clear,Mountain,0,0
49,2.8,104,0,2,55.4,102.6,3.5,13.5,33.9,33.4,10,625813,2,1,Rain,Highway,0,0
59,5.7,61,2,1,79.4,63.0,3.2,12.14,34.1,29.5,5,761175,0,0,Fog,City,0,0
52,4.2,49,3,2,51.1,111.1,4.54,12.37,33.3,38.5,14,242429,0,1,Clear,City,0,0
48,9.1,71,1,4,96.6,98.8,4.08,12.58,38.6,33.6,9,653774,0,1,Clear,City,1,0
26,6.0,92,1,5,61.0,94.0,3.28,13.21,36.3,33.7,12,85706,1,1,Rain,Highway,0,0
46,11.9,39,2,5,100.0,84.4,3.63,12.89,53.3,32.7,13,692783,1,0,Clear,Mountain,1,0
24,1.6,107,4,2,40.2,89.7,2.69,12.45,56.4,38.7,11,541675,1,0,Clear,Mountain,0,0
54,4.9,41,1,0,64.0,94.8,3.43,11.97,49.2,35.8,4,287188,0,2,Clear,Mountain,0,0
25,6.3,75,1,3,53.1,105.4,2.81,11.62,42.8,30.9,1,729082,4,0,Clear,Highway,0,1
46,6.5,44,0,2,60.6,104.2,3.7,12.74,39.5,26.8,14,332992,0,2,Clear,Mountain,0,1
41,4.5,96,1,5,50.1,96.9,3.4,13.51,35.3,35.0,15,402267,1,1,Clear,City,0,0
55,9.0,60,0,1,94.2,97.8,3.26,12.6,42.5,32.6,1,802416,2,1,Fog,Mountain,1,0
47,10.6,102,1,4,95.6,93.6,3.64,12.81,40.7,31.9,6,273156,1,0,Clear,Highway,1,0
26,11.3,58,2,3,96.3,83.9,3.8,12.71,33.7,32.6,15,258926,2,0,Clear,Highway,1,0
56,9.9,75,3,2,72.9,85.7,4.59,11.78,35.7,27.6,15,130536,1,1,Clear,City,1,0
49,10.4,99,1,4,100.0,99.7,4.28,13.39,26.4,33.4,7,896214,2,1,Rain,City,1,0
50,7.1,51,4,1,78.8,97.7,4.45,12.21,33.9,32.3,15,786230,1,1,Clear,Highway,0,0
30,10.1,58,3,4,86.4,87.1,3.15,12.2,45.2,31.7,9,816872,0,2,Clear,Highway,1,0
59,4.3,61,2,3,64.7,85.9,3.79,12.83,50.3,33.2,12,766956,2,1,Clear,Highway,0,0
27,5.4,41,1,0,78.1,97.2,5.23,12.24,46.2,37.7,13,274458,0,1,Clear,City,0,0
40,4.5,107,3,2,58.1,89.6,3.4,11.95,38.0,32.0,6,747620,1,2,Fog,City,0,0
32,6.1,46,3,1,75.0,85.7,3.63,13.08,28.7,36.8,10,837511,0,1,Rain,Highway,0,0
23,4.1,37,2,0,65.9,94.7,3.64,12.66,32.4,33.5,5,334182,0,1,Clear,Highway,0,0
30,11.6,44,1,3,100.0,97.4,3.4,13.08,45.5,37.0,5,875093,2,0,Clear,City,1,0
42,4.4,67,2,2,61.5,83.2,4.79,12.42,45.3,32.8,12,752181,1,0,Clear,City,0,0
45,2.1,80,2,1,21.5,89.3,3.06,12.37,36.8,30.4,3,306726,1,2,Rain,City,0,0
55,6.8,93,4,1,47.1,97.8,4.58,12.73,38.8,39.4,15,769945,1,1,Clear,Highway,0,0
43,1.6,86,1,3,41.4,104.6,4.27,12.78,57.4,36.1,4,618955,1,3,Clear,Highway,0,0
24,2.2,40,0,1,35.4,94.3,3.44,12.28,27.9,37.3,11,287562,0,0,Clear,Mountain,0,0
33,3.4,36,7,2,42.7,87.9,3.09,12.22,42.1,34.8,12,473229,1,1,Clear,Highway,0,0
49,6.1,63,1,1,78.5,85.4,3.47,13.05,32.3,33.2,3,789921,1,0,Clear,Highway,0,0
51,5.8,74,2,1,56.9,92.0,4.66,12.77,32.8,36.0,10,226974,1,1,Clear,City,0,0
47,9.8,95,1,1,98.0,91.7,4.58,12.74,45.3,34.8,14,143899,1,0,Fog,City,1,0
42,9.1,102,7,4,93.4,74.7,4.3,11.61,55.6,31.4,10,139639,0,0,Rain,Highway,1,0
49,5.7,102,1,1,72.5,78.4,3.41,12.73,46.9,34.4,9,579660,0,1,Rain,Highway,1,0
47,4.7,63,4,1,61.0,73.7,3.54,12.79,54.5,32.0,7,494614,0,0,Rain,Highway,0,0
54,4.5,96,0,3,59.4,92.1,4.13,12.44,26.5,29.2,1,220459,0,2,Fog,Highway,0,0
42,9.5,94,1,3,92.0,100.4,3.26,12.88,45.9,32.8,11,695090,1,0,Rain,Highway,1,1
56,1.6,75,3,4,29.0,99.3,4.34,12.25,49.2,31.2,5,93654,1,0,Clear,Highway,0,0
55,1.1,99,5,2,32.2,81.8,3.65,12.77,40.0,39.3,15,182497,0,0,Clear,City,0,0
39,9.8,98,3,0,93.4,84.7,4.51,11.84,48.6,29.8,1,541311,3,0,Clear,City,1,0
32,6.2,97,1,2,61.3,81.6,2.09,13.05,62.6,31.7,4,547761,1,0,Clear,Highway,0,0
44,2.4,82,1,2,52.1,92.7,2.89,12.21,43.2,31.3,10,838710,1,1,Rain,Highway,0,0
43,3.6,54,3,0,42.1,99.4,3.17,12.82,38.9,35.3,1,99380,1,1,Clear,Mountain,0,0
38,11.3,71,1,1,100.0,101.1,3.91,13.22,51.1,33.8,9,240157,2,0,Clear,Highway,1,0
26,10.5,98,3,2,100.0,86.6,3.12,13.09,50.9,38.7,9,735390,1,0,Clear,Highway,1,0
32,8.8,39,2,1,83.5,92.9,5.68,12.82,39.8,37.5,4,152904,0,2,Rain,Highway,1,0
51,6.3,68,0,1,73.6,86.0,2.28,13.01,37.6,33.3,12,840369,1,1,Clear,Highway,0,0
36,6.7,73,0,4,77.7,92.2,4.52,13.35,50.9,29.7,1,435491,2,0,Rain,Mountain,0,0
48,11.7,101,2,2,100.0,86.9,4.73,12.66,38.5,34.1,13,727650,1,0,Clear,City,1,0
56,11.6,96,3,3,100.0,87.5,4.0,13.09,41.6,33.7,14,365529,1,0,Fog,Highway,1,0
54,3.4,58,1,2,35.9,81.4,3.18,12.01,44.4,28.5,6,707185,0,1,Fog,Highway,0,0
41,9.9,37,2,1,100.0,68.0,3.48,12.24,40.5,32.4,14,390071,1,0,Clear,City,1,0
37,3.2,105,1,1,56.6,88.9,4.32,13.35,42.2,33.6,15,769077,0,2,Rain,Highway,0,0
55,3.3,101,1,5,56.4,94.7,1.9,12.48,35.4,33.1,5,232706,0,2,Fog,Highway,1,0
23,8.4,84,1,1,90.9,93.6,2.87,12.34,46.5,30.1,15,200343,0,1,Clear,Mountain,1,0
56,5.5,63,3,1,44.2,80.0,2.96,12.46,38.8,33.0,4,490276,2,2,Fog,City,0,0
49,11.2,108,1,2,100.0,73.9,4.04,12.24,54.3,32.6,15,753936,2,1,Fog,Highway,1,0
27,2.0,66,4,0,34.9,91.4,4.59,12.51,42.9,34.5,12,487872,0,1,Rain,Mountain,0,0
30,6.6,73,3,1,66.9,82.7,5.48,12.08,50.2,30.3,15,544249,1,0,Clear,City,0,0
41,11.1,43,4,1,100.0,88.4,1.64,12.32,47.0,36.5,2,490955,1,0,Clear,City,1,0
22,10.9,48,2,2,100.0,82.6,2.47,12.64,51.0,34.5,13,433313,2,0,Clear,City,1,0
29,2.7,102,1,4,51.7,79.6,3.16,13.39,38.4,29.0,6,615050,0,0,Rain,City,0,0
44,5.0,98,1,1,63.4,101.4,4.06,12.58,32.5,33.8,7,567750,3,0,Clear,Highway,0,0
24,7.8,54,2,2,79.7,95.7,4.26,11.74,34.8,33.1,1,797926,0,1,Fog,Highway,0,0
25,2.8,62,2,0,38.9,91.8,2.32,13.1,34.2,32.7,3,372046,4,0,Clear,Highway,0,0
46,11.6,48,2,1,100.0,99.1,3.88,13.0,35.5,28.6,7,443103,0,0,Fog,City,1,0
59,11.1,78,4,2,95.4,92.1,0.94,12.2,32.6,32.0,10,68734,0,1,Clear,Highway,1,0
36,2.8,73,1,3,37.4,89.0,3.79,12.99,41.1,31.1,6,602105,3,0,Rain,Highway,0,0
42,2.3,62,2,1,16.5,105.3,3.47,12.53,48.0,31.7,2,651668,0,1,Clear,Highway,0,0
56,1.9,98,1,1,39.4,105.8,3.4,13.32,31.7,35.7,8,734677,1,2,Rain,Mountain,0,0
35,11.0,66,1,0,100.0,83.9,3.11,13.79,36.6,31.0,6,762174,0,0,Clear,Mountain,1,0
57,3.1,43,3,1,37.1,94.2,3.41,12.8,50.2,39.6,1,234461,2,0,Fog,Highway,0,0
33,5.6,62,1,3,53.9,93.1,3.82,12.98,29.6,40.4,7,759611,1,1,Clear,Mountain,0,0
38,5.9,51,4,2,76.7,98.9,5.16,13.4,42.0,34.1,9,125482,0,2,Fog,City,1,0
30,7.6,89,2,2,73.7,83.5,2.21,13.08,46.7,29.1,12,736838,2,1,Clear,Highway,1,0
56,1.8,44,0,5,40.8,102.2,3.23,12.83,58.7,29.1,13,115165,1,1,Rain,Highway,0,0
34,3.5,40,5,2,47.9,84.6,4.04,12.55,23.1,34.4,8,831691,0,0,Clear,Mountain,0,0
36,11.2,82,3,1,100.0,90.9,3.44,12.03,31.5,32.3,7,400519,1,0,Clear,Highway,1,0
39,11.0,109,2,0,100.0,82.9,3.62,12.46,44.3,30.8,8,407738,0,0,Clear,Highway,1,0
54,9.6,101,0,0,97.1,87.7,2.91,12.48,39.0,33.0,15,313121,0,1,Rain,City,1,0
27,1.2,75,0,1,44.5,83.7,4.33,12.61,20.1,29.1,8,494625,1,1,Rain,Highway,0,0
48,4.6,94,4,4,49.4,84.4,1.33,11.68,38.4,40.1,4,760861,1,1,Clear,City,1,0
44,7.9,76,1,3,70.0,98.2,2.51,12.42,34.7,34.7,5,896975,1,1,Fog,City,0,0
48,4.0,105,1,3,51.8,91.6,5.46,12.47,28.8,37.9,15,719368,3,1,Clear,City,0,1
55,11.0,62,1,2,100.0,108.0,2.27,11.9,39.0,35.9,5,61509,1,0,Rain,City,1,0
59,8.0,47,4,1,82.1,90.3,2.63,12.8,31.4,35.3,8,629398,0,0,Clear,Highway,0,0
35,1.8,49,1,1,52.4,85.7,2.71,13.06,35.1,30.3,15,605867,0,0,Clear,Highway,0,0
57,11.0,70,6,1,100.0,87.8,2.96,12.6,52.4,25.1,11,54356,0,0,Rain,Highway,1,0
29,11.5,49,3,1,100.0,90.8,3.48,11.98,56.9,36.1,10,624567,0,0,Clear,City,1,0
56,1.9,109,0,3,35.8,94.5,4.58,12.55,34.8,33.1,11,169356,0,0,Clear,Mountain,0,0
40,6.9,90,1,3,57.1,88.8,3.98,12.97,42.9,39.6,9,602112,1,0,Clear,Highway,0,0
51,4.3,38,3,3,64.9,81.7,3.26,12.95,47.0,31.7,11,196382,5,0,Clear,City,0,0
35,5.3,86,2,3,55.6,99.5,5.25,12.58,35.2,33.1,8,123825,1,0,Clear,Highway,0,0
41,3.0,44,2,1,46.0,101.8,3.08,12.8,34.2,32.0,11,290708,1,1,Clear,City,0,0
46,7.4,79,2,3,76.6,88.6,3.56,12.28,47.1,37.0,2,269203,1,0,Clear,Highway,0,0
45,11.5,63,1,3,97.1,103.9,3.62,12.97,40.2,25.7,7,504800,1,0,Rain,Highway,1,0
35,6.5,87,1,1,80.3,88.0,4.35,12.4,40.3,34.2,3,818128,0,1,Rain,Mountain,1,0
47,1.9,63,2,2,24.6,100.3,2.35,12.22,32.6,31.0,2,697228,1,0,Clear,Highway,0,0
59,7.8,57,1,3,77.2,84.4,2.48,13.08,33.8,33.2,2,482393,0,0,Rain,Mountain,0,0
44,4.7,91,2,0,66.1,111.0,4.44,12.67,42.5,37.7,10,405233,3,1,Clear,City,0,0
43,10.4,84,2,1,93.5,77.9,5.28,12.64,38.5,29.8,2,544204,0,0,Fog,City,1,0
40,5.8,55,2,2,81.3,83.2,3.14,12.87,42.7,29.7,3,394764,0,1,Clear,Highway,0,0
24,3.1,77,2,2,34.9,109.6,2.24,12.57,49.5,38.6,12,865537,1,0,Clear,Mountain,0,1
40,3.1,44,3,1,33.1,78.3,2.31,12.13,43.2,31.9,4,519536,2,1,Rain,Highway,0,0
30,9.5,64,1,4,96.5,90.0,4.54,12.49,36.8,31.4,6,734457,1,0,Clear,Mountain,1,0
49,3.9,85,6,0,67.5,87.8,1.81,11.86,49.2,31.5,1,854055,0,0,Clear,City,0,0
41,9.4,67,2,1,95.1,92.2,3.56,13.19,41.7,28.1,10,288066,0,0,Rain,Highway,1,0
28,3.3,52,1,2,56.2,94.0,3.32,12.05,52.5,37.7,8,620551,0,2,Rain,Highway,0,0
35,4.5,56,0,1,42.6,90.1,2.82,13.57,36.3,37.3,8,211396,3,0,Fog,Highway,0,0
30,6.1,98,2,0,65.1,97.9,2.64,12.21,41.1,27.8,4,181163,1,0,Clear,Highway,0,0
40,11.4,55,1,3,100.0,103.3,4.2,12.91,39.3,32.0,1,277026,3,1,Clear,Highway,1,0
35,11.2,35,1,0,97.0,87.4,4.28,13.54,42.8,28.3,15,117777,1,0,Clear,Highway,1,0
59,3.3,49,1,3,30.5,77.7,4.67,12.73,43.8,35.4,11,307920,1,0,Clear,Highway,0,0
57,4.9,70,1,1,56.8,86.6,3.98,12.44,41.9,34.8,6,837628,1,0,Fog,City,0,0
38,2.6,81,2,0,56.6,94.4,3.51,12.62,48.4,30.0,7,839272,1,2,Fog,Highway,0,0
51,6.6,88,0,1,75.0,93.3,3.66,12.17,45.3,31.7,1,58450,1,0,Rain,City,1,0
30,6.1,66,1,1,62.0,99.1,4.49,11.59,61.6,37.1,8,555286,0,1,Rain,Highway,0,0
54,10.9,92,3,0,86.8,106.9,1.79,12.9,62.8,32.6,4,268200,0,1,Rain,City,1,0
46,11.2,80,1,3,100.0,93.7,3.94,11.59,36.4,31.1,14,882078,0,0,Clear,City,1,0
35,5.2,88,2,2,57.2,88.7,2.92,11.92,37.8,35.9,1,762307,1,1,Rain,Highway,0,0
32,6.4,67,1,2,75.0,86.2,3.88,12.63,31.7,33.2,9,202120,1,1,Fog,City,0,0
56,10.9,73,0,3,100.0,90.5,2.47,12.27,54.9,36.9,14,640977,5,0,Clear,Highway,1,0
35,9.9,57,3,2,100.0,98.8,4.35,12.85,38.5,35.9,14,560981,0,1,Rain,Mountain,1,0
51,1.0,77,1,2,35.7,87.2,4.09,13.4,44.0,35.0,8,496584,1,0,Clear,Highway,0,0
25,4.5,89,7,1,55.3,96.8,2.79,12.47,32.3,30.4,9,274084,3,2,Clear,Highway,1,0
25,5.6,36,3,4,64.2,83.3,3.03,12.3,43.0,37.0,4,489420,0,0,Clear,City,0,0
49,3.5,100,0,2,48.3,91.9,2.94,13.48,27.9,33.0,8,345286,0,1,Clear,Highway,0,0
29,3.2,72,3,2,28.2,79.6,3.56,12.94,51.6,33.2,14,104842,0,0,Clear,Mountain,0,0
23,1.4,63,3,2,38.4,87.5,5.53,13.06,56.7,28.5,8,806757,1,2,Rain,City,0,0
43,8.1,101,3,4,100.0,103.8,1.68,13.02,47.6,31.0,10,751875,2,0,Clear,Highway,1,0
37,3.9,105,0,3,51.8,94.1,3.83,12.48,34.4,30.2,15,834232,4,0,Rain,City,0,0
50,1.6,70,0,2,25.0,90.9,3.93,12.41,46.4,34.5,11,466269,2,0,Fog,Highway,0,0
51,3.5,63,1,2,47.9,94.2,2.97,12.12,43.6,35.7,2,726845,0,1,Clear,Highway,0,0
33,9.8,71,2,1,94.1,96.1,1.83,12.96,53.1,32.2,13,449273,1,0,Fog,Highway,1,0
56,10.4,79,1,4,100.0,94.6,3.3,12.79,48.8,33.4,10,79838,1,1,Rain,Mountain,1,0
32,6.3,50,7,3,67.3,93.8,2.28,12.92,33.4,32.8,8,212509,1,1,Clear,Highway,0,0
42,5.6,65,1,0,43.3,84.0,4.06,11.66,51.3,38.3,15,229684,1,0,Clear,City,0,0
42,11.8,68,0,2,100.0,80.2,2.12,13.07,41.4,26.0,6,100978,1,1,Clear,Mountain,1,0
26,3.2,84,2,0,67.8,97.8,3.45,12.37,52.5,29.7,3,328332,1,1,Clear,City,0,0
41,3.4,99,3,3,33.8,81.5,2.73,11.55,29.5,32.1,8,435904,0,1,Fog,Highway,0,0
58,4.2,96,3,4,64.6,94.9,4.62,11.95,46.2,34.0,15,608456,1,1,Rain,City,0,0
24,2.9,77,2,4,47.2,100.1,5.07,12.35,39.6,31.5,1,599211,2,0,Fog,Highway,0,1
54,5.2,90,2,1,52.4,83.8,3.14,12.24,42.8,28.1,2,305076,1,0,Rain,City,0,0
30,11.0,49,1,2,94.6,86.7,2.45,12.61,36.6,35.0,7,555177,2,1,Rain,Mountain,1,0
30,7.8,82,1,4,85.0,90.8,5.17,12.83,46.0,38.1,12,325397,2,1,Clear,Highway,0,0
25,5.5,83,2,7,67.6,84.9,3.36,12.54,34.5,28.3,14,422655,2,0,Fog,City,0,0
56,11.3,78,1,1,95.3,84.8,3.81,12.36,29.5,34.2,8,880766,1,1,Clear,Mountain,1,0
38,1.5,44,1,1,41.3,87.7,3.38,12.67,36.0,36.4,13,115735,2,0,Clear,Highway,0,0
55,3.3,54,3,1,41.5,85.8,3.29,12.68,36.1,34.4,9,875289,2,1,Clear,Mountain,0,0
45,7.2,104,2,4,82.5,95.9,3.01,13.23,39.5,36.2,1,839805,0,1,Clear,City,1,0
53,7.8,42,2,2,89.4,92.6,1.61,12.29,47.7,31.9,9,409957,3,1,Fog,Highway,0,0
22,1.4,79,1,1,40.2,80.4,5.27,12.54,34.5,30.4,2,223138,0,1,Rain,City,0,0
29,5.4,68,2,2,53.3,105.8,3.7,13.42,48.3,36.9,8,791663,1,0,Clear,Highway,0,0
44,8.1,85,3,2,100.0,89.6,3.42,11.99,46.6,34.1,12,564445,1,1,Rain,Highway,1,0
33,8.7,38,1,0,80.4,91.4,4.43,12.42,50.1,33.6,7,542567,0,1,Clear,Highway,1,0
33,8.0,73,3,2,92.9,87.8,2.94,12.14,39.1,33.7,6,542817,3,0,Clear,City,0,0
36,4.5,58,3,1,51.0,91.9,3.87,11.97,54.5,28.6,6,150213,2,0,Clear,Highway,0,0
40,2.0,89,2,3,36.5,84.7,2.73,12.71,39.6,31.1,3,763498,1,0,Rain,Mountain,0,0
47,5.7,60,3,0,64.4,81.2,3.15,13.27,49.2,33.5,5,411795,2,1,Clear,City,0,0
50,2.4,59,6,3,43.9,89.3,4.08,13.65,55.4,38.2,12,446700,0,0,Clear,Highway,0,0
43,11.4,70,3,1,100.0,103.5,3.77,12.58,51.6,29.8,2,766994,0,0,Rain,City,1,0
42,6.2,105,1,1,63.5,96.5,3.17,12.85,41.1,30.8,5,83606,2,0,Clear,City,0,0
59,4.5,108,2,1,47.2,101.7,4.23,12.87,33.1,34.8,15,241390,1,1,Clear,Highway,0,0
41,9.4,92,2,3,74.6,87.4,2.72,12.5,34.3,25.8,12,53580,1,0,Fog,Highway,1,0
50,6.5,46,2,3,73.8,85.5,2.59,13.24,34.1,32.4,11,784845,0,1,Fog,Highway,0,0
25,4.4,35,3,0,53.5,87.9,3.05,12.52,36.5,29.3,3,392501,1,1,Clear,Highway,0,0
28,9.9,84,2,0,100.0,96.1,3.27,13.14,41.7,39.5,9,435922,0,0,Clear,City,1,0
49,10.5,59,5,1,100.0,100.2,3.17,12.42,47.1,35.4,1,251164,2,0,Rain,Highway,1,0
49,8.4,39,2,0,94.8,89.8,3.07,12.02,48.2,30.2,3,351841,1,0,Rain,Highway,1,0
25,1.5,102,0,1,26.9,80.8,4.4,12.05,49.7,33.2,1,253861,0,0,Clear,City,0,0
43,7.2,40,0,2,81.1,99.8,5.0,11.79,49.2,30.1,9,550908,1,1,Clear,Highway,0,0
33,9.4,60,1,0,94.9,100.9,3.37,13.23,41.0,29.9,11,199131,1,0,Clear,Mountain,1,0
24,2.5,89,3,1,30.4,96.1,4.09,13.24,47.2,29.1,5,348022,0,2,Clear,Highway,0,0
43,3.5,73,1,1,41.1,103.4,2.76,12.24,39.9,30.9,14,413441,2,1,Clear,Highway,0,0
23,10.7,43,1,3,100.0,76.7,3.41,12.07,44.4,34.2,7,448013,1,1,Clear,Highway,1,0
45,1.2,79,2,2,37.8,84.6,3.96,12.21,40.2,36.6,3,266758,1,0,Fog,Highway,0,0
55,9.3,48,1,4,100.0,92.2,2.66,12.69,41.8,29.8,15,271970,0,1,Clear,Highway,1,0
48,6.2,89,2,2,67.9,83.5,4.25,12.13,39.2,30.2,9,71933,1,0,Clear,Mountain,0,0
22,5.9,43,3,0,44.8,99.3,2.77,12.87,27.8,39.8,15,494509,2,1,Clear,Highway,0,0
29,1.1,49,5,5,12.2,82.6,4.52,12.45,39.8,33.4,13,533957,3,0,Fog,City,0,0
44,10.0,71,3,3,97.4,102.8,4.35,13.14,46.8,32.1,1,597380,0,1,Rain,City,1,0
59,5.0,84,1,0,44.8,85.2,4.62,12.94,49.6,30.5,10,100539,3,0,Rain,City,0,0
27,6.9,106,3,3,86.6,103.2,4.52,12.04,45.9,31.0,1,531147,2,1,Rain,City,1,0
43,8.5,55,0,1,79.9,85.4,5.43,11.97,34.3,33.1,4,489262,1,0,Rain,Highway,1,0
46,8.7,91,5,2,86.9,73.1,4.01,12.7,38.0,36.4,12,142112,0,2,Clear,Highway,1,0
39,11.5,53,3,2,100.0,93.1,2.05,12.51,29.2,29.6,14,702008,0,1,Rain,Mountain,1,0
38,6.8,92,1,1,84.7,97.4,3.63,13.24,47.4,32.3,14,291731,1,0,Rain,City,1,0
33,5.4,40,3,1,66.7,83.7,3.04,12.79,34.9,38.4,6,797142,2,1,Clear,Highway,0,0
27,11.5,38,0,2,100.0,104.7,2.14,12.37,45.0,28.4,14,722857,0,2,Clear,Highway,1,1
47,8.1,77,4,1,77.2,102.9,4.78,13.44,45.6,36.8,14,709587,0,1,Clear,Mountain,1,1
48,4.3,76,2,1,62.0,90.6,3.19,12.39,34.9,39.3,9,834072,0,0,Clear,Mountain,0,0
29,2.4,37,0,2,41.3,94.5,2.01,11.93,44.2,33.1,9,345810,0,1,Rain,City,0,0
40,10.3,35,0,0,100.0,92.1,2.86,12.5,56.5,36.9,2,735756,1,0,Clear,City,1,0
22,5.0,89,1,1,66.4,97.2,5.77,12.2,39.2,27.3,5,751044,1,0,Clear,Highway,0,1
50,8.3,49,1,0,93.0,98.8,4.87,13.09,50.7,32.2,5,330946,3,1,Rain,Highway,1,0
56,6.2,81,1,2,59.9,78.7,4.23,12.04,44.1,36.2,2,836399,2,0,Fog,Mountain,0,0
35,3.2,80,0,3,54.8,105.4,4.13,13.02,44.4,28.7,11,430343,2,0,Rain,City,0,0
56,7.6,92,2,4,79.9,101.5,2.6,12.47,41.3,36.9,9,574660,0,1,Fog,Mountain,1,0
41,1.7,105,3,1,34.4,83.6,2.52,11.81,49.5,40.6,9,779729,2,0,Clear,Mountain,0,0
34,5.5,73,2,2,50.8,103.6,4.06,12.81,40.7,30.8,12,733227,3,0,Clear,Highway,0,1
59,7.0,37,1,0,63.1,107.3,5.09,13.19,46.8,35.2,4,641044,1,1,Clear,Highway,0,1
29,5.8,64,3,1,51.9,78.3,2.48,12.65,49.5,35.9,3,133469,0,0,Clear,Mountain,0,0
41,9.2,69,1,3,100.0,97.5,3.4,12.5,50.1,37.8,5,145945,0,1,Clear,Mountain,1,0
54,10.1,91,5,0,100.0,99.4,3.73,13.53,46.5,29.6,5,347771,1,0,Rain,Highway,1,0
47,9.5,63,2,1,79.0,94.9,3.02,13.2,48.1,31.0,7,786159,2,0,Rain,Mountain,1,0
42,1.4,84,2,3,16.1,101.4,3.32,12.99,42.2,34.9,8,515755,1,0,Clear,Highway,0,0
30,3.1,96,4,0,39.7,93.6,2.47,11.59,38.6,33.3,14,131147,0,1,Rain,City,0,0
45,6.9,86,1,0,86.3,96.0,3.81,12.25,44.6,38.5,14,126989,0,1,Clear,Highway,1,0
58,11.3,48,0,0,100.0,76.8,3.67,12.49,44.7,32.1,5,96722,2,2,Rain,Mountain,1,0
38,10.2,69,3,2,100.0,86.7,4.12,12.83,44.7,31.7,8,825526,0,0,Rain,Highway,1,0
45,10.3,62,1,2,99.4,102.1,3.3,13.05,50.9,34.1,1,775272,0,0,Clear,City,1,0
42,4.3,92,1,3,47.4,86.4,4.21,12.08,42.3,34.0,12,163181,1,0,Clear,Highway,0,0
34,5.7,64,4,3,66.2,91.5,3.84,12.89,31.2,32.6,14,234695,2,0,Fog,Highway,0,0
32,6.2,41,2,1,67.9,83.0,4.74,12.02,25.7,30.2,14,650037,2,1,Clear,City,0,0
40,2.7,73,1,1,41.3,86.7,3.24,12.96,43.5,33.4,9,349577,1,0,Clear,City,0,0
32,1.3,103,3,1,31.5,94.7,4.44,12.05,50.2,34.4,3,567789,0,1,Rain,Mountain,0,0
34,11.4,69,1,2,100.0,90.9,3.28,13.22,40.3,30.4,7,282206,1,0,Clear,Highway,1,0
22,3.6,86,3,0,50.0,77.5,4.14,12.73,57.0,29.6,2,740398,3,0,Clear,Highway,0,0
40,3.6,48,4,2,38.2,86.0,4.83,12.41,43.3,34.1,2,187898,1,0,Clear,Mountain,0,0
33,1.9,97,4,3,32.3,103.1,4.67,12.75,61.2,42.3,5,284968,0,0,Clear,Highway,0,0
29,11.2,70,1,1,100.0,100.6,3.3,12.27,41.3,36.8,7,777676,2,0,Clear,City,1,0
29,7.4,58,4,7,85.2,92.3,2.97,12.61,54.7,32.4,12,394301,1,1,Clear,City,1,0
33,8.3,74,0,2,91.9,94.7,4.47,12.1,38.7,32.4,11,752527,1,0,Clear,Mountain,1,0
54,11.0,63,0,2,91.0,86.8,3.05,12.75,50.6,33.5,9,621578,0,1,Fog,Highway,1,0
47,4.8,87,0,5,42.8,103.1,4.49,12.47,46.8,31.3,3,504193,1,1,Fog,Highway,0,0
49,7.8,56,1,1,81.1,89.9,2.3,12.5,44.9,34.2,11,153567,0,2,Rain,Highway,0,0
26,1.4,106,4,2,35.7,82.1,3.97,12.58,44.8,28.6,3,541767,1,0,Rain,Highway,0,0
29,3.1,49,1,1,36.5,78.4,3.13,12.16,53.4,31.7,15,407712,0,2,Fog,City,0,0
46,10.1,103,2,0,100.0,78.1,1.83,13.64,40.7,37.1,4,545258,1,0,Clear,Highway,1,0
48,9.4,98,1,1,100.0,85.7,2.73,12.5,43.0,35.2,11,866272,1,1,Rain,Mountain,1,0
44,4.9,38,5,1,54.0,105.2,3.11,13.15,64.0,35.1,8,467360,1,0,Fog,Highway,0,0
51,5.1,109,1,2,88.6,113.4,5.42,12.02,46.5,36.4,2,197283,0,1,Clear,City,1,1
44,6.9,52,1,3,70.5,100.5,0.5,11.47,52.0,32.0,13,522193,1,0,Rain,Mountain,0,1
41,1.0,76,2,1,24.3,78.1,3.17,12.73,40.2,28.9,6,882630,0,0,Clear,City,0,0
39,3.7,64,2,0,45.4,83.1,3.15,13.13,37.9,33.7,14,456947,2,1,Fog,City,0,0
39,3.3,49,2,1,46.8,83.1,2.53,13.21,48.3,34.4,8,446566,1,1,Rain,City,0,0
23,3.8,104,2,2,39.7,89.7,3.11,13.07,43.9,38.2,11,91307,0,0,Fog,Highway,0,0
25,9.9,89,1,1,100.0,85.3,3.35,12.49,40.6,30.9,9,95162,0,0,Clear,City,1,0
51,4.1,87,2,4,61.5,97.0,2.83,12.89,28.6,32.3,2,332609,0,1,Fog,Highway,0,0
54,3.1,50,4,3,51.5,89.7,3.86,12.28,27.8,36.6,7,593282,0,0,Fog,Highway,0,0
57,6.5,107,4,1,67.5,99.0,5.08,12.29,26.6,35.7,3,855195,2,0,Clear,Mountain,0,1
39,10.5,68,4,4,99.5,96.8,3.45,12.71,44.9,28.6,12,147616,0,0,Fog,Highway,1,0
58,3.7,61,4,3,55.7,102.5,2.81,12.72,33.5,36.5,3,199416,2,0,Clear,Mountain,0,0
40,1.9,47,1,4,37.4,86.2,3.39,12.33,28.2,38.3,5,613675,0,0,Clear,City,0,0
49,4.9,61,6,2,51.2,99.6,3.15,12.69,35.1,31.5,14,483125,0,1,Fog,Mountain,0,0
41,9.2,107,4,2,73.4,86.0,4.6,13.17,26.8,36.5,10,313050,2,1,Clear,Highway,1,0
54,7.1,103,2,2,72.9,91.6,3.04,12.16,37.1,35.1,8,346910,0,0,Clear,Highway,1,0
33,10.0,65,1,1,100.0,85.3,3.99,12.94,36.7,30.5,5,301289,0,3,Clear,Mountain,1,0
36,11.6,37,1,3,100.0,94.8,3.79,11.92,46.1,29.2,13,258284,2,0,Clear,City,1,0
23,9.7,64,2,4,82.5,102.6,3.61,11.76,43.3,34.3,15,120041,1,0,Rain,City,1,1
50,7.6,55,4,1,89.2,101.4,2.36,12.75,38.2,36.4,15,561254,2,1,Rain,Highway,0,0
31,6.4,40,2,3,89.7,94.9,2.89,12.57,47.3,32.0,8,90906,2,0,Rain,Highway,0,0
23,1.4,66,1,3,27.7,90.9,3.31,12.66,32.1,29.5,4,744147,2,2,Rain,Highway,0,0
32,11.8,76,4,2,100.0,91.9,2.31,12.65,38.2,26.5,14,739660,0,2,Clear,Mountain,1,0
34,5.2,96,1,1,56.4,104.2,2.52,13.08,35.7,33.4,11,828473,2,0,Rain,City,0,1
31,2.7,66,3,0,38.1,85.3,3.02,12.87,41.5,30.8,7,357644,3,0,Clear,Highway,0,0
35,8.3,73,6,0,98.5,95.7,3.84,12.83,25.4,30.5,5,414576,0,0,Clear,City,1,0
39,4.1,98,0,1,45.0,101.0,4.91,13.29,60.3,38.1,10,71114,2,0,Fog,Mountain,0,0
30,7.4,64,3,0,81.6,91.9,3.77,13.05,44.8,35.3,15,694534,1,0,Fog,City,0,0
49,7.5,97,3,5,77.2,99.4,3.63,12.69,45.1,35.1,15,659987,2,0,Clear,City,1,0
24,5.9,65,2,0,69.1,109.7,3.57,13.13,25.7,32.9,3,268851,2,0,Rain,City,0,0
41,10.2,74,0,2,98.7,91.3,3.16,12.46,43.8,34.6,5,57175,3,0,Rain,City,1,0
27,3.9,67,4,2,59.4,90.0,3.4,12.48,40.2,33.9,14,255269,3,1,Clear,Highway,0,0
48,5.9,97,6,1,77.6,93.8,4.06,13.26,50.9,32.0,9,554596,1,0,Clear,Mountain,1,0
23,6.9,59,3,5,78.9,95.9,4.45,12.49,39.7,32.9,15,542893,1,0,Clear,Highway,0,0
50,8.3,70,3,1,84.2,102.7,1.06,12.8,39.2,36.7,14,385992,1,0,Clear,Highway,1,0
59,9.6,58,1,6,100.0,102.1,4.22,12.78,41.6,34.1,7,289453,0,2,Clear,City,1,0
24,5.3,92,1,2,54.9,94.6,3.21,12.68,53.1,40.2,14,79357,0,0,Rain,Mountain,0,0
37,8.1,73,2,1,89.1,76.3,3.99,13.5,29.4,36.9,8,129425,2,0,Rain,Mountain,1,0
51,2.7,80,2,2,36.5,80.4,3.86,12.54,28.1,32.8,9,211814,0,0,Clear,Mountain,0,0
23,11.3,44,2,2,100.0,99.8,3.37,13.49,24.0,33.7,1,488049,2,1,Clear,Highway,1,0
38,5.2,66,2,2,52.0,87.0,4.03,12.06,50.6,33.1,15,406543,1,0,Rain,Mountain,0,0
33,9.0,70,2,2,100.0,100.3,3.79,12.58,49.7,37.3,15,780077,2,1,Rain,City,1,1
56,1.2,62,4,1,17.0,98.6,3.46,12.48,32.3,29.5,7,195215,1,2,Clear,Highway,0,0
22,3.3,50,2,2,45.1,90.5,3.39,12.99,30.6,32.6,13,590292,0,0,Clear,Mountain,0,0
36,6.4,50,0,1,56.4,85.4,2.51,11.92,49.7,35.1,12,314610,1,0,Clear,City,0,0
47,10.7,52,2,3,100.0,90.6,3.51,12.79,30.4,34.7,13,451544,1,0,Clear,City,1,0
58,6.8,42,2,3,89.9,93.6,1.51,13.06,39.7,37.5,10,140661,1,0,Clear,Highway,0,0
42,11.2,109,3,2,97.7,80.9,3.79,12.44,37.6,31.8,8,195133,2,0,Clear,Highway,1,0
52,6.3,104,2,2,73.6,99.4,4.25,12.29,68.0,28.3,8,783266,2,0,Clear,Highway,1,0
46,6.4,35,3,4,68.2,97.6,2.05,12.29,40.7,34.6,14,207352,0,1,Clear,Highway,0,0
44,2.3,96,2,3,43.5,93.5,3.22,12.85,52.2,33.7,14,814219,3,2,Rain,City,0,0
45,9.8,72,4,1,100.0,93.5,4.92,11.81,45.7,34.4,9,289878,0,0,Clear,Highway,1,0
59,3.7,79,1,0,53.5,103.4,5.68,11.95,38.2,31.9,6,307213,1,2,Fog,Highway,0,1
49,10.9,92,1,1,99.5,86.1,3.4,12.64,37.4,34.9,15,638916,0,0,Clear,Highway,1,0
42,11.0,35,1,1,100.0,89.1,3.56,12.89,42.6,32.3,7,224617,2,1,Clear,City,1,0
39,11.4,66,1,4,100.0,92.5,3.43,12.74,42.7,35.1,8,88989,0,0,Clear,City,1,0
57,6.7,42,2,1,66.3,87.4,3.65,12.9,38.0,32.6,13,382255,1,0,Clear,City,0,0
56,8.4,74,3,5,94.8,91.0,4.74,12.08,46.5,37.8,9,512630,1,0,Clear,Highway,1,0
30,9.6,90,7,1,100.0,79.4,3.5,11.73,42.3,27.7,2,703825,0,0,Clear,City,1,0
59,2.4,97,3,0,51.8,89.0,2.13,13.04,36.4,27.7,4,713333,2,0,Fog,City,0,0
51,7.6,108,2,1,76.6,91.0,3.76,11.97,39.1,35.0,4,693908,0,0,Clear,City,1,0
55,1.4,108,2,0,42.7,86.0,3.12,12.86,46.1,28.6,4,359189,0,0,Clear,Highway,0,0
53,6.5,70,2,6,88.8,102.4,2.38,11.69,33.5,33.5,1,728906,1,0,Rain,City,0,1
24,2.7,91,1,1,28.3,95.5,2.38,12.94,33.5,31.6,13,179307,1,0,Fog,City,0,0
24,3.0,108,1,6,39.1,91.1,3.39,12.6,31.8,37.0,11,279134,0,1,Fog,City,0,0
49,5.0,79,3,1,58.9,87.2,4.13,13.12,39.1,33.2,2,749932,0,0,Clear,Mountain,0,0
36,5.8,36,3,0,74.6,79.7,4.07,13.0,40.0,31.5,9,539373,0,2,Clear,Highway,0,0
44,7.9,102,3,2,96.6,86.5,4.71,12.43,33.1,38.1,8,312187,1,2,Clear,City,1,0
32,1.8,84,2,3,17.1,92.5,2.74,12.33,42.0,34.9,10,595271,1,0,Clear,City,0,0
53,6.5,63,4,3,65.3,91.4,3.13,12.76,42.1,29.6,1,694331,0,0,Clear,Mountain,0,0
57,3.0,44,2,2,55.5,86.0,4.14,12.35,49.4,27.3,8,603822,1,0,Clear,Mountain,0,0
54,7.3,61,2,2,69.9,105.4,4.22,10.96,49.2,37.0,12,521134,1,1,Clear,City,0,1
45,8.0,49,2,0,92.0,100.8,2.98,12.46,26.0,34.0,10,878450,1,0,Rain,Mountain,0,1
55,7.1,94,1,0,82.5,88.5,2.81,12.17,44.3,35.6,3,412359,0,0,Clear,Highway,1,0
49,9.1,65,2,1,100.0,96.7,3.97,12.33,26.2,36.5,4,122264,2,0,Fog,Highway,1,0
58,4.7,55,0,2,65.5,102.4,4.38,12.75,46.6,34.8,8,510468,1,0,Clear,Mountain,0,0
28,9.4,94,3,3,90.9,94.8,3.26,13.22,46.4,33.9,12,893247,1,1,Clear,Highway,1,0
25,5.8,92,3,3,63.7,90.7,3.96,13.52,34.0,32.7,8,665430,1,1,Clear,Mountain,0,0
58,6.3,75,3,2,66.9,77.5,3.5,12.84,44.7,34.3,15,710236,0,1,Rain,Highway,0,0
22,8.1,80,3,0,87.1,91.5,2.85,12.3,33.7,32.0,11,287139,0,0,Clear,Mountain,1,0
22,1.2,79,1,3,8.3,85.9,4.24,13.08,40.9,37.0,3,141890,1,0,Rain,City,0,0
41,8.2,60,1,1,90.4,87.2,3.27,11.84,42.6,35.1,4,774668,1,0,Clear,Highway,1,0
40,7.8,85,2,2,99.6,89.4,1.98,12.25,39.9,37.5,3,572094,2,1,Fog,Mountain,0,0
50,4.4,70,2,0,57.2,90.2,2.84,12.49,47.9,34.0,14,861226,2,1,Fog,City,0,0
31,1.9,86,0,1,34.0,89.0,1.25,11.64,35.7,33.3,8,178505,2,0,Rain,Mountain,0,0
39,2.0,85,0,0,36.7,81.3,6.2,12.72,46.0,32.7,8,783104,1,1,Fog,Highway,0,0
49,11.2,37,0,3,100.0,78.0,4.8,12.19,32.2,38.1,8,532525,1,0,Clear,City,1,0
56,8.6,48,2,2,100.0,98.6,2.18,12.72,25.1,29.5,12,476664,1,1,Clear,Highway,1,0
52,2.4,83,1,5,38.5,105.6,2.91,12.47,28.3,27.5,13,303079,0,1,Rain,Mountain,0,1
48,4.9,35,3,1,57.5,92.8,3.73,12.18,34.1,32.4,15,642157,1,1,Clear,City,0,0
32,7.5,91,1,0,66.3,83.2,5.1,12.1,47.2,32.7,1,197840,1,0,Clear,City,0,0
59,10.2,51,2,4,100.0,99.9,4.22,12.58,46.4,36.3,14,445543,2,0,Clear,Highway,1,0
26,1.5,84,3,1,20.0,108.6,3.72,12.96,40.2,37.2,5,112227,1,0,Fog,City,0,0
29,3.6,48,1,4,43.3,101.7,2.91,12.95,25.3,32.6,1,69381,0,0,Clear,Highway,0,0
55,10.8,93,4,4,100.0,102.8,3.98,12.75,56.6,31.8,9,262735,0,0,Clear,Mountain,1,0
33,1.1,37,1,3,39.0,82.7,3.94,12.89,29.8,25.8,13,713760,2,1,Clear,City,0,1
59,3.2,74,2,1,50.2,87.5,3.53,12.64,44.9,40.1,15,672686,1,0,Clear,Highway,0,0
22,11.5,100,1,0,100.0,101.7,3.42,12.27,38.7,34.9,7,795155,1,0,Rain,Mountain,1,0
52,7.7,68,4,0,65.1,82.3,3.05,13.3,45.2,37.0,1,591537,1,1,Clear,City,0,0
25,3.9,43,4,1,67.5,87.6,4.79,12.27,52.6,36.3,9,343408,0,0,Fog,City,0,0
26,1.7,55,0,2,25.1,93.5,1.81,13.39,43.5,27.6,6,507787,1,1,Clear,City,0,0
51,1.3,59,3,4,33.4,96.3,3.81,12.92,47.7,31.5,14,829597,0,1,Clear,Highway,0,0
45,3.7,78,1,1,42.9,89.8,3.52,12.47,66.6,33.0,12,777896,0,0,Clear,City,0,0
24,10.7,59,2,3,100.0,92.1,1.53,11.96,50.1,32.5,9,886992,1,1,Rain,City,1,0
32,5.6,43,0,4,65.0,93.3,3.12,12.77,29.0,35.5,7,430670,1,0,Clear,City,0,0
25,8.9,96,2,2,100.0,90.2,2.48,12.58,20.0,29.0,7,691914,2,0,Clear,Highway,1,0
47,11.1,60,3,1,100.0,88.0,2.47,13.21,46.3,31.8,11,173797,2,1,Clear,Highway,1,0
48,5.5,91,0,2,72.8,91.0,2.72,12.08,38.3,33.0,7,620243,0,3,Clear,Mountain,1,0
48,3.1,71,4,1,43.6,87.7,4.75,13.13,48.4,30.2,8,434947,1,1,Rain,Highway,0,0
27,6.7,50,0,1,88.9,99.1,3.44,13.34,21.6,35.9,1,198066,1,0,Clear,Mountain,0,0
36,11.0,71,6,1,91.0,94.4,4.25,12.24,51.3,33.9,15,53315,0,1,Clear,Highway,1,0
51,9.8,58,4,0,92.6,91.4,2.3,12.97,41.2,36.7,10,569286,1,0,Fog,Highway,1,0
58,1.7,60,7,2,31.3,90.1,2.88,13.3,58.7,39.1,4,215600,0,2,Rain,Highway,0,0
58,8.6,54,0,1,86.0,100.3,3.07,13.28,42.0,32.5,12,158815,0,1,Rain,City,1,0
58,7.3,43,2,0,71.0,89.1,3.66,13.13,46.3,35.6,7,694537,1,0,Clear,Mountain,0,0
56,11.0,63,0,2,100.0,97.8,4.03,13.46,39.0,27.3,9,194620,0,0,Clear,City,1,0
44,2.3,65,1,4,38.4,101.5,3.77,12.63,38.4,28.6,2,762395,0,0,Rain,Highway,0,0
27,6.9,53,2,4,73.8,95.9,2.69,12.58,44.3,34.0,6,847027,2,2,Clear,City,1,0
25,10.7,54,2,1,100.0,79.1,4.24,13.38,39.5,32.1,2,865405,3,1,Clear,Highway,1,0
39,5.5,61,2,1,59.5,88.6,2.89,11.42,37.3,37.8,4,716549,0,1,Fog,City,0,0
30,6.3,78,1,1,80.7,85.2,3.77,12.46,45.0,34.9,13,632726,2,0,Fog,Mountain,0,0
50,1.8,69,4,3,31.7,82.4,2.13,12.19,37.4,28.7,7,609747,0,2,Fog,Highway,0,0
34,4.1,105,2,4,50.3,100.7,3.24,12.62,45.2,33.9,2,92059,1,0,Clear,City,0,0
38,4.6,56,3,2,49.2,95.0,4.02,12.81,29.4,31.6,9,500374,2,1,Clear,City,0,0
53,11.4,108,2,3,96.6,71.5,3.6,12.89,42.1,37.0,15,397309,0,0,Clear,Highway,1,0
43,4.1,49,3,4,46.2,91.9,2.68,12.64,40.5,32.4,6,516766,2,1,Clear,Highway,0,0
25,6.1,47,1,3,51.0,86.7,4.04,12.69,24.1,32.0,11,88352,0,0,Clear,City,0,0
26,8.4,38,2,5,89.8,99.4,2.72,13.08,32.2,30.0,8,426067,1,0,Fog,Highway,1,0
58,2.8,90,5,4,39.3,86.7,1.75,12.31,21.5,29.6,13,616150,1,0,Clear,City,1,0
34,6.4,57,3,2,82.0,94.5,4.53,12.43,42.8,30.6,9,743091,2,0,Rain,City,0,0
55,9.1,68,2,2,85.5,94.4,2.5,12.14,35.6,35.9,9,499862,2,0,Clear,City,1,0
43,10.5,51,0,1,100.0,85.4,4.29,12.59,39.4,38.1,14,165365,2,0,Fog,Mountain,1,0
44,7.9,62,1,2,95.4,83.9,3.26,11.79,52.6,37.9,13,789363,0,0,Clear,Highway,0,0
24,8.4,48,2,1,96.1,108.2,4.15,13.25,42.0,34.4,15,425145,0,0,Rain,Highway,1,0
55,2.4,68,4,0,40.6,95.1,2.71,13.0,44.3,30.7,14,397575,0,1,Clear,Highway,0,0
53,11.4,109,1,0,100.0,92.4,4.35,12.11,38.1,29.3,3,678704,1,0,Clear,City,1,0
42,2.5,91,5,3,45.9,101.7,2.95,13.22,36.1,33.7,13,247654,0,1,Rain,Highway,0,0
42,9.5,89,3,1,93.1,106.1,3.23,12.47,30.5,30.0,12,222251,1,0,Rain,Highway,1,0
32,3.9,100,2,4,46.0,104.0,1.34,12.25,47.8,39.1,9,584555,0,0,Clear,Highway,0,0
25,11.3,71,5,6,100.0,81.0,1.88,12.79,54.4,35.3,12,168304,1,0,Clear,City,1,0
22,8.9,102,3,1,100.0,92.3,4.26,11.77,51.4,33.0,4,97829,1,0,Clear,City,1,0
49,9.3,60,1,1,85.5,89.8,2.83,12.43,32.5,33.7,8,552310,1,1,Clear,Highway,1,0
45,3.4,95,2,3,64.4,107.2,1.54,12.79,52.0,33.0,12,744805,1,0,Clear,Mountain,0,1
56,5.9,101,3,3,66.3,97.7,2.88,13.49,40.7,36.3,11,858387,0,0,Rain,City,0,0
34,7.8,108,0,3,90.2,81.6,4.04,11.96,53.8,34.0,6,863911,1,0,Clear,Highway,1,0
55,9.5,86,2,2,100.0,77.3,2.3,12.0,45.1,31.1,1,595466,0,0,Fog,City,1,0
32,2.1,52,3,3,35.2,105.0,4.54,12.48,44.5,34.0,12,228679,0,0,Clear,Highway,0,0
57,11.6,87,2,2,100.0,91.9,2.95,12.44,44.7,32.3,8,726047,3,0,Fog,City,1,0
38,10.8,97,0,1,100.0,91.7,3.11,12.99,28.4,31.8,12,415809,2,1,Fog,Highway,1,0
56,4.0,87,1,1,67.8,89.2,2.73,13.36,31.9,32.0,4,897469,1,1,Clear,Highway,0,0
39,10.1,61,1,4,100.0,85.4,1.62,13.11,37.0,32.5,10,712588,2,0,Clear,Highway,1,0
43,6.7,65,2,3,81.7,92.3,3.19,12.38,39.1,24.3,1,370140,0,2,Clear,Mountain,0,0
45,6.1,35,2,3,61.1,98.5,3.4,13.33,42.9,34.7,4,156190,0,1,Fog,Mountain,0,0
40,4.5,40,3,2,41.2,91.8,3.86,12.56,38.3,35.0,3,330800,0,0,Clear,Highway,0,0
58,7.4,45,4,0,72.4,100.4,2.72,12.86,38.0,29.9,15,89389,3,0,Fog,Highway,0,1
42,9.0,68,2,2,85.2,97.5,1.85,12.81,51.9,28.3,2,741127,0,0,Fog,Highway,1,0
29,5.5,97,0,0,73.8,99.2,5.19,12.82,52.8,37.4,10,886310,1,0,Fog,Highway,1,0
49,7.9,87,0,3,82.5,93.5,3.66,13.04,46.8,39.5,8,171705,2,0,Clear,Mountain,1,0
26,8.7,52,3,5,83.5,90.7,3.4,13.0,36.2,32.7,14,193290,0,1,Clear,Highway,1,0
38,8.8,55,2,5,81.5,82.8,4.53,12.96,45.4,36.4,13,427649,0,3,Rain,City,1,0
58,1.6,53,1,1,28.6,99.9,2.5,12.34,52.2,32.5,11,409412,1,0,Fog,Mountain,0,0
57,10.5,38,5,2,100.0,94.0,2.34,12.17,40.0,33.6,13,651254,1,2,Clear,Highway,1,0
40,6.0,63,1,1,59.1,90.0,4.11,12.97,52.7,31.8,10,740344,3,0,Fog,Mountain,0,0
48,3.9,59,3,1,49.9,82.9,5.27,12.77,57.5,35.3,13,249876,1,0,Fog,City,0,0
55,3.7,90,4,2,45.8,102.1,2.06,13.04,49.8,34.0,6,333324,1,0,Rain,Highway,0,0
32,6.3,97,4,5,73.9,91.9,3.43,12.37,47.0,37.2,13,588801,1,0,Clear,Highway,1,0
33,10.8,61,6,2,100.0,107.1,3.8,12.97,44.8,32.0,8,673339,0,1,Fog,Highway,1,0
42,5.2,94,1,1,55.1,75.4,3.91,12.45,47.1,34.4,8,58374,1,0,Clear,Highway,0,0
32,9.2,83,4,0,96.8,94.5,3.14,12.42,45.3,35.4,5,664159,0,0,Clear,City,1,0
49,2.1,99,4,1,36.6,81.1,2.53,13.19,32.2,34.4,12,831514,0,0,Clear,Highway,0,0
26,6.2,72,1,3,64.9,86.1,1.38,13.15,52.6,34.0,2,382274,0,1,Clear,Highway,0,0
38,11.9,86,1,2,100.0,89.8,5.46,12.71,42.7,37.4,5,411626,0,0,Clear,Highway,1,0
41,9.5,35,3,2,100.0,97.0,5.05,12.43,61.5,29.9,6,62182,0,0,Clear,City,1,0
33,3.3,74,7,2,45.7,94.2,2.78,12.56,64.1,34.8,11,630064,0,0,Clear,Highway,0,0
27,6.5,55,7,2,71.3,87.6,3.46,12.67,40.0,30.9,8,428454,3,1,Clear,Highway,0,0
38,3.6,49,1,2,45.0,86.6,2.83,12.41,43.6,30.4,12,795996,2,1,Clear,City,0,0
40,5.5,84,2,1,68.2,78.3,3.14,12.76,38.6,31.9,10,89545,2,0,Clear,City,0,0
47,9.6,82,3,0,86.8,87.1,3.29,12.35,34.4,34.1,2,338580,1,0,Rain,City,1,0
53,9.5,66,2,4,97.2,86.0,2.22,13.38,41.5,34.4,7,525615,0,1,Clear,Highway,1,0
27,3.5,83,4,4,52.5,101.5,3.36,11.61,42.3,32.3,9,350598,0,1,Clear,Mountain,0,0
57,11.1,102,3,2,100.0,88.8,3.55,12.28,31.6,35.5,10,725303,1,1,Clear,Highway,1,0
59,7.5,79,0,2,96.0,88.9,1.8,12.99,33.1,35.7,13,440857,1,1,Clear,City,0,0
32,5.2,66,1,2,77.2,93.7,2.72,13.39,18.2,38.5,9,143390,4,0,Clear,Mountain,0,0
54,6.5,38,1,0,94.5,102.9,2.03,12.3,32.7,31.8,10,173982,2,0,Clear,City,0,0
45,7.7,99,4,2,87.3,102.8,2.39,12.48,48.8,30.8,4,682635,0,0,Clear,City,1,0
44,7.2,105,5,0,81.8,111.1,3.2,12.83,53.5,33.3,10,557094,1,0,Fog,Highway,1,0
36,6.4,107,2,2,70.4,80.8,3.28,12.85,26.2,28.8,6,801020,1,1,Clear,Highway,1,0
48,6.6,99,2,1,73.5,93.3,3.29,12.67,31.3,39.7,6,68745,1,2,Rain,Highway,1,0
32,2.9,52,6,2,52.5,91.2,5.53,12.99,51.8,32.0,7,390287,1,0,Clear,Highway,0,0
38,9.9,88,2,3,99.4,77.4,3.75,12.75,35.2,30.6,12,411633,0,1,Rain,Highway,1,0
35,7.0,81,3,1,74.5,82.7,3.83,12.76,38.3,33.2,10,413139,0,0,Rain,Mountain,0,0
48,2.4,40,2,3,44.8,99.3,3.56,13.38,36.5,33.3,7,237381,2,0,Fog,Highway,0,0
39,9.4,100,5,2,88.9,96.2,2.0,12.52,49.3,33.7,10,782236,1,0,Clear,Highway,1,0
49,11.3,43,0,6,100.0,96.2,3.32,12.48,55.4,34.4,13,308524,0,0,Clear,City,1,0
25,11.4,102,0,4,100.0,95.6,3.45,12.45,42.6,30.1,2,811160,0,0,Rain,Mountain,1,0
28,5.1,57,0,2,68.4,78.5,4.19,12.31,38.5,34.1,5,507796,1,0,Clear,Highway,0,0
56,2.5,77,1,1,32.0,83.2,2.34,12.54,40.2,32.2,15,848433,0,1,Clear,Mountain,0,0
30,6.7,85,3,2,73.2,87.7,2.88,12.29,49.1,31.7,1,331267,2,1,Clear,Highway,0,0
29,2.2,106,1,7,33.7,98.6,2.36,12.83,46.2,35.8,15,322135,1,0,Clear,City,0,0
38,11.3,59,3,3,100.0,93.1,2.78,12.84,40.0,28.2,2,494883,0,1,Clear,Highway,1,0
38,3.0,69,1,4,32.6,99.2,3.15,12.72,41.7,35.2,6,797991,1,2,Clear,City,0,0
54,3.8,51,3,1,61.0,107.6,2.25,12.8,36.3,38.4,5,345059,3,0,Rain,Highway,0,0
53,5.5,52,1,5,68.8,79.3,4.28,13.01,36.7,34.2,8,550551,0,0,Rain,City,0,0
29,5.2,61,4,2,47.4,91.0,2.46,12.09,30.8,39.0,12,99436,1,0,Clear,Highway,0,0
40,9.7,49,1,3,95.5,91.1,4.14,12.74,51.2,35.2,1,610914,1,0,Rain,Highway,1,0
59,6.0,103,6,2,65.8,85.4,3.0,13.4,23.9,32.2,9,407299,0,1,Clear,Highway,0,0
24,2.9,49,6,2,47.2,95.5,2.98,12.33,44.2,30.6,4,358137,1,0,Fog,City,0,0
26,3.9,76,3,0,49.7,114.8,4.31,13.85,41.8,32.6,1,866344,2,0,Clear,City,0,0
34,6.6,68,1,4,83.7,84.4,4.09,12.45,41.2,33.4,12,269714,2,0,Clear,Highway,0,0
52,2.6,82,1,1,50.4,96.8,3.92,12.72,37.1,32.1,11,779214,0,1,Clear,Mountain,0,0
37,7.7,42,2,0,100.0,83.6,1.74,12.75,39.6,35.3,15,243075,1,0,Fog,Highway,0,0
53,7.2,44,2,3,55.3,77.6,4.69,11.88,56.1,29.0,5,521606,0,2,Clear,City,0,0
43,8.9,39,0,1,100.0,87.1,4.94,12.2,42.6,29.7,10,822104,0,0,Fog,Highway,1,0
50,11.3,82,2,2,100.0,94.2,3.2,12.93,43.3,33.6,9,370007,3,1,Clear,Mountain,1,0
43,11.0,60,1,0,100.0,95.2,2.5,12.48,43.5,31.1,7,646178,2,0,Rain,City,1,0
24,11.4,57,5,1,100.0,106.2,2.26,12.17,36.4,32.5,3,816052,2,0,Clear,Highway,1,0
31,3.7,96,1,1,48.7,94.2,3.16,13.21,37.5,29.2,8,247063,1,1,Rain,Highway,0,0
42,2.4,47,1,1,41.7,92.1,2.37,12.75,46.2,32.1,12,628606,2,0,Fog,City,0,0
37,4.3,43,2,2,49.0,98.7,3.24,12.53,35.3,32.1,2,797799,1,1,Clear,Highway,0,0
33,10.8,54,0,2,90.4,94.0,2.91,13.74,41.2,31.1,4,373905,1,0,Fog,City,1,0
23,11.7,91,1,3,100.0,91.8,2.13,12.1,51.3,34.2,12,350427,4,1,Clear,Mountain,1,0
45,10.5,58,3,1,100.0,90.6,2.79,12.08,36.6,29.8,7,135040,1,0,Rain,City,1,0
56,2.2,67,0,2,43.3,97.1,3.55,12.4,41.1,37.3,4,55440,1,1,Clear,City,0,0
51,11.4,54,4,6,99.3,96.2,2.55,12.74,39.8,33.9,9,62364,0,1,Clear,City,1,0
51,5.7,94,1,1,72.0,89.9,3.11,12.83,46.0,31.0,3,747446,1,2,Clear,Mountain,1,0
56,1.1,82,0,0,16.8,103.5,4.36,12.24,43.2,24.0,1,284503,0,1,Clear,Highway,0,0
40,5.9,98,4,2,71.2,98.7,2.71,11.9,36.5,38.9,10,803461,1,1,Fog,Mountain,1,0
29,1.5,64,3,2,37.5,99.7,2.54,12.89,37.7,34.6,11,809533,1,0,Clear,Mountain,0,0
47,7.0,107,1,8,74.7,84.7,3.59,12.38,36.9,36.3,2,478955,0,0,Clear,Highway,1,0
28,4.7,51,3,4,58.1,87.9,4.63,12.6,36.2,35.0,9,225625,1,0,Clear,Highway,0,0
51,6.2,48,2,1,76.6,104.1,3.9,12.64,28.0,35.7,14,130560,0,0,Clear,Mountain,0,1
28,7.7,53,3,4,75.8,100.3,2.8,13.08,43.4,33.8,13,575105,0,1,Clear,Highway,0,0
24,10.6,105,1,4,100.0,80.7,2.79,12.34,36.6,34.2,5,512409,2,0,Fog,Mountain,1,0
22,8.3,93,1,2,82.9,94.7,2.98,13.39,45.9,33.6,15,672601,2,0,Rain,City,1,0
57,5.8,101,2,3,81.9,99.7,3.14,12.53,42.7,35.5,15,709412,1,0,Clear,Mountain,1,0
46,10.0,78,1,1,100.0,83.8,5.96,11.93,39.0,35.6,11,578961,1,0,Clear,Highway,1,1
58,11.0,66,6,1,97.6,100.1,3.59,12.1,38.3,34.2,5,879054,1,0,Clear,Highway,1,0
22,2.3,45,3,3,56.6,92.4,5.29,12.07,31.4,35.7,12,256575,0,0,Fog,Highway,0,0
36,6.9,36,5,2,85.2,104.0,4.32,12.24,43.0,35.9,13,389493,1,1,Clear,Mountain,0,0
58,4.1,102,1,3,40.7,91.0,0.97,12.73,41.3,31.3,5,373206,3,3,Clear,City,0,0
34,1.5,51,1,1,16.7,80.4,2.99,13.1,37.0,31.2,12,877138,2,0,Clear,Highway,0,0
29,8.4,74,3,3,74.9,96.2,3.43,11.49,26.1,35.6,12,862697,1,0,Rain,Highway,1,1
26,10.5,80,0,4,94.2,83.0,3.66,13.05,40.4,31.0,10,64726,1,0,Rain,Mountain,1,0
30,2.8,38,1,3,43.9,87.4,3.56,13.31,40.9,34.3,1,783299,1,0,Clear,Highway,0,0
22,9.9,72,0,1,100.0,77.5,1.77,13.63,50.8,30.2,3,659965,2,0,Rain,Mountain,1,0
57,10.4,97,2,1,100.0,85.5,1.74,12.81,42.3,32.3,12,265013,2,0,Rain,Highway,1,0
56,11.1,63,2,3,100.0,102.7,3.45,11.71,51.5,25.2,3,424901,0,0,Clear,City,1,1
23,3.9,53,2,3,48.6,93.2,3.09,11.93,37.0,31.2,2,205718,0,0,Rain,Highway,0,0
44,10.9,63,1,1,100.0,90.1,4.77,13.05,39.9,33.5,7,697845,2,3,Clear,Highway,1,0
30,4.5,69,1,3,67.3,85.0,3.5,12.65,33.9,30.7,5,547299,0,1,Fog,Mountain,0,0
55,7.1,104,1,1,57.9,93.7,4.27,12.28,39.9,27.9,1,681665,1,0,Clear,City,0,0
35,1.6,57,1,2,30.2,90.2,4.15,11.85,48.6,30.7,15,861484,0,0,Clear,Highway,0,0
25,1.5,80,1,1,45.2,111.1,3.43,12.06,48.8,32.1,15,692996,0,0,Rain,Highway,0,1
51,8.9,78,0,0,91.9,92.2,4.6,12.86,43.8,34.5,1,440997,0,1,Fog,Highway,1,0
52,5.9,82,2,3,64.3,95.6,3.03,12.84,31.2,32.9,4,222180,2,0,Clear,Highway,0,0
59,3.8,86,3,2,42.3,86.9,3.44,13.08,30.8,30.2,13,117817,3,0,Clear,City,0,0
32,3.1,42,2,6,53.8,91.9,3.57,13.26,40.0,36.3,8,160660,0,1,Clear,Mountain,0,0
56,8.4,89,6,0,82.4,95.7,2.65,12.16,36.6,38.2,9,93175,1,0,Rain,Mountain,1,0
29,1.0,100,2,3,23.1,84.6,2.34,13.06,47.3,30.8,15,239876,2,1,Clear,Mountain,0,0
24,9.9,74,7,3,100.0,96.7,2.21,12.23,45.8,38.4,3,85562,0,0,Fog,Mountain,1,0
35,1.9,65,0,5,24.7,93.0,2.45,12.54,44.8,32.2,13,228741,0,0,Clear,Highway,0,0
34,3.1,82,2,2,61.1,73.8,3.36,12.23,37.4,34.4,8,176921,2,0,Clear,Highway,0,0
53,5.2,95,2,1,63.3,98.6,3.81,12.99,43.2,36.9,8,784240,0,0,Rain,Highway,0,0
55,6.3,86,4,2,70.6,95.9,2.24,12.31,44.7,36.8,7,877072,2,2,Fog,Highway,1,0
40,4.9,72,2,5,62.1,93.9,3.55,12.92,39.3,32.1,14,175424,1,0,Clear,Highway,0,0
59,4.5,70,1,2,56.2,86.9,3.24,12.84,40.1,36.8,15,58035,2,1,Clear,City,0,0
37,11.6,89,1,1,100.0,111.7,4.43,13.17,44.4,34.6,12,445087,0,0,Fog,Highway,1,0
23,8.1,47,6,4,88.2,87.3,2.99,12.89,33.2,32.6,11,430996,0,0,Fog,City,1,0
38,1.3,71,3,3,25.5,68.1,5.08,13.53,37.4,30.9,1,465382,1,1,Fog,Highway,0,0
55,5.7,81,0,3,69.9,96.1,4.26,12.28,36.7,32.4,11,453509,2,1,Clear,Mountain,0,0
37,10.6,105,2,1,100.0,90.9,3.17,13.0,49.9,35.2,13,191058,0,1,Fog,Highway,1,0
59,4.3,56,5,1,61.0,80.5,2.95,12.8,37.7,31.9,15,732925,1,0,Clear,Mountain,0,0
23,2.0,73,1,0,34.1,90.0,4.39,12.22,42.2,33.8,11,856161,0,0,Clear,Highway,0,0
23,9.3,92,2,2,97.0,91.5,3.17,13.08,47.2,31.5,7,685650,0,0,Clear,Highway,1,0
47,7.7,64,0,2,78.4,86.0,3.54,13.03,35.9,35.7,4,785593,1,1,Rain,City,0,0
34,7.3,52,3,2,76.6,92.9,2.99,12.28,49.0,30.4,1,68690,3,0,Fog,City,0,0
52,1.6,52,1,3,31.7,94.8,2.94,11.76,49.7,39.8,11,352215,1,0,Rain,Highway,0,0
55,2.5,108,2,4,44.8,91.6,2.28,12.55,25.0,33.7,8,92783,3,1,Clear,Highway,0,0
24,7.8,73,2,1,91.5,84.6,4.87,12.26,44.9,31.0,3,736941,1,0,Clear,Highway,0,0
29,3.3,60,3,5,67.5,95.7,3.1,12.68,50.3,31.5,10,200546,2,2,Clear,Highway,0,0
44,6.5,105,3,3,78.5,79.1,3.63,12.61,38.9,29.9,13,172629,0,0,Clear,Mountain,1,0
35,7.0,41,1,2,65.0,95.3,3.99,13.49,46.3,36.1,4,733848,0,0,Rain,Highway,0,0
48,4.1,103,1,2,40.0,94.5,4.86,12.23,31.4,34.0,1,822655,1,1,Clear,Highway,0,0
50,11.4,99,1,1,100.0,90.3,2.94,12.9,29.3,34.0,8,281607,1,0,Rain,City,1,0
22,10.3,80,0,2,100.0,87.9,1.2,11.92,38.6,34.3,8,724117,1,0,Clear,Mountain,1,0
38,8.9,52,5,1,89.1,82.2,3.59,12.11,34.2,30.9,7,433292,2,1,Clear,Highway,1,0
51,1.9,47,2,2,33.3,87.7,4.0,12.38,44.9,32.1,3,516095,0,0,Clear,Highway,0,0
34,2.2,59,2,2,46.6,85.5,2.96,12.18,44.6,27.5,2,814958,0,0,Clear,City,0,0
42,6.4,42,2,2,70.9,83.9,4.05,12.82,56.1,38.8,13,481273,0,1,Rain,City,0,0
40,2.8,108,2,1,52.7,82.4,3.5,12.59,48.4,28.9,4,380740,0,0,Rain,Highway,0,0
40,11.8,66,1,1,99.4,102.5,3.15,13.01,37.2,31.2,2,209956,1,0,Clear,City,1,0
46,2.7,51,1,3,46.4,98.1,4.83,12.09,42.4,32.4,13,788855,1,1,Rain,Highway,0,0
43,6.4,82,1,1,53.4,111.5,3.18,12.69,43.7,33.7,14,278790,2,0,Clear,Highway,0,0
52,5.0,97,0,2,62.7,93.9,5.16,12.23,46.2,33.3,15,751774,2,0,Clear,Mountain,0,1
38,8.0,74,4,1,93.0,97.8,3.53,13.24,25.3,34.4,1,435300,1,1,Rain,City,0,0
44,2.4,49,3,1,22.9,91.4,2.67,12.09,38.4,39.0,12,331037,0,0,Clear,City,0,0
53,5.7,40,2,3,42.6,104.1,1.59,11.72,50.3,34.2,9,187529,0,1,Clear,City,0,0
31,4.0,97,5,4,60.5,91.6,4.69,12.31,45.2,29.8,15,883701,0,0,Fog,Highway,1,0
31,10.8,42,4,1,100.0,99.8,4.45,12.04,42.3,37.6,5,801743,2,0,Clear,Highway,1,0
57,1.4,66,3,1,20.2,93.5,4.3,12.67,37.8,37.3,3,875291,0,1,Clear,Mountain,0,0
29,11.1,79,3,2,100.0,106.7,4.78,12.89,40.9,34.0,3,778590,1,0,Fog,Highway,1,0
41,10.2,86,2,1,96.2,88.1,5.3,12.96,42.3,34.7,14,380428,1,0,Clear,Highway,1,0
53,4.3,47,1,2,52.6,101.2,1.36,11.53,34.7,30.9,11,458612,1,0,Fog,Highway,0,1
35,9.7,58,4,6,94.9,91.1,1.73,12.96,44.1,36.1,9,834138,1,0,Clear,Highway,1,0
49,1.3,74,3,1,17.1,85.3,3.22,12.71,42.6,30.4,1,848813,2,0,Rain,Highway,0,0
45,11.6,48,2,0,100.0,91.6,4.48,12.95,38.7,31.0,1,503496,1,0,Clear,Highway,1,0
36,6.8,109,5,1,63.8,74.0,3.79,13.04,38.6,35.1,3,251333,0,0,Clear,Highway,0,0
43,4.3,104,3,3,55.3,99.5,3.79,12.29,32.0,36.0,15,582578,0,0,Fog,Mountain,0,0
51,5.0,96,1,1,66.5,97.3,3.05,12.15,50.9,30.3,13,152562,2,1,Fog,Highway,0,0
25,1.7,95,1,1,25.3,107.2,2.65,12.76,46.0,31.8,14,122361,1,0,Rain,City,0,0
34,11.9,35,3,2,100.0,84.3,3.4,13.08,44.3,31.9,11,590713,1,0,Rain,City,1,0
44,1.4,100,0,1,26.1,86.1,3.25,11.97,46.3,36.2,13,349059,1,0,Clear,City,0,0
29,8.2,66,4,2,100.0,81.9,3.05,12.63,19.9,31.9,5,776628,2,1,Rain,Highway,1,0
39,5.9,47,1,3,76.3,94.9,4.13,12.34,55.6,32.1,13,615480,3,0,Clear,Highway,0,0
33,11.4,67,1,3,100.0,88.7,3.49,12.34,20.8,37.0,12,475162,0,0,Fog,Mountain,1,0
52,3.7,66,2,0,71.7,85.4,3.94,12.41,49.1,28.7,1,478033,1,0,Rain,City,0,0
35,6.9,90,3,2,78.7,95.2,3.39,12.93,42.7,31.2,5,100669,1,1,Rain,Highway,1,0
55,6.3,58,2,3,67.0,100.8,4.19,12.89,33.5,25.5,13,467255,1,0,Clear,Highway,0,1
39,8.7,38,2,3,75.2,92.9,2.4,12.16,42.8,26.2,5,717248,3,1,Rain,City,1,0
55,1.7,57,2,3,26.6,88.2,2.09,11.91,45.9,31.2,6,132380,0,0,Clear,Highway,0,0
32,3.1,63,1,0,46.4,101.4,3.16,13.14,38.0,27.8,8,713461,1,1,Rain,City,0,1
33,3.4,55,1,2,56.5,90.0,4.26,13.0,51.6,29.3,1,308369,0,0,Clear,Mountain,0,0
36,9.1,64,3,5,86.3,89.8,3.14,13.22,29.9,26.8,12,820232,0,0,Clear,Highway,1,1
52,3.1,54,0,3,60.6,96.1,5.53,12.87,33.5,32.0,9,192387,1,0,Clear,Highway,0,0
50,7.3,50,2,0,63.0,86.5,2.48,13.27,31.9,35.0,11,781097,3,1,Fog,City,0,0
47,3.4,101,3,0,43.4,100.2,3.31,11.44,30.5,32.8,9,115946,1,0,Clear,Highway,0,0
39,10.5,83,4,3,100.0,84.7,1.66,12.54,43.3,35.8,1,660036,2,0,Fog,City,1,0
53,11.4,92,5,1,100.0,87.1,4.98,12.25,54.8,29.1,6,337345,0,1,Fog,City,1,0
43,6.7,78,0,1,78.4,82.8,3.38,13.59,48.8,38.2,10,615044,0,1,Rain,City,0,0
59,4.9,59,2,0,60.5,98.9,1.15,12.0,39.6,32.7,6,712438,1,1,Clear,Mountain,0,0
38,3.6,57,2,1,55.3,102.8,3.18,11.93,53.1,29.3,8,838900,1,0,Clear,Highway,0,1
44,1.5,93,1,2,29.6,90.8,0.93,12.29,50.2,32.7,8,543792,2,1,Fog,Highway,0,0
45,4.0,35,0,0,49.0,95.6,4.72,12.34,36.6,34.1,2,396040,1,0,Clear,Highway,0,0
29,8.2,49,1,2,77.4,94.9,2.59,12.41,39.6,35.4,12,646945,0,1,Rain,Mountain,1,0
27,6.9,86,3,0,96.9,94.4,3.54,13.05,44.3,36.8,9,296812,0,1,Clear,Highway,1,0
26,11.4,92,1,2,100.0,82.7,2.76,13.34,35.7,33.3,10,863635,1,3,Clear,Mountain,1,0
50,5.4,75,2,2,67.6,86.8,3.3,13.09,34.1,32.8,1,193727,2,3,Clear,City,0,0
49,8.6,78,0,1,86.7,98.1,4.3,13.84,47.9,34.0,5,336173,2,0,Clear,Highway,1,0
32,6.4,38,2,0,87.1,101.7,3.09,13.24,49.8,36.8,10,878837,3,1,Clear,Highway,0,1
22,6.6,102,4,2,72.7,99.6,4.06,12.28,33.8,30.8,2,713120,1,1,Rain,City,1,0
40,3.9,41,1,2,54.5,92.1,0.69,12.54,44.9,30.5,10,416712,0,0,Rain,City,0,0
30,6.0,80,2,0,59.3,98.4,2.23,13.0,44.8,32.7,1,889087,4,0,Rain,Highway,0,0
48,6.2,43,2,3,87.2,79.7,3.55,12.02,33.2,36.4,13,258615,0,0,Clear,City,0,0
55,8.8,67,1,2,92.6,75.8,2.78,12.44,44.6,31.4,7,58312,0,0,Clear,Mountain,1,0
25,11.3,67,4,1,100.0,81.0,4.67,12.93,46.1,35.2,9,509532,1,0,Clear,City,1,0
57,4.6,38,1,2,50.8,114.6,4.34,13.56,46.5,34.3,2,817699,1,2,Clear,City,0,0
39,1.5,99,1,3,27.6,108.6,4.86,12.62,39.6,31.7,8,102408,0,1,Fog,City,0,0
36,6.5,68,1,2,66.7,79.2,3.6,12.7,44.3,31.2,5,835123,1,0,Clear,City,0,0
34,7.0,98,3,5,73.2,90.2,2.76,12.86,43.4,34.0,6,779860,3,0,Clear,City,1,0
40,2.9,59,3,1,49.9,88.5,4.11,11.73,42.5,29.5,10,880453,1,0,Clear,Highway,0,0
27,9.4,89,3,1,74.7,102.4,2.45,12.42,48.9,37.1,14,832106,3,0,Rain,Mountain,1,1
33,11.8,43,4,2,100.0,97.2,3.21,12.17,34.2,37.5,12,448806,1,0,Fog,Highway,1,0
58,11.4,51,2,2,100.0,89.0,3.91,12.99,35.1,32.5,7,66650,1,1,Clear,Highway,1,0
38,3.2,55,3,3,36.7,96.5,2.79,12.38,33.3,38.8,13,531826,0,0,Clear,City,0,0
44,10.6,94,0,0,100.0,98.2,5.89,13.21,49.8,33.7,4,482593,0,0,Fog,City,1,0
47,8.7,47,2,1,92.6,77.1,4.22,12.82,41.7,31.5,3,377019,3,0,Clear,Highway,1,0
50,6.0,37,1,2,76.6,96.3,2.58,12.52,36.9,31.9,2,689998,0,0,Clear,Highway,0,0
54,6.9,102,1,0,79.1,91.8,4.46,12.32,52.0,32.4,15,583812,0,0,Rain,City,1,0
48,10.3,38,0,3,100.0,82.8,5.13,12.24,39.9,31.4,15,680265,2,1,Rain,Highway,1,1
46,6.3,41,1,4,64.8,87.3,1.99,13.41,24.4,30.5,11,547950,1,0,Rain,Highway,0,0
31,5.1,60,2,3,51.5,94.3,4.78,11.58,36.7,36.3,1,587450,2,2,Clear,City,0,0
44,6.4,109,4,4,77.2,93.0,2.24,12.56,42.6,32.4,4,822322,1,0,Clear,City,1,0
42,7.4,58,5,3,76.6,90.5,3.49,12.64,44.8,27.4,6,676406,0,2,Clear,Highway,1,0
42,3.1,44,1,2,48.8,89.6,3.68,11.47,36.4,40.3,3,599125,1,0,Rain,Mountain,0,0
34,10.9,47,2,1,100.0,92.4,2.84,13.25,38.4,35.0,3,743468,1,0,Clear,Highway,1,0
58,8.4,78,2,1,66.8,79.2,2.84,12.71,37.9,27.4,10,142123,1,0,Clear,City,0,0
54,8.0,73,2,0,88.8,105.7,2.64,12.97,46.8,28.6,8,749542,2,1,Clear,Mountain,0,0
45,2.1,53,0,1,30.5,89.1,2.96,12.97,52.5,28.0,5,97961,2,1,Clear,Highway,0,0
32,7.6,85,3,1,89.4,96.0,2.51,13.06,35.9,33.3,2,278378,3,0,Rain,Highway,0,0
38,2.3,53,2,0,19.8,104.9,4.61,13.0,53.0,34.3,10,498121,2,1,Rain,City,0,0
25,1.9,86,1,2,54.2,101.1,2.03,13.0,43.2,33.8,9,445909,0,2,Clear,Highway,0,0
46,6.8,81,4,4,68.4,94.4,5.3,12.8,40.5,31.5,12,683504,1,1,Clear,Highway,0,1
51,5.4,64,0,2,67.9,91.1,3.37,13.09,39.4,31.2,14,468637,0,0,Clear,City,0,0
30,7.5,80,4,3,72.9,91.8,1.41,13.96,34.0,33.5,15,250692,2,1,Clear,Highway,0,0
42,2.0,55,4,3,30.2,79.0,4.27,12.17,34.9,31.1,1,272067,2,0,Clear,Highway,0,0
41,5.7,109,1,1,72.5,82.2,3.11,12.86,33.7,33.1,6,525026,0,1,Fog,Mountain,1,0
40,2.9,82,1,3,41.2,93.9,2.31,13.02,32.9,35.3,5,421303,0,0,Clear,Highway,0,0
40,11.9,96,1,0,100.0,89.0,3.16,11.83,44.8,31.1,3,869602,1,0,Fog,Highway,1,0
33,7.2,92,4,2,86.1,80.0,2.73,13.55,58.4,37.1,15,247018,2,0,Clear,Highway,1,0
58,8.6,52,0,1,90.7,94.3,4.79,12.93,35.6,28.9,12,68353,2,0,Fog,City,1,0
38,4.6,93,2,3,61.3,98.0,2.72,12.76,39.4,31.7,1,521481,2,0,Clear,Highway,0,0
58,2.0,82,2,2,29.8,101.3,2.18,12.42,49.5,33.0,1,862530,3,0,Fog,City,0,1
49,11.7,97,2,1,100.0,96.3,2.79,13.02,33.6,29.0,5,405119,1,1,Fog,Highway,1,0
56,4.1,46,4,1,53.9,87.0,2.51,12.04,30.4,33.5,7,131714,1,0,Fog,Highway,0,0
39,5.7,68,4,3,69.9,97.5,4.58,13.47,26.1,34.3,8,330167,1,0,Clear,City,0,0
35,8.1,95,4,2,88.4,94.2,3.7,13.12,42.1,29.2,3,734392,1,0,Rain,City,1,0
56,1.3,87,2,2,41.7,84.6,2.03,12.54,36.5,30.9,7,84753,1,0,Rain,City,0,0
28,9.9,59,4,5,100.0,84.3,2.44,13.32,31.1,31.0,8,433404,0,1,Rain,Highway,1,0
34,6.9,96,3,2,63.6,98.8,3.05,11.73,36.2,28.3,3,230493,3,0,Clear,City,0,0
39,4.1,38,2,2,46.9,94.5,1.66,12.1,48.5,33.7,12,780167,0,0,Fog,Mountain,0,0
58,1.7,47,4,0,35.9,94.1,2.39,12.63,38.1,32.4,12,162539,1,1,Clear,Highway,0,0
34,2.8,76,2,2,46.4,92.5,3.82,12.65,48.2,30.2,10,82569,2,0,Fog,Highway,0,0
57,10.8,83,2,2,93.2,96.8,5.31,12.83,45.0,32.1,15,514009,0,1,Clear,City,1,0
52,8.5,90,1,1,78.1,87.9,1.66,12.71,42.7,32.9,8,705102,0,0,Clear,City,1,0
23,3.7,81,2,0,60.5,91.0,6.23,13.23,41.3,26.3,5,72693,2,1,Clear,Highway,0,0
37,1.7,42,0,3,53.3,98.0,3.87,11.87,46.8,32.8,12,575467,0,0,Clear,Highway,0,0
30,8.6,89,2,1,72.3,92.3,2.37,11.64,43.7,30.7,5,601436,0,2,Clear,Mountain,1,0
30,7.3,52,1,0,81.0,86.0,5.03,11.9,42.9,27.8,8,885064,0,1,Clear,Highway,0,1
59,5.4,69,1,2,63.7,86.5,3.92,11.95,25.8,35.0,6,894012,0,0,Clear,Highway,0,0
32,5.0,66,3,1,70.1,92.4,4.35,12.62,38.9,30.6,6,171086,1,0,Clear,City,0,0
43,3.4,58,3,3,52.2,71.3,4.33,12.54,29.0,38.0,12,521952,0,0,Fog,Highway,0,0
54,8.4,41,2,4,95.5,106.0,4.58,12.77,32.7,33.2,14,836116,0,3,Rain,City,1,1
57,11.7,47,3,5,90.8,90.6,2.25,12.79,49.4,33.0,13,316926,0,1,Clear,Highway,1,0
44,2.9,103,2,1,43.1,95.9,4.31,12.75,40.1,34.6,6,288020,0,1,Clear,Highway,0,0
55,7.6,76,2,5,71.7,97.1,3.55,11.84,54.6,38.4,10,614498,0,0,Rain,Highway,0,0
30,5.7,65,1,1,56.8,94.0,4.08,12.5,47.1,31.2,1,405946,2,0,Clear,City,0,0
45,5.9,108,2,0,54.9,81.1,2.82,12.36,35.8,36.6,1,575222,2,2,Rain,Highway,0,0
29,3.8,60,0,3,52.7,83.5,2.85,13.23,38.0,31.8,3,623822,2,1,Clear,Highway,0,0
28,10.1,66,1,1,100.0,80.1,2.92,12.79,46.5,32.0,2,504847,1,0,Clear,City,1,0
57,6.3,86,2,1,76.7,100.8,4.23,13.55,45.7,32.6,9,285928,1,0,Clear,Highway,1,0
39,7.0,54,1,2,72.0,79.7,3.42,12.12,49.0,32.4,2,396930,1,1,Rain,Highway,0,0
24,4.4,74,1,4,69.0,86.7,2.96,12.47,23.8,32.1,4,107536,1,0,Clear,Highway,0,0
49,3.0,93,3,0,34.7,102.5,3.16,13.07,28.7,28.6,11,214465,1,1,Rain,Highway,0,1
27,1.9,48,3,0,20.9,83.0,4.75,12.37,36.5,32.8,14,516341,1,0,Clear,Mountain,0,0
42,8.9,78,3,3,93.4,93.2,3.99,12.8,46.6,32.0,14,896063,1,0,Rain,City,1,0
49,3.2,82,2,1,38.8,98.1,3.96,12.31,47.7,36.2,7,261548,0,1,Clear,Highway,0,0
22,8.6,77,4,3,94.1,91.5,3.77,13.2,18.6,32.8,10,402193,0,1,Clear,City,1,0
57,5.3,50,2,2,55.8,93.2,4.57,11.91,34.3,27.7,15,282552,1,0,Clear,Highway,0,0
42,5.6,69,2,2,59.0,96.3,2.44,13.57,45.8,31.8,12,399545,3,1,Rain,Mountain,0,0
56,6.2,87,1,2,63.0,106.3,4.39,13.0,33.2,34.6,7,664109,1,0,Clear,Mountain,0,0
34,5.0,68,1,1,52.7,84.5,3.58,12.87,43.6,28.4,12,92147,0,1,Clear,Highway,0,0
31,2.1,37,1,7,36.8,88.5,2.57,12.81,45.1,26.7,11,313949,2,0,Rain,Mountain,0,0
31,4.4,102,1,0,57.6,97.1,3.48,12.27,37.5,34.5,6,756320,0,0,Clear,Highway,0,0
34,8.3,39,1,1,79.1,90.4,3.23,12.97,42.1,35.8,14,150891,1,2,Clear,Highway,1,0
58,8.3,44,3,2,74.7,87.5,3.84,12.36,40.4,35.1,5,412373,0,0,Clear,City,1,0
59,4.1,86,2,3,57.8,100.2,4.4,11.57,45.6,36.1,14,703704,0,2,Clear,Mountain,0,1
45,6.1,63,0,4,72.7,74.2,2.37,12.67,39.7,29.9,6,794586,0,2,Clear,Highway,1,0
23,3.1,65,2,2,51.9,101.0,5.22,12.25,27.0,33.8,3,56983,1,0,Rain,Mountain,0,1
43,3.3,100,1,0,36.0,104.7,1.82,12.69,46.1,34.1,7,864126,2,0,Clear,Highway,0,0
38,1.3,103,2,1,22.1,90.4,2.76,12.61,41.4,36.4,6,282883,0,1,Clear,City,0,0
57,10.9,71,2,0,100.0,81.5,5.47,11.91,46.0,36.0,14,175685,1,0,Clear,City,1,1
35,3.3,61,4,5,55.4,93.4,2.02,13.42,34.9,35.1,4,825958,0,0,Clear,Highway,0,0
31,3.5,67,5,1,43.9,95.9,2.91,12.29,39.5,31.2,2,731925,1,0,Clear,Mountain,0,0
56,4.1,102,1,3,43.3,78.9,2.72,13.15,37.6,27.5,1,231716,1,1,Clear,Mountain,0,0
46,2.4,93,0,1,32.2,92.7,1.08,12.26,48.9,26.8,9,265760,0,0,Clear,Highway,0,0
24,8.0,98,1,3,74.3,107.6,3.39,12.62,47.0,34.6,8,65270,2,0,Rain,Highway,1,0
59,1.8,78,4,2,42.4,102.1,3.94,12.76,53.7,35.5,15,66842,2,1,Rain,Mountain,0,0
38,2.5,83,2,2,47.1,96.2,3.94,11.6,40.7,30.8,4,551734,0,1,Clear,City,0,0
33,8.1,87,1,3,85.6,95.3,2.91,12.31,31.6,35.0,10,789332,0,0,Fog,City,1,0
45,4.7,108,1,3,50.8,92.3,1.52,12.75,33.3,34.5,11,619950,1,0,Clear,Highway,0,0
50,8.8,83,4,3,81.6,93.2,2.8,12.64,49.0,29.8,1,510879,0,0,Clear,Highway,1,0
46,7.1,100,2,4,70.6,91.2,2.59,12.63,52.3,36.4,4,433051,0,0,Rain,Mountain,1,0
57,3.8,97,1,0,41.5,93.6,3.75,13.07,31.1,34.0,5,471533,2,0,Clear,Highway,0,0
47,8.2,59,2,3,87.9,78.9,2.92,12.21,37.7,26.9,1,231144,2,0,Clear,Highway,1,0
59,2.3,38,2,3,46.0,74.7,3.89,12.65,32.8,31.6,15,528411,1,0,Clear,Highway,0,0
22,6.9,85,5,1,83.1,86.0,1.55,11.93,57.7,36.0,9,772498,3,2,Clear,City,1,0
41,5.8,45,3,3,57.6,100.3,4.11,12.36,44.8,30.7,14,203424,1,0,Rain,Mountain,0,0
49,3.9,51,4,0,45.2,96.7,3.98,13.23,34.7,36.1,7,391172,2,0,Clear,Highway,0,0
37,7.6,100,1,3,75.3,98.8,2.37,12.62,34.2,36.6,12,490131,1,0,Clear,Highway,1,0
38,10.6,104,2,0,100.0,92.8,2.75,12.38,53.3,30.7,13,441217,1,0,Clear,Highway,1,0
49,12.0,107,2,0,100.0,101.7,3.14,12.2,46.8,29.8,7,404927,2,0,Rain,Highway,1,0
33,7.7,103,0,1,81.6,102.7,4.55,11.92,42.0,34.9,15,867934,1,0,Clear,Mountain,1,1
48,5.5,63,1,2,55.3,101.6,3.17,13.09,38.3,34.5,15,655599,0,1,Clear,Highway,0,1
51,3.5,107,0,1,46.1,86.5,3.8,13.67,38.5,34.7,12,679972,2,0,Clear,City,0,0
55,3.8,106,3,6,57.3,92.4,3.46,12.39,30.6,32.6,1,286727,0,0,Fog,Highway,0,0
58,6.3,54,3,3,67.2,88.3,4.38,11.7,36.0,37.3,12,842503,0,1,Clear,Highway,0,0
27,5.0,61,1,5,52.5,103.8,3.64,13.38,38.0,35.7,9,379595,0,2,Clear,Highway,0,0
28,11.1,42,0,2,100.0,101.0,2.23,12.16,40.6,31.7,10,816145,2,0,Fog,City,1,0
53,5.1,95,1,3,62.1,95.7,3.21,12.79,41.0,35.1,8,463807,0,0,Rain,Highway,0,0
53,5.1,62,2,4,65.6,97.5,4.47,12.87,49.4,33.4,14,739858,0,3,Clear,Mountain,0,0
46,5.2,104,1,1,64.2,94.3,3.8,13.16,35.9,28.7,6,86760,1,1,Clear,Highway,0,0
54,10.2,37,0,4,89.5,84.5,2.25,12.49,52.9,28.5,14,742890,1,1,Clear,Highway,1,0
28,8.2,103,2,0,98.7,100.6,5.25,12.83,40.7,32.9,4,257322,2,1,Clear,Highway,1,1
33,7.8,107,5,1,80.4,108.1,2.87,12.44,44.6,31.3,6,886694,0,0,Rain,City,1,0
37,4.7,41,0,0,66.0,96.0,4.4,11.6,50.1,29.9,11,51288,0,2,Clear,City,0,0
37,10.0,94,2,3,96.5,91.0,4.89,12.39,46.1,31.8,4,822028,1,1,Rain,Highway,1,0
57,1.4,38,3,2,36.9,86.2,4.54,12.79,47.7,34.7,2,286067,1,1,Clear,Highway,0,0
34,10.6,39,2,2,100.0,89.9,2.6,12.1,37.0,33.9,9,327258,0,0,Clear,City,1,0
28,6.6,45,2,2,81.6,81.8,4.58,12.65,40.5,33.0,15,268918,2,0,Clear,Highway,0,0
57,5.4,49,2,4,64.3,84.7,3.73,12.74,47.7,28.1,10,343766,1,2,Fog,City,0,0
30,6.5,98,2,1,68.6,90.7,2.17,13.27,47.8,27.4,2,320604,2,2,Clear,Highway,0,0
53,8.3,47,3,3,72.3,94.5,3.41,12.14,43.2,37.0,7,484118,1,0,Clear,Mountain,1,0
32,1.1,41,1,2,16.4,80.2,2.5,12.72,47.6,32.8,12,415033,1,1,Clear,Mountain,0,0
29,10.6,40,6,0,100.0,93.5,3.89,12.05,35.3,35.4,3,209022,0,1,Clear,City,1,0
54,5.9,90,2,1,59.0,104.7,4.29,11.51,47.2,33.4,11,117148,0,2,Rain,Mountain,0,1
44,4.8,98,4,0,66.4,95.5,4.62,12.36,49.3,30.8,4,338792,3,1,Clear,City,0,0
46,2.5,84,1,0,49.1,96.0,3.42,12.33,41.9,31.8,3,91171,0,1,Clear,Mountain,0,0
29,5.8,64,2,2,71.0,95.2,2.58,12.77,43.3,36.5,14,382104,1,2,Clear,Mountain,0,0
43,6.5,56,1,3,75.9,79.2,2.29,13.18,25.7,34.8,15,612916,1,2,Fog,Mountain,0,0
25,5.4,59,2,2,51.5,79.9,4.17,12.65,53.0,30.7,3,304536,2,0,Fog,Mountain,0,0
24,8.5,62,1,2,74.5,96.8,4.47,12.28,44.7,35.7,6,610424,1,0,Rain,Mountain,1,0
50,5.6,73,7,8,58.2,97.7,4.04,12.19,46.6,30.7,11,265659,0,0,Fog,Highway,0,0
50,11.6,101,2,1,100.0,100.4,2.64,13.18,44.6,34.2,13,610978,1,0,Clear,Mountain,1,1
55,7.6,39,0,0,94.5,102.8,2.86,12.94,45.6,28.1,6,849740,2,0,Fog,City,0,0
55,9.9,99,1,2,99.6,87.9,2.93,12.16,45.1,32.4,2,672242,1,0,Clear,Mountain,1,0
49,2.2,49,4,3,50.5,99.8,2.0,11.92,53.8,33.8,15,223891,1,0,Clear,City,0,0
34,5.4,101,3,1,53.9,99.7,4.0,12.16,61.8,31.3,14,50055,0,0,Clear,City,0,0
36,4.7,74,0,0,53.9,104.3,3.36,13.09,50.7,35.3,14,316033,0,0,Clear,City,0,0
44,7.3,103,1,2,94.3,104.8,4.93,12.13,52.0,29.4,14,131963,0,1,Fog,Highway,1,0
47,10.5,77,0,1,100.0,88.9,2.53,12.83,38.4,35.3,1,368829,2,0,Clear,Highway,1,0
25,1.9,35,3,2,42.9,91.4,3.35,13.45,40.2,34.0,6,564462,1,0,Rain,City,0,0
47,1.8,56,3,1,18.5,93.7,2.25,12.2,44.9,30.7,13,562878,3,0,Rain,Highway,0,0
30,10.4,96,2,1,100.0,85.4,3.12,12.41,46.3,28.1,1,877890,4,0,Clear,Highway,1,0
26,3.3,60,0,2,43.7,100.9,4.29,12.58,45.0,37.7,12,866479,1,0,Clear,Highway,0,1
53,8.4,52,2,3,94.4,90.3,3.56,11.8,34.3,32.9,6,147017,0,0,Fog,Highway,1,0
41,7.0,82,3,1,77.0,101.4,2.53,12.24,38.6,31.4,14,879560,1,3,Rain,Highway,0,1
32,10.2,43,1,2,100.0,104.1,2.0,12.69,39.1,31.8,15,612735,0,0,Rain,Highway,1,1
36,2.4,35,3,2,39.7,89.7,3.16,12.11,45.7,30.1,13,204969,0,1,Fog,City,0,0
53,2.4,43,4,4,66.5,78.0,3.71,13.67,39.4,35.0,10,475989,1,0,Clear,Highway,0,0
49,7.1,57,4,1,86.5,91.8,4.32,12.35,40.4,33.4,6,586612,0,1,Clear,Highway,0,0
43,11.4,79,3,1,98.6,102.7,2.75,12.51,39.9,28.8,1,737594,1,1,Rain,Highway,1,0
38,5.6,36,3,2,48.0,102.6,2.73,12.31,47.0,33.2,5,87089,0,1,Clear,Highway,0,0
47,4.6,48,1,0,40.1,91.2,5.62,12.48,51.6,29.1,4,550455,0,1,Fog,Highway,0,0
28,7.7,72,2,1,87.5,93.0,3.48,12.24,35.6,35.4,6,318658,2,1,Rain,Mountain,0,0
47,11.2,74,1,1,100.0,90.8,4.45,11.56,48.1,30.7,8,103396,1,0,Clear,Highway,1,0
46,10.2,97,2,0,75.5,87.3,2.23,12.42,34.8,36.5,1,247865,0,0,Clear,City,1,0
31,12.0,50,4,4,100.0,78.3,3.82,13.5,47.2,37.4,2,743082,0,0,Clear,Highway,1,0
40,1.2,109,0,1,33.1,96.2,4.24,13.41,31.9,31.8,2,694733,0,0,Clear,Highway,0,0
32,2.2,40,2,5,53.8,88.1,3.56,12.07,53.1,30.7,9,737667,2,2,Clear,Highway,0,0
34,7.7,37,2,2,71.9,93.7,1.76,11.8,39.8,28.6,6,744226,1,1,Clear,Mountain,0,0
29,10.0,48,3,2,100.0,97.4,2.59,11.57,43.7,27.3,10,328618,2,1,Rain,Highway,1,0
25,4.1,100,1,2,55.6,99.2,3.87,12.11,42.9,28.5,9,441234,0,2,Clear,Highway,0,0
52,3.6,109,1,4,41.1,86.5,1.9,12.32,52.9,31.4,15,780840,2,0,Clear,Mountain,0,0
49,9.7,101,4,0,84.9,84.2,6.03,12.8,36.7,25.8,4,150385,4,1,Clear,Highway,1,1
32,1.6,65,5,0,42.1,96.7,4.64,12.39,41.6,35.2,14,889828,1,0,Rain,Highway,0,0
22,5.1,67,2,4,63.1,97.3,1.99,13.04,43.2,34.4,14,357839,0,1,Clear,Highway,0,0
59,6.6,35,1,1,76.7,87.5,3.76,12.9,49.8,34.4,9,417050,3,1,Clear,Highway,0,0
45,7.2,78,2,4,91.2,100.0,3.58,12.77,35.9,36.5,9,142058,2,0,Clear,Mountain,0,0
52,9.0,49,3,2,91.6,91.7,4.59,12.54,24.9,29.5,1,699627,0,1,Rain,Highway,1,0
47,4.9,71,2,2,62.3,86.1,1.0,13.09,32.8,29.7,9,387923,0,0,Clear,Highway,0,0
26,7.7,61,4,0,85.1,84.1,3.67,12.92,47.8,36.4,5,843451,1,0,Rain,Highway,0,0
41,7.4,82,3,2,83.0,95.9,2.3,11.87,42.6,31.3,15,835064,3,0,Clear,Highway,0,1
32,7.0,61,3,2,61.9,93.9,3.94,12.86,41.4,34.2,15,285316,1,1,Fog,Highway,0,0
54,8.0,46,2,2,83.8,95.0,2.41,12.31,35.2,26.5,10,242815,0,0,Clear,Highway,0,0
59,3.9,101,4,3,62.8,83.2,4.87,13.06,42.6,36.2,10,56105,0,0,Clear,Highway,0,0
48,1.9,64,4,3,33.9,74.2,3.81,12.93,46.1,34.1,11,573604,3,2,Rain,Highway,0,0
55,2.3,100,2,3,33.7,96.9,1.7,13.46,41.1,28.5,7,283254,0,0,Clear,Highway,0,0
36,3.5,41,2,4,57.7,101.6,0.95,11.6,52.4,37.4,5,81683,1,0,Clear,City,0,0
53,6.5,68,0,2,72.1,79.0,4.0,12.75,48.8,33.5,2,613428,0,0,Clear,Mountain,0,0
42,10.2,66,1,3,95.3,88.6,2.81,12.27,40.9,38.8,5,420367,0,3,Clear,Highway,1,0
26,8.7,73,2,2,81.0,113.1,4.07,13.67,47.5,26.8,1,422406,2,0,Fog,Highway,1,0
27,9.7,77,1,1,97.1,96.5,2.84,11.08,42.6,34.1,1,738234,1,0,Fog,Highway,1,0
59,4.9,77,4,4,52.6,102.5,4.7,12.82,44.5,31.2,2,136211,0,2,Clear,Highway,0,0
43,5.5,37,0,4,73.0,105.0,4.51,12.88,40.1,32.1,4,331494,3,0,Rain,City,0,0
39,5.3,80,2,5,54.8,88.1,3.93,11.53,43.4,33.4,10,487431,0,0,Fog,Highway,0,0
35,3.1,66,2,3,47.6,110.7,2.6,12.86,30.1,27.6,12,562264,1,0,Clear,Highway,0,1
31,1.7,77,4,4,37.8,78.1,2.91,11.59,35.6,39.3,9,148663,0,0,Clear,City,0,0
34,7.5,37,1,1,86.3,96.1,3.24,12.24,51.5,38.2,6,532967,2,0,Rain,City,0,0
52,11.9,108,4,2,100.0,94.8,2.45,12.8,39.4,33.7,11,157639,1,0,Fog,Mountain,1,0
51,2.8,97,2,3,28.9,83.2,4.16,12.11,33.6,29.0,9,372588,0,1,Clear,Highway,0,0
24,1.5,74,3,1,38.1,86.1,3.17,12.64,55.3,32.1,5,176470,1,2,Rain,City,0,0
51,9.6,52,2,1,100.0,87.1,3.32,12.6,39.6,33.7,9,164113,0,2,Clear,Highway,1,0
27,3.8,101,1,2,39.5,80.4,2.98,12.87,46.3,31.0,1,853611,0,0,Clear,Highway,0,0
50,10.1,96,1,2,100.0,80.7,3.48,12.07,37.9,35.6,13,287098,4,1,Clear,Mountain,1,0
29,8.7,44,4,3,85.4,89.4,3.68,13.06,49.4,33.4,15,506360,1,0,Clear,Highway,1,0
54,11.4,86,2,2,100.0,88.1,2.95,11.15,42.0,32.8,1,211598,0,0,Clear,Highway,1,0
38,5.5,107,1,3,58.3,86.7,3.26,13.36,28.6,35.3,6,152940,2,1,Clear,Highway,0,0
32,8.3,80,3,1,84.2,98.7,3.03,12.47,58.6,27.8,2,275964,3,1,Rain,Highway,1,0
34,6.1,89,3,1,65.0,86.0,3.04,12.52,37.3,30.6,7,862816,0,1,Rain,Mountain,0,0
32,7.9,80,0,0,74.8,94.1,3.52,12.75,39.5,32.7,9,100175,3,0,Clear,Mountain,0,0
52,5.9,109,5,2,51.7,92.0,0.94,12.7,32.3,30.8,15,369070,1,0,Clear,Highway,0,0
49,3.1,94,0,5,36.5,89.5,4.9,12.6,27.6,28.7,7,242912,1,0,Fog,Highway,0,0
27,6.6,60,5,0,74.2,81.1,4.26,13.22,50.8,29.5,14,163822,1,0,Clear,Highway,0,0
37,6.8,61,1,1,77.2,90.6,3.66,11.84,43.7,33.0,13,749222,1,0,Clear,City,0,0
25,9.9,72,2,1,100.0,86.9,4.34,12.12,26.5,33.8,9,204505,2,1,Rain,Highway,1,0
56,9.1,56,4,1,100.0,99.7,2.14,12.82,39.0,39.9,13,192789,1,1,Clear,City,1,0
47,8.3,60,1,2,90.4,97.1,1.75,12.42,45.0,36.2,15,171701,3,1,Clear,Mountain,1,0
33,2.2,103,1,3,45.6,87.3,1.61,13.25,46.8,29.7,4,559422,1,1,Clear,Highway,0,0
32,8.9,69,2,2,96.4,84.9,3.93,13.72,34.9,36.7,13,376042,3,0,Clear,Mountain,1,0
58,6.5,100,5,0,61.0,84.8,3.64,12.6,37.9,33.2,7,530659,0,0,Rain,City,0,0
46,10.8,107,3,2,100.0,90.0,3.86,11.74,36.6,32.6,11,642173,1,0,Clear,City,1,0
39,11.1,85,4,1,100.0,100.4,4.44,12.16,39.0,31.0,10,333204,1,1,Clear,Mountain,1,0
40,1.6,52,1,2,27.2,101.4,1.13,11.58,43.8,28.2,1,403951,1,0,Clear,Highway,0,0
44,10.0,77,1,3,100.0,70.7,2.3,12.91,48.5,33.0,15,93076,1,0,Fog,Highway,1,0
59,1.4,46,6,2,34.8,104.1,2.85,12.13,43.9,29.1,10,899853,5,0,Fog,Highway,0,1
39,5.0,37,1,2,58.0,91.1,4.17,12.52,44.1,32.1,6,874021,1,1,Clear,City,0,0
47,7.0,41,1,1,85.9,81.0,3.65,12.46,40.5,36.5,9,847120,0,0,Rain,Highway,0,0
27,2.6,40,2,0,44.2,91.6,6.13,13.16,32.6,36.1,6,462541,0,1,Clear,Highway,0,0
25,9.2,79,2,1,100.0,85.4,2.41,12.63,40.8,32.3,14,475363,1,2,Fog,Mountain,1,0
50,1.1,73,2,1,41.4,105.2,4.02,12.46,38.6,36.0,12,166274,1,0,Fog,Highway,0,0
55,2.9,85,1,0,39.2,87.4,4.45,12.14,36.5,33.8,7,695373,0,1,Clear,Mountain,0,0
38,7.4,43,6,5,74.8,84.3,4.96,12.9,42.1,37.5,10,474479,2,0,Fog,City,1,0
37,8.9,57,2,3,100.0,108.8,3.29,12.05,29.5,29.5,15,177930,1,2,Clear,Highway,1,1
23,11.1,46,1,3,100.0,95.2,2.2,11.97,38.3,32.6,1,78598,2,0,Clear,Highway,1,0
55,8.8,96,1,0,89.4,87.9,4.16,12.3,36.5,31.5,4,267819,0,0,Rain,Highway,1,0
29,8.4,107,4,1,82.3,106.8,3.79,13.64,35.3,34.2,11,571499,0,0,Clear,Highway,1,0
34,5.3,74,2,4,52.5,102.5,4.08,12.55,46.6,34.0,7,353248,0,0,Clear,Highway,0,0
29,1.0,88,1,0,33.0,87.1,4.85,12.57,43.0,33.0,6,59889,1,0,Clear,Highway,0,0
51,2.3,41,0,3,35.7,85.6,3.26,12.76,45.8,39.7,9,200459,3,0,Clear,Highway,0,0
53,6.9,51,1,2,65.9,92.8,2.46,12.72,45.4,29.5,4,547466,0,0,Clear,City,0,0
57,8.4,84,1,2,96.5,90.7,4.07,12.49,34.1,30.4,14,871947,1,1,Clear,Highway,1,0
51,5.6,58,2,2,51.6,86.3,3.81,12.12,50.7,35.9,11,231975,1,0,Clear,City,0,0
22,9.0,36,4,4,90.5,91.8,3.18,12.38,38.2,34.1,11,883626,1,2,Rain,Mountain,1,0
38,6.7,67,1,1,82.5,106.0,2.49,12.5,51.0,30.4,3,775256,1,1,Clear,Highway,0,0
41,1.8,55,3,2,43.6,100.4,3.84,11.89,38.9,36.9,1,613538,1,0,Clear,Highway,0,1
45,3.1,108,2,0,49.1,95.1,4.36,12.49,31.8,33.1,12,347123,1,1,Clear,Mountain,0,0
43,10.2,87,2,4,92.8,89.3,1.91,12.7,33.6,33.2,8,309640,0,0,Rain,City,1,0
50,9.0,80,4,2,93.6,91.0,3.54,12.33,49.6,31.2,1,523462,1,1,Clear,Highway,1,0
43,10.8,79,1,4,100.0,97.5,4.09,13.22,46.4,34.3,5,800298,1,0,Clear,City,1,0
30,2.3,43,1,3,34.0,96.8,5.3,12.74,36.0,29.4,14,342531,0,0,Fog,Highway,0,0
58,11.9,40,2,4,100.0,92.5,3.57,12.22,43.7,30.6,2,761804,0,0,Clear,Mountain,1,0
31,3.3,85,2,0,31.6,100.7,5.05,12.39,49.8,35.6,12,471670,0,1,Rain,Highway,0,1
57,1.1,69,3,4,11.3,82.7,4.34,13.21,55.0,25.1,14,505127,1,2,Clear,Highway,0,0
58,12.0,87,1,3,100.0,99.9,4.36,12.29,43.2,31.2,6,118442,4,1,Rain,Mountain,1,0
49,4.1,53,3,1,59.7,97.0,2.69,12.2,44.6,34.7,8,222095,2,2,Rain,Highway,0,0
49,8.3,103,1,1,95.0,80.6,5.98,12.18,40.7,37.3,4,193271,1,0,Clear,City,1,0
42,2.9,59,1,5,30.4,86.7,3.56,12.64,42.1,33.5,1,566191,1,0,Clear,Mountain,0,0
45,7.4,45,3,1,93.9,104.0,3.7,12.71,46.6,35.5,13,832444,1,0,Clear,Highway,0,1
23,10.9,108,2,0,100.0,96.2,3.52,12.94,33.3,34.9,12,864443,1,0,Rain,Highway,1,0
29,4.5,51,5,2,40.5,91.1,4.74,12.24,47.2,30.9,7,366245,3,0,Rain,Highway,0,0
48,8.4,70,0,3,90.2,94.6,5.46,13.36,38.9,31.8,5,474058,0,0,Clear,Highway,1,0
43,3.1,55,6,2,57.5,92.1,4.16,12.86,36.1,33.3,2,171594,1,0,Rain,Mountain,0,0
58,7.9,52,1,3,78.4,94.9,3.12,12.39,36.1,39.0,12,449280,0,2,Clear,City,0,0
48,4.7,94,2,2,67.4,99.5,5.2,13.01,57.2,34.2,6,259641,1,0,Clear,City,0,0
50,3.3,52,4,2,60.8,106.5,2.24,13.55,52.4,32.6,6,86986,1,0,Clear,Mountain,0,0
24,4.4,35,3,3,55.6,84.2,2.8,12.84,35.1,29.0,5,638975,0,0,Clear,Mountain,0,0
34,3.0,48,3,2,36.5,101.3,2.11,13.48,44.2,31.8,13,320197,4,1,Fog,Mountain,0,1
31,10.9,42,1,3,100.0,89.0,3.13,12.1,43.8,31.8,13,520720,1,1,Rain,City,1,0
57,5.4,100,2,3,74.9,82.2,4.5,11.64,55.9,35.0,13,482244,0,1,Clear,Highway,1,0
30,3.7,85,4,0,37.0,102.5,3.28,12.87,38.5,31.2,6,186481,0,0,Clear,Highway,0,0
48,5.9,94,0,3,66.2,86.5,3.56,13.17,24.2,33.3,9,87632,3,0,Clear,Mountain,0,0
55,4.5,68,2,0,63.2,100.0,3.86,11.94,41.0,33.6,15,214393,1,0,Clear,Highway,0,0
22,9.2,70,2,2,100.0,100.6,3.27,13.22,39.8,33.6,12,582283,2,0,Fog,Highway,1,0
53,11.7,96,1,4,100.0,107.5,2.38,12.38,45.7,31.1,15,171477,0,0,Rain,City,1,0
46,5.8,35,1,1,56.8,101.9,1.85,12.9,48.9,31.4,9,775210,0,0,Clear,Mountain,0,0
50,10.5,76,4,3,100.0,102.4,4.81,12.73,51.2,34.0,7,171142,0,0,Clear,City,1,0
28,7.2,35,3,0,78.5,101.4,2.86,12.83,50.9,31.2,13,730820,0,1,Clear,Highway,0,1
24,2.7,88,4,2,39.8,93.8,2.81,12.88,47.2,27.8,3,73186,1,0,Clear,Mountain,0,0
41,8.6,81,2,3,82.9,102.8,2.01,12.56,50.4,33.6,12,732661,2,0,Fog,Highway,1,1
41,6.6,73,3,3,70.8,89.9,3.36,12.38,31.1,27.1,9,861394,1,1,Clear,Highway,0,0
51,8.2,64,2,4,69.9,87.0,4.04,12.77,39.9,32.5,13,243138,0,0,Fog,City,0,0
56,10.8,41,3,2,100.0,96.8,3.14,12.46,42.1,29.8,13,477621,0,0,Rain,Mountain,1,0
56,5.8,56,3,1,63.7,101.9,3.85,12.25,45.6,32.1,12,717923,1,0,Rain,Highway,0,1
48,10.9,84,0,6,86.2,90.6,1.52,12.76,37.0,38.1,10,620488,1,0,Clear,City,1,0
47,9.3,79,1,2,84.6,88.8,3.67,12.3,36.6,34.8,7,158358,1,0,Clear,Highway,1,0
35,6.4,108,3,2,80.8,80.5,3.09,12.5,39.2,31.2,15,600680,0,0,Clear,Highway,1,0
38,7.6,106,2,2,79.4,85.4,2.06,12.33,45.5,29.0,4,199737,3,0,Rain,Mountain,1,0
39,4.6,44,1,2,48.9,86.4,1.88,13.38,15.2,27.3,1,705412,0,0,Clear,Highway,0,0
50,11.8,48,1,1,100.0,101.8,2.64,12.65,41.8,28.9,10,449564,0,0,Rain,Highway,1,0
41,8.3,80,1,4,83.4,88.8,2.29,11.81,36.2,30.2,12,465627,2,1,Clear,Highway,1,0
48,1.5,109,2,1,33.1,95.9,3.85,13.22,35.1,29.3,6,319892,0,0,Clear,Highway,0,0
39,4.6,40,3,4,60.0,80.0,3.94,11.69,44.7,34.2,12,246561,3,1,Clear,City,0,0
25,7.9,55,1,7,75.0,102.4,3.67,13.67,43.2,32.7,12,450450,0,0,Clear,Highway,0,0
22,1.6,96,0,3,27.0,93.9,3.88,12.62,43.6,37.7,6,396421,1,1,Rain,Mountain,0,0
22,1.3,53,1,3,23.1,81.2,1.93,12.29,43.4,29.8,6,473811,1,0,Rain,Mountain,0,0
47,6.0,96,1,1,61.0,87.9,4.01,12.42,53.2,31.9,11,134202,1,0,Clear,Highway,0,0
41,4.7,87,1,3,51.3,85.8,4.17,11.8,51.4,27.7,14,513890,2,0,Clear,Highway,0,0
44,5.8,58,2,4,63.5,93.9,3.77,12.55,30.9,33.1,15,464548,1,0,Fog,Highway,0,0
31,3.9,90,1,3,45.1,89.1,3.4,12.38,38.1,27.2,4,127784,2,1,Clear,Highway,0,0
32,2.8,96,3,1,44.0,89.6,2.76,12.57,39.0,29.5,9,341976,2,1,Clear,Mountain,0,0
26,8.6,68,0,2,85.7,85.3,3.84,13.05,29.8,32.7,5,800339,3,1,Clear,Highway,1,0
22,6.7,56,7,3,66.5,82.2,3.12,12.75,63.8,23.9,1,359430,0,1,Rain,Highway,0,0
38,3.2,102,2,2,26.3,98.6,4.42,12.02,42.8,30.8,4,743498,0,0,Rain,Mountain,0,0
43,4.5,91,1,2,47.0,100.0,3.78,12.1,32.5,31.4,10,785254,0,0,Clear,Mountain,0,0
55,7.5,44,3,1,76.4,86.7,3.33,12.73,50.5,35.5,11,572570,0,1,Clear,Highway,0,0
50,1.8,100,1,1,44.0,96.0,3.16,12.85,43.1,34.6,3,694050,1,0,Rain,Mountain,0,0
25,2.6,42,2,0,40.1,84.9,3.34,12.56,35.9,32.8,14,572048,0,1,Fog,Highway,0,0
26,1.8,72,0,1,19.3,98.3,3.35,12.88,47.6,30.6,11,650105,2,1,Clear,Highway,0,0
32,9.9,96,3,1,100.0,90.9,3.42,12.67,49.3,32.1,8,570774,1,0,Fog,Highway,1,0
42,9.3,62,2,4,89.9,86.1,2.21,12.69,47.5,35.0,6,784105,1,0,Rain,Highway,1,0
56,9.3,44,4,0,100.0,83.8,3.74,13.02,46.4,33.8,10,820037,1,0,Clear,Highway,1,0
33,8.9,79,0,0,76.6,100.7,3.67,13.56,36.3,37.1,10,60260,0,1,Rain,Highway,1,0
47,8.4,99,3,0,99.3,80.9,2.32,12.75,28.9,32.9,7,540607,1,2,Clear,City,1,0
40,6.2,101,1,0,74.1,91.4,3.73,14.14,32.4,33.5,10,256202,1,1,Fog,Highway,1,0
28,8.1,43,2,2,82.7,76.6,3.49,12.67,38.2,29.5,2,877017,3,0,Clear,Highway,1,0
28,1.4,39,1,3,15.8,84.3,2.67,12.66,28.1,32.1,1,608601,0,1,Clear,Highway,0,0
47,7.8,44,2,5,67.8,81.8,4.11,13.58,56.4,33.4,13,662032,2,1,Rain,Mountain,0,0
26,9.6,46,3,0,100.0,72.4,4.84,12.52,34.0,32.6,2,407475,1,0,Clear,City,1,0
42,6.5,92,3,0,80.0,87.7,2.93,11.69,40.5,38.2,6,416146,0,0,Clear,Highway,1,0
35,4.9,55,4,1,69.6,89.3,3.6,12.05,43.1,29.0,13,389298,2,1,Fog,Highway,0,0
25,4.1,55,1,0,69.5,82.6,4.75,13.05,50.8,31.8,12,191804,1,1,Rain,City,0,0
44,8.1,99,2,1,92.3,87.1,1.31,12.84,45.9,37.7,5,570794,2,0,Clear,Highway,1,0
41,8.6,37,2,2,92.9,90.1,5.39,12.14,43.6,35.1,8,438816,3,1,Fog,City,1,0
36,10.6,103,2,0,100.0,76.8,3.58,11.62,60.7,33.5,4,315106,1,0,Rain,Highway,1,0
50,4.8,98,1,4,52.9,92.3,4.26,12.41,54.9,29.1,3,124697,0,1,Rain,City,0,0
29,9.5,83,3,2,95.0,96.8,1.8,13.2,45.2,33.5,4,125818,0,0,Clear,City,1,0
40,7.2,106,2,1,62.2,94.4,2.14,12.54,44.3,32.3,15,421289,2,0,Rain,Highway,0,0
49,10.7,51,3,1,100.0,94.5,2.54,12.42,40.9,36.2,9,124631,2,0,Rain,City,1,0
48,6.8,107,1,4,72.4,90.8,2.44,12.05,47.8,33.3,12,53763,0,0,Rain,City,1,0
25,6.7,66,0,5,67.4,94.8,1.17,12.44,39.0,37.7,8,108086,1,0,Clear,City,0,0
36,7.4,104,1,1,73.2,100.5,2.31,12.87,36.1,38.9,11,180049,1,1,Fog,Highway,1,0
56,9.2,55,0,2,85.7,112.1,2.67,12.5,53.1,33.9,15,664965,0,2,Clear,Mountain,1,1
58,11.6,41,3,1,100.0,83.7,2.07,12.52,35.9,34.2,8,209607,0,1,Clear,Highway,1,0
22,1.8,41,3,2,20.0,85.4,4.99,13.16,41.7,32.6,11,805367,0,1,Clear,Highway,0,0
24,1.6,61,1,1,19.3,84.2,4.14,12.21,38.9,28.2,6,513004,1,1,Fog,Highway,0,0
45,11.3,42,1,1,99.3,102.2,2.76,12.83,41.5,28.3,13,415838,2,0,Clear,City,1,0
48,6.8,107,1,2,68.2,104.4,4.08,12.52,43.6,35.8,15,478057,1,0,Rain,Mountain,0,0
57,7.8,62,1,2,77.8,98.1,3.84,13.42,42.0,37.2,5,470271,1,3,Clear,Highway,0,0
55,6.3,100,2,1,49.9,81.4,1.78,13.03,35.0,31.3,14,873907,0,0,Rain,City,0,0
50,2.0,105,0,2,30.8,89.6,3.93,13.27,38.7,32.1,11,296952,2,1,Clear,Highway,0,0
45,9.4,81,1,4,86.8,94.8,3.08,12.91,47.2,32.2,8,606099,0,1,Rain,City,1,0
45,9.2,44,4,3,100.0,94.7,4.19,12.35,43.8,30.6,12,548428,2,1,Clear,Highway,1,0
25,4.4,67,1,0,46.2,107.5,2.42,13.31,45.2,39.7,14,642497,1,3,Clear,Mountain,0,1
24,4.4,41,4,2,65.2,100.5,4.04,12.78,49.2,31.9,4,440816,1,2,Clear,Highway,0,0
55,10.2,37,1,0,100.0,100.1,4.55,12.71,46.3,36.4,10,523521,1,1,Fog,Highway,1,0
44,1.8,48,1,2,46.1,88.6,3.9,12.2,37.2,26.2,15,701764,0,2,Clear,Highway,0,0
44,10.7,78,1,0,95.8,95.3,1.71,12.97,44.6,36.6,6,836634,1,1,Clear,City,1,0
26,3.8,80,1,2,55.6,78.9,5.96,12.39,44.4,39.3,9,213892,2,0,Rain,Highway,0,0
52,7.5,95,1,4,70.4,92.7,4.09,12.34,29.3,34.0,12,689724,3,0,Clear,Mountain,1,1
27,11.3,70,0,3,100.0,93.4,3.26,12.75,28.6,35.2,14,719529,0,1,Fog,Highway,1,0
58,8.5,47,2,3,80.4,82.0,4.12,12.29,45.6,36.0,14,346113,0,0,Clear,City,1,0
31,5.6,50,0,1,66.2,89.6,5.61,12.22,37.5,34.7,3,113005,0,1,Fog,Highway,0,0
28,8.6,39,3,2,80.1,103.7,2.09,12.13,38.3,32.5,9,822835,0,1,Rain,Highway,1,0
59,4.8,72,1,3,58.8,91.7,4.59,13.11,44.2,30.6,13,315696,2,0,Rain,Mountain,0,0
42,4.0,84,4,5,64.6,97.0,3.33,13.32,42.1,35.3,11,632636,0,0,Clear,City,0,0
41,12.0,72,1,0,100.0,111.1,3.18,13.56,41.5,29.4,8,396526,1,0,Clear,City,1,0
24,9.3,90,2,1,78.3,88.4,3.24,13.07,54.0,35.1,3,749137,1,2,Clear,City,1,0
43,8.1,97,4,1,78.4,98.8,1.41,11.44,40.0,30.0,7,130462,0,0,Rain,City,1,0
25,4.9,82,0,2,73.5,90.5,3.98,12.76,44.1,29.7,5,290331,3,0,Rain,City,0,0
49,1.5,93,2,2,38.9,100.9,1.07,12.48,37.3,26.8,7,575250,1,3,Clear,Highway,0,0
33,1.3,78,2,2,21.9,91.7,2.98,13.79,50.3,31.5,4,692231,0,0,Rain,Mountain,0,0
59,7.1,89,1,4,66.3,100.4,3.0,12.8,44.7,36.2,15,766960,2,1,Clear,Highway,0,1
57,9.4,89,3,0,98.4,103.0,3.12,12.18,56.1,35.0,13,566254,0,0,Fog,Highway,1,0
26,6.9,35,3,1,76.2,90.4,1.34,12.24,43.1,31.6,3,603238,1,0,Clear,Mountain,0,0
34,10.2,42,2,0,100.0,100.4,4.39,11.73,44.5,30.4,7,328628,0,2,Clear,Highway,1,0
44,1.4,38,4,1,19.6,78.3,1.66,12.57,41.7,38.0,12,496206,1,1,Clear,Highway,0,0
51,5.0,87,1,4,59.2,93.0,2.57,11.81,54.6,26.5,14,794556,0,1,Fog,City,0,1
58,3.6,92,2,1,57.8,102.5,2.95,11.59,44.9,32.9,6,248434,1,0,Clear,Mountain,0,0
46,5.9,71,4,0,78.5,111.0,3.19,12.13,41.3,29.7,5,65719,1,0,Fog,Mountain,0,0
48,1.8,83,1,5,22.0,81.9,3.88,12.09,34.8,33.5,4,477380,2,1,Clear,Highway,0,0
35,11.5,101,2,3,100.0,83.0,3.52,12.64,24.4,33.4,6,217616,0,0,Clear,Highway,1,0
57,3.5,53,0,2,45.1,87.8,5.43,12.79,42.7,35.9,15,479954,0,0,Fog,City,0,0
37,11.1,35,0,2,100.0,93.3,3.85,12.6,39.6,36.6,1,227161,0,0,Fog,Highway,1,0
43,5.7,63,2,3,58.2,86.8,3.78,12.54,16.7,27.2,15,141769,0,0,Clear,Highway,0,0
42,11.8,67,3,2,100.0,99.1,2.92,12.8,38.7,30.7,12,261065,0,0,Rain,City,1,0
42,7.1,86,0,5,69.1,89.7,3.8,13.18,33.7,33.3,8,355435,2,0,Clear,Highway,0,0
29,11.2,75,5,3,100.0,86.3,3.01,12.1,55.3,36.3,14,188755,2,0,Rain,Highway,1,0
37,1.1,57,1,3,33.7,83.7,3.02,12.76,41.5,34.8,6,852932,0,0,Clear,Highway,0,0
52,9.2,39,5,2,100.0,92.4,6.67,12.61,51.9,29.3,14,857791,0,0,Clear,Mountain,1,1
31,10.9,105,2,3,100.0,95.7,5.04,12.8,45.6,33.6,11,899772,3,0,Clear,Highway,1,1
53,2.5,91,5,1,47.2,99.3,2.63,12.5,50.1,35.5,5,126995,0,1,Clear,Mountain,0,0
55,2.1,40,2,1,39.4,88.9,4.15,12.16,60.4,30.3,8,640358,0,1,Clear,Highway,0,0
30,5.7,83,2,3,63.5,95.8,3.77,12.53,48.5,30.8,4,494775,0,0,Rain,Mountain,0,0
38,11.3,56,5,2,100.0,104.6,2.84,12.24,67.7,31.3,15,324683,1,0,Clear,Highway,1,0
32,7.0,38,0,1,74.8,101.8,5.58,12.11,47.0,30.9,2,200422,1,0,Clear,Highway,0,1
53,6.8,106,4,1,53.0,88.7,3.3,13.19,51.8,32.3,5,476574,1,2,Rain,Highway,1,0
31,2.6,98,2,1,37.5,97.4,4.89,12.68,39.3,33.0,7,200272,1,1,Rain,Highway,0,0
43,1.0,71,4,2,32.4,90.5,2.84,11.61,30.6,33.0,5,501095,0,0,Clear,Highway,0,0
38,9.9,65,1,2,91.8,88.5,4.6,10.95,22.0,34.4,7,122107,2,1,Clear,City,1,0
25,2.0,71,4,1,50.5,84.6,4.84,12.52,49.1,32.0,2,556432,2,1,Fog,Highway,0,0
46,8.0,79,3,3,85.3,106.2,2.53,12.28,38.1,29.9,12,835708,1,0,Clear,Highway,0,1
42,11.1,42,6,3,100.0,86.4,3.17,12.61,39.3,30.2,1,214337,0,0,Clear,Mountain,1,0
58,3.3,74,1,2,54.8,90.7,3.41,12.72,39.2,34.5,3,381468,0,0,Clear,City,0,0
59,8.3,39,2,2,92.0,76.8,5.13,12.59,36.7,30.7,1,620872,0,1,Clear,Highway,1,0
22,1.9,62,1,2,46.5,100.8,5.05,12.21,55.3,34.2,3,463879,1,1,Clear,City,0,1
46,7.6,43,1,2,94.1,91.7,3.1,13.09,34.9,34.4,3,506882,1,0,Clear,Mountain,0,0
57,2.8,36,3,3,57.1,101.5,3.12,12.02,45.9,36.1,8,314477,3,0,Clear,Mountain,0,0
38,9.1,97,3,5,97.4,94.8,3.75,13.21,45.9,30.2,5,715427,0,1,Clear,Highway,1,0
45,4.3,85,1,2,44.0,93.1,1.93,12.89,30.1,30.5,3,850617,1,0,Clear,Highway,0,0
23,6.1,65,2,2,66.4,98.7,4.77,12.27,46.6,35.6,5,147796,3,1,Rain,Highway,0,0
36,7.6,41,3,1,97.2,91.9,2.64,12.82,32.8,27.5,8,67384,1,0,Clear,Mountain,0,0
53,2.9,64,5,0,45.8,77.3,3.6,12.42,41.3,34.9,10,187028,0,0,Clear,Highway,0,0
27,9.2,92,0,2,89.3,94.1,4.9,13.28,38.9,36.2,15,840389,1,1,Fog,City,1,0
22,4.3,37,1,0,49.0,100.9,3.95,12.28,42.4,27.5,11,342077,2,0,Clear,City,0,1
44,8.3,85,2,3,75.6,85.1,3.1,13.0,46.8,33.4,10,399942,1,0,Clear,City,1,0
38,2.7,90,5,3,50.8,75.1,2.48,11.97,35.0,31.5,1,275276,1,0,Rain,Highway,0,0
55,8.6,107,2,2,84.3,86.2,3.45,12.77,37.3,37.5,7,668916,0,0,Fog,City,1,0
50,2.4,44,1,0,29.4,94.6,3.21,12.75,29.0,38.1,13,471012,2,0,Fog,Highway,0,0
30,5.7,95,3,3,56.9,82.6,6.12,12.92,33.3,40.3,5,867377,2,0,Rain,City,0,0
34,3.7,84,1,3,23.5,91.1,2.69,12.85,48.1,37.5,4,588349,0,1,Rain,Mountain,0,0
27,9.2,81,0,3,100.0,95.3,2.97,12.45,39.0,37.4,3,166337,0,0,Fog,Highway,1,0
27,3.9,35,2,2,48.8,85.0,2.5,11.63,49.3,41.0,12,636473,1,0,Clear,Highway,0,0
41,10.7,91,2,2,93.3,102.3,3.24,11.93,34.4,33.4,7,806862,0,0,Clear,City,1,1
24,10.8,72,2,2,100.0,97.4,4.02,11.57,35.8,34.9,12,368021,3,0,Rain,Mountain,1,0
38,3.2,96,1,0,46.1,84.0,2.55,12.47,50.8,37.7,10,281369,0,1,Fog,Highway,0,0
33,7.8,104,2,2,60.0,97.6,3.85,13.17,43.8,32.7,13,84526,3,1,Clear,Highway,0,0
22,2.0,99,3,0,43.2,85.4,2.29,12.23,30.1,30.7,14,724437,0,1,Clear,City,0,0
38,5.3,96,4,2,52.3,87.9,4.43,12.4,37.5,31.2,2,360082,1,0,Rain,City,0,0
24,8.8,90,1,2,96.4,92.3,3.04,12.3,48.9,32.1,14,235080,0,1,Clear,Highway,1,0
47,8.3,101,0,4,91.5,98.6,3.17,12.72,40.7,32.9,13,735099,1,0,Clear,City,1,0
36,7.9,51,3,2,84.6,91.6,4.91,12.69,51.7,31.0,8,815878,1,1,Clear,Highway,0,0
57,4.1,42,2,2,40.3,95.3,3.06,12.39,31.7,27.9,13,569768,2,2,Fog,Highway,0,0
53,5.2,94,1,2,49.3,103.5,3.9,12.11,51.7,36.8,4,436387,0,0,Rain,Highway,0,0
53,2.1,74,1,0,36.3,94.1,4.21,12.91,32.5,39.9,10,710194,0,0,Rain,Highway,0,0
25,8.9,96,0,3,81.8,87.0,4.8,13.15,44.0,28.7,2,226576,0,0,Clear,Highway,1,0
39,6.5,75,3,3,84.2,97.6,3.83,13.0,49.6,29.3,14,719619,1,1,Clear,City,0,0
40,8.8,46,4,2,89.4,87.6,3.18,12.03,43.0,31.0,13,862446,1,0,Fog,Highway,1,0
56,3.7,88,2,1,39.6,89.7,2.98,11.46,46.6,29.3,2,412748,1,0,Fog,Mountain,0,0
35,4.6,45,2,4,66.8,96.5,3.81,12.48,50.2,31.7,11,526109,1,1,Fog,Highway,0,0
54,4.7,94,2,2,38.5,96.7,2.74,13.29,45.8,33.0,15,371602,0,1,Rain,City,0,0
35,1.3,102,4,1,29.1,90.6,4.04,11.6,39.5,34.6,10,388683,0,0,Fog,City,0,0
55,4.8,80,3,3,64.0,89.5,3.7,12.39,40.2,32.0,1,741535,1,1,Clear,City,0,0
25,9.8,72,2,1,88.1,106.6,2.33,13.4,35.2,37.5,10,210205,1,0,Clear,Highway,1,0
45,10.9,95,1,2,100.0,74.5,2.27,13.09,32.3,30.1,8,534930,4,0,Rain,Highway,1,0
50,6.7,51,0,1,66.9,94.9,3.58,12.72,52.5,31.3,11,557616,2,1,Rain,City,0,0
40,6.0,100,1,1,56.8,92.1,3.21,12.0,46.9,40.0,8,664888,1,0,Fog,Mountain,0,0
27,1.3,106,2,3,31.2,88.6,4.32,13.35,53.6,33.7,6,464475,4,1,Clear,Highway,0,0
54,10.7,70,2,0,100.0,94.3,2.58,12.51,46.9,34.4,2,156561,0,0,Clear,Highway,1,0
40,1.1,108,3,1,48.8,84.2,4.23,11.48,39.2,30.5,3,642170,1,0,Fog,Highway,0,0
22,11.4,41,1,1,100.0,81.6,4.26,13.32,32.7,33.6,9,673469,1,1,Clear,City,1,0
26,6.4,50,0,2,68.5,100.3,2.32,12.08,37.9,33.2,7,341259,3,1,Clear,Mountain,0,0
48,4.8,48,1,3,69.5,86.6,3.28,14.19,47.4,33.3,14,149650,1,1,Clear,City,0,0
37,11.2,59,3,2,98.3,91.0,4.87,12.51,36.3,34.1,12,811164,2,0,Rain,Highway,1,0
27,1.3,38,4,3,25.0,74.0,3.9,12.81,52.5,36.9,13,110446,4,0,Rain,Highway,0,0
34,7.4,63,0,2,88.7,78.1,3.4,12.65,39.1,29.2,5,394008,0,0,Clear,City,0,0
56,7.0,90,3,3,69.4,94.0,4.36,12.47,32.4,34.8,5,97271,1,1,Clear,City,0,0
40,3.4,40,8,1,47.8,100.7,3.01,13.0,39.5,33.8,7,97943,0,1,Rain,City,0,0
33,5.7,35,1,1,58.6,86.5,3.17,12.7,43.8,35.1,1,93029,2,0,Rain,Highway,0,0
37,8.2,73,1,1,83.4,105.1,3.67,12.63,55.6,35.9,1,726600,1,1,Clear,Highway,1,0
31,9.0,35,1,3,91.3,102.3,4.92,12.09,42.9,32.4,3,77772,0,0,Clear,City,1,0
46,1.0,97,1,3,32.7,99.1,2.58,12.53,37.0,32.4,9,83487,0,0,Clear,City,0,0
41,11.3,91,1,2,100.0,100.7,3.97,12.01,53.3,34.9,8,812847,3,0,Rain,Mountain,1,1
52,2.8,101,6,0,49.5,102.5,3.1,12.8,51.2,30.6,12,70579,2,1,Fog,City,0,0
25,3.6,99,2,1,52.7,87.8,4.74,12.77,41.1,32.5,3,220688,0,0,Clear,City,0,0
44,3.9,99,3,2,49.2,88.2,4.27,12.69,29.1,33.3,15,656971,2,0,Clear,Mountain,0,0
23,1.4,55,3,2,25.1,97.6,3.42,13.22,37.3,36.1,12,315542,0,1,Fog,Highway,0,0
43,2.4,64,5,2,30.1,82.1,4.1,13.0,47.8,33.4,8,471297,3,0,Fog,Highway,0,0
58,11.8,67,2,0,87.1,94.7,2.92,13.64,52.0,33.6,4,678336,2,1,Clear,City,1,0
29,4.5,82,1,3,54.8,95.7,2.87,13.09,43.1,32.3,7,273271,2,0,Rain,Highway,0,0
28,2.3,56,1,3,27.0,97.6,6.02,12.68,41.3,33.9,14,54073,0,1,Clear,City,0,0
35,2.2,88,2,2,28.8,96.6,3.13,12.45,37.9,33.5,2,788671,0,1,Fog,Mountain,0,0
24,8.9,38,2,1,88.2,81.7,3.68,11.89,48.0,31.1,5,591514,1,0,Clear,Mountain,1,0
37,10.4,89,1,4,98.0,78.4,3.11,13.29,33.9,34.9,12,408922,0,0,Fog,Mountain,1,0
40,3.8,78,0,2,55.9,92.5,2.21,12.89,37.6,29.0,5,130844,0,0,Clear,Highway,0,0
39,1.2,46,0,4,27.9,111.6,2.48,12.37,53.0,33.3,11,761720,0,0,Rain,City,0,1
37,3.5,108,1,1,64.3,84.3,3.84,12.75,49.8,38.3,5,846675,2,0,Clear,City,0,0
29,1.6,86,2,2,54.7,89.4,2.09,12.67,53.9,28.7,9,471336,2,0,Clear,Highway,0,0
54,2.1,99,0,2,33.7,94.4,2.79,12.55,36.8,30.1,13,59218,1,1,Rain,Highway,0,0
33,5.7,99,2,0,57.1,87.7,4.15,13.06,32.0,36.6,9,734407,3,0,Clear,Highway,0,0
32,3.5,44,1,1,30.4,97.2,3.73,11.83,53.8,35.4,2,202393,0,0,Clear,City,0,0
26,6.7,52,1,2,91.9,97.7,3.09,13.03,47.9,30.0,10,134811,3,0,Clear,City,0,0
48,3.8,81,2,5,43.2,104.3,3.06,13.26,50.2,29.4,12,175089,1,0,Clear,Mountain,0,0
33,11.3,100,3,4,100.0,96.4,2.47,12.04,48.0,26.3,9,392603,0,0,Clear,Highway,1,0
38,11.0,83,3,4,100.0,89.4,5.73,11.62,56.8,27.6,1,860548,0,2,Clear,City,1,1
27,7.2,106,0,2,74.3,98.9,2.52,12.83,47.7,32.3,5,664693,1,1,Clear,City,1,0
54,4.9,56,4,3,54.4,91.7,4.51,13.08,43.7,36.5,15,110756,0,0,Rain,Highway,0,0
26,5.2,60,2,1,69.9,89.0,1.29,12.16,44.6,36.2,10,137798,0,0,Clear,City,0,0
49,5.5,43,3,4,36.5,88.7,4.38,11.9,43.9,35.4,1,841555,0,0,Clear,City,0,0
35,9.0,55,2,3,90.1,88.0,4.48,11.66,54.6,28.7,3,147865,0,0,Clear,Highway,1,0
26,6.0,97,3,2,75.2,100.7,2.57,13.14,52.0,37.2,10,667414,1,1,Clear,Mountain,1,0
54,10.4,40,3,1,96.3,100.6,2.88,12.55,54.7,34.9,12,809624,1,1,Clear,Highway,1,1
40,11.4,48,0,2,100.0,94.3,4.57,13.25,26.0,28.6,12,530558,1,0,Rain,Highway,1,0
43,4.7,67,0,4,58.5,88.4,2.36,11.21,40.2,29.3,6,541930,1,0,Rain,City,0,0
26,7.2,105,1,3,70.4,93.5,3.94,12.64,34.9,35.4,10,135275,1,0,Rain,Highway,1,0
23,2.0,58,3,2,17.9,86.1,2.82,13.16,57.0,35.6,9,191279,1,0,Clear,Highway,0,0
51,3.2,107,2,2,49.7,91.3,4.4,12.13,36.2,31.8,4,120217,1,2,Clear,Highway,0,0
25,5.5,109,3,1,67.2,79.9,5.36,12.97,47.0,31.5,2,99889,0,1,Fog,City,0,0
54,3.3,85,0,5,39.0,91.1,2.49,12.07,58.1,34.5,5,462406,0,0,Clear,Highway,0,0
34,10.6,36,4,3,100.0,99.0,4.09,12.13,44.9,33.5,1,496852,2,1,Clear,City,1,0
41,2.7,49,1,2,36.7,87.7,4.48,12.64,39.3,34.8,10,303331,1,1,Clear,Highway,0,0
28,6.0,69,1,2,78.3,100.2,1.51,12.3,43.9,28.7,13,806534,1,0,Clear,Highway,0,1
36,7.7,70,5,4,84.6,96.9,4.5,13.28,31.4,33.0,7,563568,1,0,Rain,City,1,0
44,8.6,73,4,3,100.0,95.5,3.85,12.6,30.2,34.1,11,363535,2,1,Clear,Highway,1,0
35,5.2,38,0,1,65.2,87.5,4.14,13.3,46.6,33.6,15,338402,2,1,Rain,City,0,0
44,10.6,98,2,2,100.0,84.7,1.67,12.94,22.7,33.1,12,604705,2,1,Clear,Highway,1,0
40,7.3,108,3,3,59.6,100.0,4.24,12.14,41.6,30.8,2,342685,0,0,Clear,Highway,0,0
50,5.8,40,1,1,66.9,82.6,3.32,12.71,41.1,34.0,15,420116,1,1,Rain,City,0,0
41,1.7,91,1,0,31.2,88.9,2.36,12.18,57.8,27.7,8,303116,3,0,Rain,Highway,0,0
50,6.1,64,3,0,85.0,94.0,4.2,13.18,46.4,33.7,14,841185,1,1,Clear,Highway,0,0
45,10.0,108,3,1,100.0,111.3,4.31,13.33,39.9,37.4,9,794108,0,0,Clear,Highway,1,0
39,7.8,101,2,0,90.2,97.7,3.42,11.74,49.7,33.6,13,94274,2,0,Clear,Highway,1,0
31,10.2,49,0,2,100.0,86.7,3.86,12.88,43.6,30.2,2,825246,0,1,Clear,Highway,1,0
29,6.4,51,3,1,84.6,91.9,3.34,13.21,33.4,32.0,2,314854,0,1,Clear,Mountain,0,0
47,2.3,52,0,1,37.5,90.1,2.12,13.05,44.5,30.5,13,120961,1,0,Clear,City,0,0
50,1.2,53,1,0,50.9,94.6,3.36,12.55,43.4,33.6,14,117203,5,1,Clear,Mountain,0,0
31,4.3,103,4,1,49.3,100.0,4.7,13.97,42.8,33.1,10,322993,1,1,Clear,Mountain,0,0
38,8.7,58,2,1,100.0,87.0,4.71,12.72,45.7,30.2,9,278631,1,0,Rain,City,1,0
23,9.7,82,3,1,90.1,93.6,2.67,11.86,50.7,36.2,12,351067,1,2,Clear,Mountain,1,0
27,4.3,64,0,5,63.0,99.8,3.74,12.95,45.1,32.1,8,338028,1,0,Clear,Highway,0,0
26,6.5,49,1,2,62.4,82.4,3.58,13.15,31.9,34.3,7,390229,0,1,Clear,Highway,0,0
49,5.6,81,3,2,71.0,90.9,3.99,12.9,30.0,37.7,1,205543,0,0,Clear,Highway,0,0
26,5.5,78,1,2,55.5,89.1,3.55,12.7,39.1,29.3,9,357797,2,0,Clear,Highway,0,0
39,3.5,61,0,3,37.6,91.8,4.22,11.9,38.5,37.7,4,751178,2,1,Clear,Mountain,0,0
47,2.5,98,1,1,30.3,74.3,3.09,11.77,45.0,31.2,6,790752,1,1,Clear,City,0,0
41,3.2,75,2,1,50.6,86.4,4.6,12.12,52.7,37.0,2,289928,2,0,Clear,Mountain,0,0
48,1.6,102,2,2,37.7,75.1,2.97,11.4,54.6,36.6,13,207727,0,0,Clear,Highway,0,0
33,3.2,39,3,0,50.5,83.5,3.69,13.36,36.9,31.1,5,499916,0,0,Clear,City,0,0
28,1.1,87,3,5,31.0,93.1,4.17,12.64,27.9,32.7,11,133892,0,1,Clear,Highway,0,0
24,7.9,42,3,2,78.4,95.3,3.72,12.43,42.5,27.4,1,507497,0,0,Clear,City,0,0
31,4.5,56,3,2,48.8,88.8,1.16,11.88,50.9,32.0,12,454186,1,0,Fog,Mountain,0,0
55,11.7,41,3,1,100.0,75.1,3.8,11.96,38.6,30.0,5,611862,1,0,Clear,Highway,1,0
46,3.1,56,3,0,33.9,87.3,4.19,12.61,42.5,30.8,12,148850,1,0,Rain,Highway,0,0
56,4.8,80,3,4,70.5,82.0,3.8,12.46,40.7,33.2,8,827185,2,0,Clear,City,0,0
37,4.9,64,1,0,48.6,90.0,4.44,12.67,54.7,34.3,5,206186,0,0,Clear,City,0,0
23,1.1,50,2,2,19.5,92.8,4.67,11.94,60.5,31.1,7,86002,0,0,Clear,City,0,0
45,10.2,39,3,4,91.6,79.1,2.81,12.79,47.4,33.1,12,406369,3,1,Fog,Highway,1,0
31,1.4,101,0,3,17.9,88.9,1.79,13.24,47.5,31.5,8,604902,1,1,Clear,City,0,0
59,11.3,57,1,2,100.0,74.4,2.3,12.46,30.9,34.3,1,586925,0,0,Fog,Highway,1,0
43,10.8,95,1,1,100.0,90.5,3.57,12.99,38.6,32.3,8,757087,1,0,Clear,Highway,1,0
47,6.9,108,3,3,73.6,90.4,4.11,12.51,49.1,29.7,11,872588,2,1,Fog,Highway,1,0
48,7.0,39,2,3,74.8,79.9,3.38,12.41,45.3,30.8,11,150728,0,1,Rain,Highway,0,0
50,8.2,57,3,0,88.5,80.4,2.12,12.81,46.1,32.2,1,201933,0,0,Clear,Highway,1,0
59,5.3,59,1,0,63.4,106.1,3.8,12.37,28.3,34.9,8,837185,0,1,Rain,Highway,0,1
41,8.1,42,3,1,96.6,94.7,3.51,12.29,25.0,37.5,15,626289,0,1,Clear,Highway,1,0
48,1.5,55,0,2,25.3,86.4,3.66,13.14,57.7,31.1,14,706512,0,2,Rain,Highway,0,0
41,1.6,36,1,7,26.9,89.4,5.31,11.69,40.8,27.7,15,170904,0,3,Clear,Highway,0,1
40,6.0,56,1,1,67.1,82.5,4.32,12.65,28.7,36.8,14,308531,1,0,Rain,Mountain,0,0
41,7.0,106,1,2,75.3,93.8,3.37,12.07,41.0,34.7,10,379195,0,4,Clear,Mountain,1,0
56,10.8,106,1,2,91.6,91.1,2.17,13.5,30.5,33.9,2,782867,1,1,Fog,City,1,0
23,2.2,102,2,1,21.8,97.8,4.84,13.05,32.8,29.0,4,516348,1,0,Clear,Mountain,0,0
51,10.0,98,0,2,98.6,100.2,1.73,13.24,36.1,32.8,1,710095,1,1,Clear,City,1,0
55,3.3,53,5,2,60.3,102.8,3.22,12.7,30.5,35.1,1,446601,0,1,Clear,Highway,0,0
43,5.3,87,2,0,77.2,98.9,2.3,12.92,14.8,28.8,4,174396,3,0,Clear,City,1,0
24,4.5,86,1,0,44.8,90.3,3.09,12.71,48.1,35.8,15,420569,0,0,Clear,City,0,0
27,5.4,81,3,2,58.9,81.1,3.41,12.32,37.3,34.2,12,849021,1,0,Rain,Mountain,0,0
36,2.7,88,3,2,43.2,89.7,2.18,13.49,49.6,36.7,13,675514,2,0,Clear,City,0,0
48,6.5,78,4,0,75.0,91.6,1.05,12.95,42.3,35.4,11,229581,2,1,Clear,City,0,0
31,9.8,41,1,3,88.7,95.2,2.53,12.19,27.4,26.4,13,348343,0,3,Rain,Highway,1,0
30,5.9,35,4,3,84.2,87.5,2.15,11.82,41.8,30.0,4,574024,0,0,Clear,Highway,0,0
54,6.4,97,2,4,65.5,82.4,2.54,12.09,53.3,35.0,4,208392,1,0,Clear,City,0,0
53,10.3,73,1,2,100.0,94.0,3.22,12.63,41.2,29.3,8,451679,0,0,Clear,Mountain,1,0
27,8.8,53,3,2,87.1,111.3,5.02,12.27,36.2,30.7,4,879862,0,0,Clear,Highway,1,1
57,6.4,65,6,3,68.0,103.4,2.9,13.07,30.5,32.5,15,372912,2,0,Fog,Highway,0,0
23,3.8,58,4,4,58.0,101.5,2.97,12.74,37.4,31.5,5,227023,2,0,Clear,Highway,0,0
50,10.7,103,2,1,100.0,89.0,3.4,12.48,32.7,27.0,11,739007,1,0,Clear,Mountain,1,0
25,7.3,99,0,2,85.2,86.0,4.16,12.6,38.2,34.3,12,587295,0,1,Clear,City,1,0
22,3.4,67,3,1,38.4,98.1,4.06,12.54,24.5,32.3,10,590494,1,1,Clear,City,0,0
40,4.0,93,2,6,38.5,102.1,1.58,12.48,32.3,33.7,11,631199,2,2,Clear,Mountain,1,1
47,9.8,67,2,1,100.0,89.9,2.46,12.79,46.8,32.4,2,503148,3,1,Clear,Highway,1,0
46,1.5,66,3,7,35.1,87.3,4.61,12.34,43.2,26.2,10,474871,0,0,Clear,Mountain,0,0
31,11.9,93,1,2,100.0,87.7,2.98,12.02,39.3,31.1,11,95968,1,0,Clear,Mountain,1,0
36,2.4,75,1,2,48.6,93.7,4.46,12.97,31.8,30.2,10,410743,1,0,Clear,Mountain,0,0
43,9.8,46,1,5,89.3,91.5,4.22,12.2,55.1,33.1,9,571542,1,0,Clear,Highway,1,0
42,5.3,107,4,2,82.1,92.1,1.26,13.22,59.4,35.0,7,554417,1,0,Rain,Highway,1,0
43,6.4,45,1,2,67.1,101.9,1.84,12.52,32.1,31.8,13,451516,2,0,Clear,Highway,0,0
57,10.7,53,3,2,100.0,98.9,3.17,12.38,48.9,34.9,12,465030,2,0,Rain,Highway,1,0
55,5.5,88,4,3,63.6,90.6,3.9,12.13,32.5,37.1,1,884147,0,0,Rain,Highway,0,0
51,6.9,91,1,2,60.0,92.0,3.23,12.45,46.3,34.8,4,714345,0,0,Clear,Highway,0,0
46,1.5,76,2,0,22.2,100.1,3.31,12.77,22.7,38.6,7,797914,1,0,Clear,City,0,1
49,1.0,105,1,1,20.3,96.2,3.53,12.21,37.1,29.5,12,366661,1,1,Fog,Mountain,0,0
22,3.7,65,2,2,42.8,105.2,3.4,12.97,43.5,36.2,9,342120,1,1,Clear,Highway,0,0
25,8.5,86,1,3,89.9,97.4,3.47,12.05,45.1,31.6,4,857779,2,1,Rain,City,1,0
28,2.3,36,2,2,14.1,94.1,1.13,13.06,33.8,33.9,7,76793,3,0,Fog,Highway,0,0
30,2.3,72,3,1,40.3,88.1,3.19,12.66,46.7,28.5,8,587179,3,2,Clear,City,0,0
57,5.5,66,0,3,44.2,79.4,3.18,12.37,41.3,38.7,8,608582,2,0,Clear,Highway,0,0
40,8.1,44,1,4,88.4,100.5,2.43,12.79,30.3,30.8,3,181363,2,0,Clear,Highway,1,0
22,8.8,42,0,0,82.4,100.6,2.73,13.4,33.0,35.5,13,408656,2,1,Rain,Highway,1,0
31,3.0,109,4,1,45.3,102.9,1.83,13.18,55.2,38.4,15,507200,0,1,Rain,City,0,0
57,1.9,54,3,1,21.9,82.2,3.89,12.78,43.5,32.9,15,279902,2,0,Clear,Highway,0,0
30,11.3,54,1,1,100.0,95.1,2.35,13.07,38.5,36.8,15,706576,1,0,Fog,City,1,0
53,3.9,43,2,2,30.7,86.6,3.38,12.39,29.8,29.3,12,89762,0,1,Fog,Highway,0,0
53,10.4,106,1,3,90.7,91.2,3.01,12.29,37.4,35.7,5,520040,1,0,Clear,Mountain,1,0
27,10.5,49,2,4,100.0,79.5,3.31,12.96,43.6,33.4,7,765341,0,1,Fog,Mountain,1,0
59,9.5,97,6,1,100.0,86.6,4.41,12.72,45.1,32.3,6,887461,1,0,Clear,City,1,0
38,2.9,55,6,1,30.8,91.2,2.77,12.45,43.0,31.1,8,574630,0,0,Clear,City,0,0
31,10.0,39,2,2,96.6,95.2,3.4,13.0,36.5,28.7,2,97549,0,1,Rain,City,1,0
48,9.5,69,2,1,100.0,98.0,4.14,12.62,26.8,33.4,8,379798,1,1,Rain,City,1,0
56,7.6,102,3,0,81.6,104.7,3.65,13.24,41.2,31.8,12,426609,0,0,Clear,Mountain,1,0
42,4.7,82,2,4,51.8,91.0,2.71,11.54,41.7,34.9,10,494682,2,0,Clear,Mountain,0,0
46,3.9,96,0,0,35.6,88.2,1.95,12.35,35.0,33.9,13,741493,0,0,Rain,Mountain,0,0
49,2.3,69,2,2,47.2,94.8,2.66,13.06,40.3,34.0,9,82136,0,0,Clear,Highway,0,0
36,6.6,104,2,3,67.7,94.4,3.68,13.43,42.8,34.9,13,405244,1,0,Clear,Mountain,0,0
25,7.4,55,2,1,62.7,83.1,3.45,13.26,44.6,29.8,3,167303,2,0,Clear,City,0,0
50,5.0,73,4,0,59.5,82.3,4.14,12.28,48.5,28.5,11,831415,2,0,Fog,City,0,0
30,6.2,68,4,3,66.2,110.3,3.17,13.23,22.4,30.1,5,351858,0,0,Fog,City,0,0
48,5.0,49,2,1,54.9,94.2,2.73,11.69,45.7,32.1,8,326630,1,0,Clear,Highway,0,0
47,8.1,40,0,2,86.1,98.4,2.01,12.14,29.0,30.1,5,326853,1,1,Clear,Highway,1,0
40,10.9,100,2,1,100.0,96.5,2.29,12.47,33.6,29.3,2,287571,1,0,Clear,Highway,1,0
49,2.8,90,0,3,53.6,95.8,2.45,12.83,50.7,28.4,10,767223,0,1,Clear,City,0,0
38,5.2,83,3,4,52.5,102.1,4.81,12.11,32.1,32.5,4,447306,0,0,Rain,City,0,0
41,2.5,35,2,2,32.3,109.9,2.32,12.53,49.0,32.2,10,247811,0,0,Fog,City,0,0
44,7.9,99,1,2,90.9,96.5,2.33,13.28,37.2,32.9,14,665653,0,0,Rain,Mountain,1,0
53,9.0,62,2,3,100.0,93.0,2.79,12.01,54.0,35.4,9,385201,3,0,Clear,Mountain,1,0
54,11.3,54,3,0,100.0,100.1,4.53,11.97,31.0,33.0,9,351627,2,0,Clear,Highway,1,0
26,4.1,82,3,5,60.1,90.2,3.97,12.2,41.3,34.6,14,88561,2,0,Clear,City,0,0
55,11.5,106,3,1,100.0,82.4,3.24,13.79,19.4,34.9,10,342766,1,0,Fog,Highway,1,0
32,1.7,99,1,3,28.3,97.2,1.92,12.81,42.7,29.3,8,272494,0,0,Clear,Mountain,0,0
24,7.6,85,2,0,76.9,84.8,3.37,12.17,28.7,39.1,6,783599,0,0,Rain,City,0,0
54,1.6,77,1,3,15.4,85.7,4.2,13.06,40.0,30.5,5,655219,1,0,Clear,Highway,0,0
32,10.8,83,2,3,100.0,81.9,4.73,11.68,35.0,32.7,5,187813,0,2,Clear,City,1,0
37,6.8,59,2,3,87.6,71.9,1.16,12.53,56.4,31.2,1,886498,1,0,Clear,Highway,0,0
39,8.4,108,1,1,85.8,81.4,2.56,12.67,38.3,32.6,7,825596,2,1,Clear,City,1,0
51,10.1,75,4,3,100.0,92.9,3.43,13.16,55.4,36.8,5,247154,3,1,Clear,City,1,0
31,2.7,105,1,0,68.9,101.6,4.58,11.88,33.9,36.4,3,898805,1,1,Clear,Mountain,0,1
39,1.4,98,2,1,40.1,87.7,2.01,13.24,15.3,31.6,5,861689,1,1,Fog,Highway,0,0
59,10.7,95,0,2,98.9,86.5,2.23,13.11,48.1,28.7,1,814347,2,0,Clear,Highway,1,0
40,4.5,46,0,2,47.4,91.5,2.86,13.27,32.2,38.7,4,690055,1,1,Clear,Highway,0,0
57,2.4,103,2,1,46.9,91.4,1.92,12.0,50.9,37.3,15,515637,2,0,Clear,City,0,0
34,6.2,48,0,1,80.1,91.6,1.36,13.47,40.9,26.2,10,341771,2,1,Clear,Highway,0,0
24,7.6,68,4,2,74.2,100.5,5.44,11.66,46.8,33.6,2,382515,1,0,Fog,Mountain,0,1
31,1.3,82,2,1,18.8,89.5,3.07,11.97,49.1,28.7,4,503988,0,2,Fog,Highway,0,0
59,4.0,95,0,2,34.9,88.1,2.67,12.69,59.7,32.4,11,326189,2,1,Fog,Highway,0,0
22,1.4,69,0,2,20.8,92.1,2.14,12.41,50.5,33.5,15,639042,1,1,Rain,Highway,0,0
48,5.6,99,5,2,60.6,97.2,3.28,11.93,43.5,34.6,11,887615,1,0,Fog,Highway,0,0
29,10.8,93,2,1,100.0,114.9,2.77,13.78,48.9,27.8,4,813926,1,2,Rain,Mountain,1,1
38,11.8,70,1,2,100.0,106.0,4.11,11.75,48.1,37.7,13,753722,1,0,Clear,Mountain,1,1
30,8.0,53,2,0,53.3,94.0,2.25,11.73,46.0,30.0,8,132246,2,0,Rain,Highway,0,0
27,2.8,76,1,1,35.8,87.9,3.3,12.76,58.2,31.4,7,296933,0,0,Clear,Mountain,0,0
46,11.0,103,2,1,100.0,91.3,3.26,12.57,40.2,33.5,1,446454,0,0,Fog,Highway,1,0
49,6.7,53,1,6,70.0,86.6,3.85,11.87,43.2,31.3,15,565163,2,0,Fog,Highway,0,0
54,2.7,73,3,1,15.8,93.7,3.14,13.69,37.4,34.5,11,500507,0,0,Fog,Highway,0,0
58,11.1,103,0,1,100.0,94.6,3.89,12.65,64.1,34.1,3,293650,1,2,Clear,Mountain,1,0
30,9.3,86,0,1,100.0,96.9,3.61,12.32,39.5,34.6,8,703676,1,1,Clear,City,1,0
39,9.0,46,1,7,87.3,76.3,4.18,12.6,44.8,33.9,12,412915,0,2,Clear,City,1,0
42,8.8,81,3,1,83.7,85.0,3.91,11.81,34.3,28.8,14,98276,2,1,Clear,Highway,1,0
23,3.2,70,3,1,37.9,103.6,3.13,13.14,38.7,34.4,12,79973,1,0,Clear,City,0,0
59,3.3,97,2,2,47.9,83.2,4.98,12.73,50.1,37.3,3,699622,1,1,Fog,Mountain,0,0
57,8.6,85,2,2,73.6,85.9,2.81,12.48,41.0,31.1,13,544470,1,0,Clear,Mountain,1,0
58,3.4,77,3,3,35.9,89.4,4.85,12.6,51.4,32.8,6,883798,0,0,Clear,Mountain,0,0
36,5.8,68,3,2,77.6,103.4,4.41,12.16,48.6,36.0,10,379236,2,1,Clear,Highway,0,0
49,9.6,83,2,2,100.0,97.3,4.0,13.17,41.2,35.9,10,303099,0,1,Clear,City,1,0
39,9.6,52,1,2,91.4,89.8,3.32,12.27,34.9,30.8,2,872093,0,1,Clear,Highway,1,0
55,6.0,95,1,2,72.9,88.3,2.71,12.32,44.4,30.4,14,293497,0,0,Clear,Highway,1,0
43,9.7,91,1,0,88.4,86.5,3.61,12.7,44.4,33.0,2,542678,1,0,Rain,Highway,1,0
32,10.2,39,1,2,92.3,82.0,3.6,11.6,42.1,33.9,3,148884,2,0,Clear,City,1,0
34,8.2,58,0,2,76.1,85.5,3.31,12.88,44.4,35.4,3,596660,1,3,Clear,Mountain,1,0
25,3.5,98,3,2,32.3,106.1,3.96,12.59,36.4,26.7,8,477154,1,1,Clear,Highway,0,0
43,4.0,93,2,2,51.1,103.9,4.32,12.87,47.3,32.3,2,615848,2,1,Clear,City,0,0
28,4.5,72,3,3,75.9,89.3,2.58,12.48,45.4,33.1,2,172763,1,1,Fog,Highway,0,0
45,2.3,67,3,2,18.4,88.0,2.76,12.18,35.9,28.0,8,78680,0,0,Rain,Highway,0,0
25,4.0,44,2,2,68.9,101.1,2.15,12.66,38.2,33.6,13,326864,2,0,Rain,Highway,0,0
49,3.3,71,4,1,19.2,87.2,3.79,13.1,41.6,30.8,13,483715,0,2,Fog,Mountain,0,0
36,6.0,45,0,1,73.0,97.3,4.99,12.32,38.3,36.0,14,75258,0,0,Clear,City,0,0
22,11.0,58,0,1,89.4,83.1,2.1,13.01,35.8,32.0,5,884396,3,0,Clear,Highway,1,0
24,2.1,105,3,1,41.9,93.4,2.66,12.45,50.3,32.7,9,95290,0,0,Clear,Highway,0,0
35,8.9,55,1,1,83.1,88.2,2.05,12.37,49.1,29.2,7,243874,1,0,Clear,City,1,0
59,8.6,54,1,3,96.0,95.7,2.89,13.04,46.9,36.8,7,804958,0,0,Clear,Highway,1,0
22,2.1,44,3,1,28.8,102.3,1.36,12.77,32.6,35.8,13,542734,1,0,Clear,Highway,0,0
59,11.1,81,0,2,100.0,87.2,4.59,11.92,56.8,33.2,7,751205,0,2,Clear,Highway,1,0
59,7.3,81,5,1,76.2,83.5,4.17,12.5,44.5,32.2,5,737069,2,0,Fog,Highway,0,0
42,5.0,49,1,0,72.1,89.6,3.68,12.02,41.0,35.7,8,736790,1,0,Clear,Mountain,0,0
50,9.3,78,1,0,92.5,102.7,4.4,12.86,48.7,35.1,8,366399,0,0,Clear,Highway,1,0
26,3.8,96,3,1,52.5,93.1,4.35,12.14,41.1,30.7,3,305548,1,0,Clear,Highway,0,0
31,8.6,40,2,5,89.4,91.4,3.43,12.68,19.0,30.6,10,725005,0,0,Clear,City,1,0
49,1.4,100,4,4,39.9,101.2,2.15,12.86,44.1,30.3,14,385621,1,1,Rain,Highway,1,0
42,10.2,38,5,3,100.0,96.1,2.74,12.86,50.7,32.8,8,495964,1,1,Fog,Highway,1,0
28,5.9,57,0,2,67.6,110.6,3.41,12.33,45.1,31.9,5,385543,0,0,Fog,Highway,0,0
24,8.0,47,0,2,66.6,83.3,2.72,12.62,27.1,36.5,13,52547,0,0,Clear,Mountain,0,0
41,3.4,65,1,0,37.4,91.9,5.23,12.25,48.8,36.3,13,110877,0,0,Clear,City,0,0
40,8.4,50,1,0,95.0,80.9,3.66,12.39,44.2,32.6,3,794385,1,0,Clear,Highway,1,0
56,9.5,75,3,0,80.5,83.3,3.6,12.13,44.7,34.9,9,638009,2,0,Rain,Highway,1,0
25,6.2,35,2,4,62.2,102.5,4.45,12.63,29.8,36.0,4,271135,3,0,Clear,Highway,0,1
26,7.8,46,3,2,76.3,84.8,3.78,12.84,37.6,39.9,15,605814,1,0,Clear,Mountain,0,0
22,6.0,90,0,1,65.6,104.5,3.23,12.18,33.2,35.3,6,85232,2,0,Fog,City,0,0
25,10.8,84,2,2,100.0,83.1,5.01,12.18,49.2,34.9,14,465104,0,0,Clear,Highway,1,0
33,6.5,54,2,1,72.3,91.3,3.93,13.4,45.8,25.9,10,352941,0,0,Fog,Highway,0,0
48,10.3,100,3,2,91.7,82.4,3.01,12.18,37.0,36.3,3,567322,1,1,Clear,Mountain,1,0
44,9.8,70,2,3,89.6,97.2,3.68,12.96,36.0,33.4,11,347892,0,1,Clear,City,1,0
46,5.5,72,3,0,81.7,93.6,2.97,13.1,39.5,30.9,14,282996,0,0,Rain,Highway,0,0
42,3.5,56,5,5,62.0,102.1,2.68,12.74,44.3,30.6,3,140612,0,1,Fog,Highway,0,0
45,5.5,95,4,1,69.1,98.8,4.29,12.78,49.1,34.1,15,154418,1,0,Rain,Highway,0,0
46,10.1,84,3,5,100.0,93.0,3.0,12.64,34.7,28.9,5,241599,3,0,Clear,Mountain,1,0
53,3.5,93,1,2,50.6,92.9,2.73,11.92,44.9,29.9,11,850917,0,0,Rain,Mountain,0,0
53,6.8,54,1,2,73.7,81.9,3.68,13.14,39.1,35.3,12,112750,1,0,Clear,Highway,0,0
26,9.9,70,3,1,90.3,95.1,4.55,12.38,18.4,36.2,3,96673,0,0,Clear,City,1,0
57,4.9,49,2,1,73.5,91.2,1.4,13.02,37.7,37.4,1,644249,2,0,Clear,Mountain,0,0
37,8.1,96,2,2,100.0,97.3,2.78,12.59,45.2,29.7,2,151527,2,2,Clear,Highway,1,0
54,3.7,37,2,2,43.9,98.0,1.27,12.84,35.5,30.8,6,899687,0,1,Clear,Highway,0,0
42,2.2,39,2,2,48.4,86.9,0.12,12.74,44.8,33.5,13,98799,3,0,Rain,Highway,0,0
30,9.7,90,1,2,93.0,86.2,3.55,12.37,47.6,36.0,2,759988,0,1,Clear,Highway,1,0
27,2.1,65,1,0,28.6,92.6,2.18,13.0,51.2,34.3,14,588293,1,0,Clear,Mountain,0,0
56,4.0,69,2,3,47.3,89.9,4.27,11.93,33.5,33.6,10,497521,2,0,Clear,City,0,0
43,10.4,105,4,1,99.1,80.3,2.3,13.22,51.4,31.3,8,395716,2,0,Fog,City,1,0
26,4.8,104,3,1,64.0,84.0,4.09,13.15,42.3,29.6,6,242887,3,1,Clear,Highway,0,0
44,11.7,60,0,0,100.0,100.6,3.79,12.47,29.4,28.5,15,794265,3,0,Rain,Highway,1,1
38,11.8,35,4,1,100.0,95.6,2.56,12.73,40.1,31.9,6,174845,1,0,Rain,City,1,0
33,4.0,41,1,3,44.3,91.8,3.0,12.47,39.6,30.9,11,84765,3,0,Clear,Highway,0,0
44,1.5,70,3,3,31.0,102.0,3.67,12.19,37.7,31.2,11,487718,1,1,Clear,City,0,0
37,8.8,59,3,3,78.7,91.5,4.03,12.56,32.1,33.4,6,258671,1,0,Rain,Mountain,1,0
24,6.0,93,1,2,54.6,97.7,4.86,12.74,43.9,34.4,5,433931,1,0,Clear,City,0,0
51,2.1,95,2,0,40.1,91.7,3.71,13.27,41.5,31.2,15,160894,0,1,Clear,Mountain,0,0
43,8.8,63,4,1,91.1,92.5,3.45,12.5,37.6,34.0,13,668110,1,1,Rain,City,1,0
30,1.3,52,4,1,25.4,117.1,3.52,12.61,34.4,34.6,2,527899,1,0,Clear,Mountain,0,0
50,10.6,75,2,2,95.1,86.4,3.24,13.25,27.4,31.4,6,620920,3,0,Rain,Mountain,1,0
58,2.5,53,0,4,28.0,96.4,3.03,12.85,54.4,31.3,13,844967,0,0,Clear,City,0,0
44,2.4,38,3,2,42.4,96.2,2.57,11.9,39.9,33.3,8,590705,0,0,Clear,Highway,0,0
34,2.9,99,1,0,35.9,101.2,3.89,12.58,48.4,30.0,15,609150,1,0,Clear,Highway,0,1
53,11.6,75,1,1,100.0,91.4,2.66,13.02,50.9,40.9,11,111971,3,2,Clear,City,1,0
44,8.6,49,0,3,90.2,108.0,3.67,13.83,50.3,33.9,12,763564,1,0,Rain,City,1,1
38,9.8,88,5,1,100.0,89.1,3.47,12.69,47.4,29.7,11,559199,3,0,Clear,City,1,0
42,5.4,98,4,2,77.0,88.4,4.14,11.56,43.8,34.3,15,705219,1,0,Clear,City,1,0
23,4.7,106,3,2,49.0,98.7,3.74,11.69,28.4,31.6,10,67841,2,2,Clear,City,0,0
58,3.6,49,4,3,53.0,101.8,2.72,12.26,54.6,35.9,7,407993,0,0,Clear,Highway,0,0
27,6.3,84,1,3,75.1,82.0,2.39,12.13,32.9,33.9,14,61656,0,0,Clear,Mountain,0,0
39,7.1,56,1,2,71.3,85.8,4.54,13.01,53.9,34.3,3,281787,2,1,Clear,City,0,0
51,7.9,52,3,0,67.5,93.4,3.08,13.54,39.6,24.9,6,673537,1,0,Clear,City,0,0
43,3.8,36,2,3,28.5,96.8,4.9,12.99,49.9,33.8,8,58883,0,0,Clear,City,0,0
54,11.4,70,1,2,100.0,102.8,0.88,13.05,48.8,37.7,7,433362,1,1,Clear,Highway,1,0
51,2.9,54,2,1,54.1,92.9,3.68,12.93,44.9,37.7,1,811289,1,1,Clear,Highway,0,0
38,11.6,50,2,3,100.0,101.2,4.36,12.78,44.8,39.3,12,565751,3,0,Clear,Highway,1,1
53,1.2,101,2,1,38.9,77.6,3.59,12.22,40.6,37.2,7,872784,1,1,Clear,Highway,0,0
35,6.3,64,0,2,62.5,82.4,3.71,12.99,42.4,32.9,4,637190,0,0,Clear,Highway,0,0
31,4.7,89,3,4,57.8,91.9,4.07,12.42,42.3,35.8,11,542806,1,0,Clear,City,0,0
57,5.9,100,4,5,72.2,100.4,4.33,13.01,43.3,32.9,13,775214,1,0,Rain,Highway,1,1
55,7.3,60,5,4,88.4,89.4,4.1,12.82,40.9,34.8,10,683740,1,0,Clear,Highway,1,0
30,5.8,91,1,3,61.5,89.7,4.73,12.6,31.3,35.9,15,869705,0,1,Clear,City,0,0
49,5.6,103,3,3,58.1,95.1,3.03,12.23,38.7,33.3,13,567909,3,1,Rain,Highway,0,0
32,9.1,36,1,0,72.7,90.2,5.17,12.56,45.4,35.8,3,886111,1,0,Clear,Highway,1,0
35,8.5,90,3,2,83.4,103.2,2.47,12.31,40.9,31.4,8,168037,0,1,Rain,Mountain,1,0
40,10.2,96,1,1,100.0,92.8,4.46,11.74,42.1,35.1,2,228437,1,0,Clear,City,1,0
36,3.7,68,1,1,47.1,111.7,3.89,12.05,37.1,33.6,7,91076,2,0,Clear,Highway,0,0
49,7.7,90,1,2,67.1,93.2,5.74,12.75,46.6,31.5,6,842576,1,0,Fog,City,0,0
45,7.4,89,3,4,77.4,89.0,3.8,11.3,47.0,35.9,8,598865,1,0,Clear,Highway,1,0
29,5.1,54,3,3,67.9,92.7,4.19,13.79,23.4,28.7,4,156202,1,0,Rain,Mountain,0,0
30,6.3,84,1,3,64.1,100.8,1.85,12.35,29.5,32.2,2,614260,0,0,Rain,Highway,0,1
54,4.5,59,2,0,44.8,90.7,4.35,13.03,40.5,33.0,9,417632,2,0,Clear,City,0,0
54,2.6,59,2,2,65.9,69.5,3.78,11.52,46.0,37.4,3,897504,2,0,Clear,Mountain,0,0
40,3.4,87,0,3,50.9,88.2,4.24,12.11,44.4,32.6,3,148309,0,0,Clear,City,0,0
24,2.2,48,1,2,52.9,73.5,2.55,13.13,40.9,32.6,5,600272,4,1,Clear,Highway,0,0
31,8.5,94,1,3,84.0,96.1,3.0,12.81,48.7,36.3,14,204385,0,0,Clear,City,1,0
22,8.3,77,2,0,100.0,83.0,3.68,12.4,46.8,33.4,9,578008,0,1,Clear,Highway,1,0
50,11.5,96,3,3,100.0,92.4,3.43,13.59,40.4,30.6,13,730479,0,0,Clear,City,1,0
55,9.0,103,2,5,97.1,80.2,3.77,11.89,40.9,40.2,1,559072,0,0,Clear,City,1,0
34,1.6,97,2,1,20.5,91.3,3.67,13.15,31.5,35.8,4,523490,2,1,Rain,Highway,0,0
22,10.7,36,1,4,98.2,93.4,3.0,12.39,42.8,32.0,10,700742,0,0,Fog,City,1,0
55,10.5,88,2,1,100.0,88.0,3.26,12.18,46.5,32.6,4,750464,0,1,Clear,City,1,0
50,5.9,50,1,4,63.7,91.6,2.75,11.62,36.2,29.6,2,136156,2,1,Clear,City,0,0
34,7.4,89,0,0,82.9,78.5,6.26,11.69,42.3,33.8,15,479568,3,2,Clear,Highway,1,1
50,11.7,77,2,3,100.0,92.4,3.84,12.67,44.7,35.8,13,407228,2,2,Clear,City,1,0
45,6.9,95,1,2,79.4,86.9,5.26,12.64,49.0,27.6,8,102773,0,1,Fog,Highway,1,0
47,11.0,72,2,3,100.0,92.7,2.46,12.22,39.5,33.6,1,589371,2,0,Rain,Highway,1,0
38,1.9,79,4,4,39.7,91.0,3.41,12.5,35.1,28.7,15,639861,1,1,Rain,Highway,0,0
28,3.1,85,1,1,34.7,90.1,3.05,12.53,39.3,32.0,10,200051,1,0,Clear,Mountain,0,0
34,5.8,76,5,0,63.0,88.4,3.9,12.36,44.3,33.5,6,639001,1,0,Rain,City,0,0
26,7.4,58,3,1,77.0,94.2,3.7,12.1,43.9,33.6,7,140722,1,0,Clear,Mountain,0,0
47,10.0,64,0,3,91.0,105.3,2.36,12.86,29.7,40.1,12,298601,2,0,Rain,Highway,1,1
24,11.9,71,1,1,100.0,90.9,3.98,13.22,39.3,33.9,11,222199,0,0,Clear,City,1,0
28,5.3,87,1,1,65.2,96.3,3.77,12.79,33.8,31.3,11,583686,2,1,Clear,Highway,0,0
22,1.5,97,1,1,39.1,104.5,3.79,12.82,42.3,30.2,3,281827,2,0,Clear,Highway,0,0
38,9.8,45,3,1,100.0,95.2,4.65,12.98,44.9,31.3,13,559180,1,0,Rain,City,1,0
46,7.6,57,0,3,85.9,98.0,4.45,12.48,50.2,34.1,12,211793,1,0,Clear,Highway,0,0
24,3.2,84,0,2,46.5,85.1,5.13,12.28,52.1,27.7,10,669007,0,1,Clear,Highway,0,1
36,6.4,89,1,4,64.3,94.9,3.84,11.6,46.0,29.4,12,717558,1,2,Clear,Highway,1,0
50,9.2,89,3,2,76.3,94.8,4.41,12.32,38.7,33.9,12,328503,0,0,Clear,Highway,1,0
53,9.5,38,5,4,90.7,106.2,3.31,12.28,37.9,32.4,5,789803,1,0,Clear,Mountain,1,0
47,6.5,88,3,0,70.8,82.0,3.69,12.07,45.7,34.4,10,299180,2,0,Rain,Highway,1,0
37,4.4,95,2,1,48.9,109.4,4.08,12.72,48.1,30.6,2,336196,0,0,Fog,City,0,0
46,11.7,39,1,5,100.0,101.2,3.01,12.5,32.3,31.2,12,484136,1,2,Clear,Highway,1,0
49,8.3,52,5,2,89.2,99.7,3.56,12.81,61.1,36.2,12,717741,1,2,Clear,City,1,0
30,5.5,78,0,1,63.1,82.8,2.22,12.04,45.4,35.0,14,884876,0,0,Clear,Mountain,0,0
22,4.1,65,2,1,58.3,84.8,4.73,11.84,48.7,28.4,15,149187,2,1,Rain,Mountain,0,0
50,9.0,55,2,4,100.0,97.0,4.76,12.93,45.7,27.7,6,858377,2,0,Fog,Highway,1,0
43,3.7,81,4,1,46.8,75.4,2.29,13.01,33.6,29.9,14,424072,2,0,Fog,Highway,0,0
37,2.9,64,4,1,33.6,80.0,4.66,12.18,38.5,31.2,3,444651,1,1,Clear,City,0,0
28,6.8,89,1,1,77.6,98.4,4.47,12.42,35.8,35.8,15,899501,0,1,Clear,City,1,0
35,4.2,102,4,0,42.1,101.5,3.82,12.74,28.5,29.3,12,485944,2,1,Clear,Highway,0,1
50,7.9,103,0,3,73.7,109.1,3.82,12.89,32.2,35.2,1,110336,1,0,Clear,City,1,0
40,2.3,75,2,4,52.6,89.3,4.07,11.72,56.1,31.9,3,126436,2,1,Clear,Highway,0,0
40,8.2,79,3,0,98.6,85.1,2.19,13.09,40.3,32.6,9,73100,1,0,Clear,Mountain,1,0
23,4.1,108,2,3,59.3,85.9,5.8,11.94,49.0,31.7,12,790820,2,0,Clear,Highway,0,1
36,1.0,64,3,4,31.9,95.6,1.33,11.9,37.5,34.0,7,670071,0,1,Rain,City,0,0
24,2.4,79,2,3,27.0,90.4,2.04,12.39,36.3,36.0,4,233690,0,1,Fog,Highway,0,0
32,11.3,79,4,1,100.0,81.2,4.56,12.38,53.9,30.8,13,279978,0,0,Rain,City,1,0
51,10.5,79,3,2,100.0,96.2,4.42,12.61,40.5,36.3,14,551772,1,0,Rain,Highway,1,0
39,3.6,89,3,3,43.7,83.8,5.2,12.68,40.2,35.5,12,801819,0,0,Clear,Highway,0,1
23,9.6,93,2,0,88.8,98.0,3.6,13.45,44.1,32.1,7,198391,0,0,Clear,Highway,1,0
53,7.7,39,1,3,79.7,97.6,2.58,12.14,47.1,31.0,13,557424,0,0,Rain,Highway,0,0
29,11.7,66,7,0,100.0,89.6,3.57,13.13,37.7,37.2,6,287497,2,0,Clear,Highway,1,0
43,5.1,40,1,1,58.7,94.3,4.35,11.86,24.5,32.2,14,143277,1,0,Rain,Highway,0,0
27,8.5,60,0,4,86.2,89.7,2.81,11.98,51.3,32.4,13,873746,0,2,Rain,Highway,1,0
33,1.7,71,0,1,11.8,91.4,2.43,12.13,45.4,34.3,10,674175,1,2,Clear,Highway,0,0
57,5.4,47,2,0,62.5,81.8,3.53,11.63,34.9,35.3,13,816934,4,0,Clear,Highway,0,1
36,11.6,103,0,2,100.0,64.8,2.78,12.82,40.7,37.0,2,574933,2,1,Rain,Highway,1,0
49,6.9,59,3,3,74.5,91.0,3.33,13.21,52.6,34.6,2,510106,0,0,Fog,Highway,0,0
39,4.2,47,1,4,74.3,84.0,2.88,13.05,54.6,33.4,11,72820,4,0,Rain,Mountain,0,0
23,2.3,54,2,1,31.2,85.2,4.08,11.83,39.3,33.7,10,647228,1,0,Clear,Highway,0,0
34,8.7,106,1,0,84.7,84.7,3.05,13.74,54.0,29.3,14,258804,0,0,Rain,Highway,1,0
36,8.1,94,2,2,78.1,99.6,2.98,12.66,42.0,32.1,11,71926,0,1,Clear,Highway,1,0
41,5.1,107,2,0,53.8,100.6,4.21,13.37,36.1,30.1,3,336585,0,0,Fog,Highway,0,0
50,11.5,55,4,2,100.0,94.7,2.39,12.53,37.8,35.5,11,329185,0,1,Clear,Mountain,1,0
50,1.2,95,1,3,26.9,89.4,2.59,12.54,56.2,31.1,6,763937,0,1,Fog,City,0,0
24,4.3,60,2,6,73.8,94.6,3.84,12.41,46.6,36.4,4,90169,1,1,Clear,Highway,0,0
40,11.1,88,2,2,100.0,100.8,2.63,13.63,34.4,31.6,8,148181,2,1,Fog,Highway,1,0
24,4.5,76,3,3,47.3,105.3,4.8,13.29,50.2,31.0,7,688970,3,0,Fog,City,0,1
35,3.8,45,0,0,40.5,86.0,2.45,12.57,50.6,30.8,13,330772,2,0,Clear,Mountain,0,0
25,6.9,71,3,6,91.9,79.9,3.38,12.44,38.7,28.7,6,121703,2,0,Clear,Mountain,0,0
32,10.1,45,3,1,100.0,94.5,2.63,12.97,45.7,30.5,8,844351,0,0,Clear,Mountain,1,0
52,2.1,61,1,5,49.9,77.6,4.96,11.67,53.3,30.8,5,231026,3,1,Clear,Highway,0,0
53,11.4,68,2,2,100.0,94.2,2.44,11.51,32.7,36.0,9,140473,3,0,Clear,Highway,1,0
48,9.7,72,1,4,97.8,93.8,5.42,12.08,27.5,32.1,1,355665,1,1,Clear,Highway,1,0
51,3.0,95,0,3,57.4,90.9,3.58,12.79,36.6,32.4,4,471107,2,0,Clear,City,0,0
23,8.8,87,3,0,94.1,106.3,3.32,13.13,27.9,31.8,2,572497,1,0,Clear,Highway,1,0
30,5.2,99,3,2,65.2,92.6,1.41,11.98,32.0,36.1,6,829246,0,0,Rain,City,0,0
49,5.4,37,0,6,59.1,96.4,5.17,13.37,51.1,33.5,9,715378,1,0,Clear,Mountain,0,0
52,9.6,101,2,1,100.0,101.3,4.01,12.33,35.2,30.2,14,515668,0,0,Rain,City,1,0
55,11.6,62,2,4,100.0,91.4,2.28,12.81,41.5,29.1,14,199866,2,0,Clear,City,1,0
36,2.4,48,5,2,33.6,88.8,2.98,12.33,47.8,31.4,8,506810,1,2,Clear,Highway,0,0
46,5.6,86,2,2,86.3,89.1,1.85,12.54,51.5,36.6,9,226698,1,1,Clear,Mountain,1,0
57,6.3,64,0,1,67.4,95.4,2.72,13.5,44.8,32.6,6,242672,0,1,Clear,Mountain,0,0
29,5.1,92,0,1,52.9,94.6,3.39,12.33,24.9,36.5,11,551941,1,0,Clear,Mountain,0,0
30,5.0,88,2,2,71.4,105.7,5.14,12.13,41.6,38.2,14,218550,1,0,Clear,Mountain,1,1
58,1.6,103,2,4,39.6,86.9,5.99,12.93,48.1,38.9,14,754204,3,0,Clear,Highway,0,1
53,8.5,49,2,2,81.4,90.1,4.03,13.09,43.3,32.0,9,554094,2,1,Fog,City,1,0
38,5.8,72,3,2,65.6,99.6,1.94,11.85,46.4,30.5,6,369459,1,0,Rain,Highway,0,0
56,3.1,48,1,0,51.5,97.3,5.83,12.78,36.6,35.3,5,300386,0,0,Clear,Mountain,0,0
58,10.0,91,1,3,100.0,91.5,1.73,12.87,42.8,29.7,3,218216,0,1,Clear,Mountain,1,0
40,9.8,93,2,2,100.0,90.4,4.36,13.47,47.3,33.0,12,395706,1,0,Clear,City,1,0
50,6.4,42,1,2,71.1,88.0,3.57,12.4,53.4,30.3,12,517646,2,0,Clear,Highway,0,0
28,4.3,106,2,7,62.6,84.8,4.73,13.27,36.9,31.7,12,700658,0,0,Clear,Highway,0,0
49,8.0,53,4,4,80.9,91.8,2.74,12.68,36.7,32.7,3,226692,0,0,Clear,Mountain,1,0
30,4.2,66,4,3,47.1,96.7,4.53,12.45,54.7,31.6,9,743796,0,0,Rain,Highway,0,0
49,3.6,63,1,3,59.3,95.0,4.95,12.23,39.3,35.2,9,295606,2,0,Rain,City,0,0
27,9.0,75,3,1,94.9,91.3,3.91,12.85,43.8,33.7,13,717178,0,1,Rain,Mountain,1,0
50,1.4,109,1,0,38.1,94.5,3.51,12.02,44.1,30.1,3,678098,0,0,Clear,City,0,0
38,2.0,79,2,0,48.2,84.4,4.52,12.05,42.0,30.3,3,301570,4,0,Clear,Mountain,0,0
37,1.1,47,2,0,23.1,96.5,4.84,12.9,57.5,31.1,5,847230,0,0,Clear,City,0,0
44,2.7,61,3,2,46.9,80.5,3.03,13.52,40.2,36.9,1,411529,3,1,Clear,City,0,0
52,1.8,53,1,2,57.6,94.0,2.87,11.89,48.3,35.2,1,321593,0,0,Rain,City,0,0
24,12.0,60,2,2,100.0,96.7,2.86,12.23,38.7,27.0,2,527143,0,1,Rain,City,1,0
42,4.2,87,2,2,41.5,92.8,1.25,12.75,56.9,33.9,10,492498,0,2,Clear,City,0,0
47,2.6,85,2,4,49.0,92.1,4.43,12.32,35.4,40.5,6,212374,1,0,Clear,Mountain,0,0
57,3.7,71,1,2,33.0,83.5,3.49,11.66,46.9,33.9,2,695452,2,2,Rain,Mountain,0,0
58,11.3,43,0,4,99.4,91.6,3.22,12.17,23.3,32.8,2,416846,2,0,Clear,Highway,1,0
43,6.7,86,1,0,73.7,107.9,3.06,12.84,39.7,31.1,6,638088,1,1,Clear,Mountain,1,0
33,5.0,88,2,3,59.7,91.5,3.94,12.46,46.5,30.0,9,781749,1,0,Rain,Highway,0,0
34,10.6,37,1,1,100.0,89.8,2.84,12.78,30.4,33.8,4,699181,1,0,Clear,City,1,0
32,5.3,103,3,2,84.5,79.1,4.4,11.92,39.0,27.0,3,178836,3,1,Clear,City,1,0
37,4.7,42,1,4,58.4,94.9,3.12,12.77,67.6,31.0,2,887782,1,0,Clear,Highway,0,0
29,3.3,48,4,5,40.6,95.5,2.35,11.55,33.5,32.9,12,64184,0,0,Clear,Mountain,0,0
23,5.2,37,2,6,55.2,88.2,4.1,12.99,44.2,36.3,2,344059,3,1,Clear,Mountain,0,0
51,4.5,58,2,5,51.4,90.0,2.63,13.28,30.3,28.4,13,285317,2,0,Clear,Highway,0,0
51,8.5,47,0,2,75.9,81.4,3.43,11.9,33.3,31.7,15,340714,4,0,Rain,City,1,0
33,4.2,77,2,2,59.2,93.0,4.44,12.31,45.4,34.9,2,173582,4,0,Clear,Highway,0,0
31,7.3,63,6,0,81.4,96.0,3.55,11.86,40.2,32.4,7,58314,0,0,Clear,Highway,0,0
32,1.7,106,2,7,38.3,73.9,3.61,12.65,35.5,36.9,13,655438,1,1,Fog,Highway,0,0
36,3.1,85,2,2,52.8,91.7,3.06,12.68,38.3,34.6,6,769955,1,0,Rain,Highway,0,0
37,5.5,76,0,4,70.2,105.8,3.67,11.93,50.9,30.6,7,793749,1,0,Clear,City,0,1
38,11.3,65,4,2,96.6,93.2,2.88,12.31,40.2,33.1,3,884269,1,2,Rain,City,1,0
47,5.1,97,1,3,58.0,95.9,4.03,13.14,46.6,30.6,2,104513,2,0,Fog,Highway,0,0
23,8.3,60,1,3,84.0,100.5,3.16,12.88,28.0,32.8,5,416204,1,0,Fog,City,1,0
33,3.8,52,3,2,64.2,96.5,3.31,12.7,37.6,33.5,11,814485,1,1,Clear,City,0,0
47,2.4,91,2,3,53.9,89.1,2.49,13.15,38.6,35.0,10,74945,3,0,Clear,Highway,0,0
44,1.6,41,4,1,28.5,79.0,4.02,13.5,36.1,33.6,14,349280,2,1,Rain,Mountain,0,0
39,4.4,82,1,1,45.3,113.6,2.96,12.67,41.0,29.5,15,847674,3,0,Clear,City,0,1
53,2.7,94,1,0,43.2,98.0,2.41,12.75,39.5,27.1,7,503300,0,0,Clear,Highway,0,0
59,2.9,67,4,2,40.0,98.8,2.98,12.46,47.8,34.6,15,768755,0,0,Clear,Highway,0,0
24,9.4,37,4,0,94.4,100.3,4.31,12.69,50.9,26.7,2,469263,0,1,Clear,City,1,0
59,1.2,38,5,0,41.8,101.0,4.08,12.25,37.0,33.5,6,527306,2,0,Clear,City,0,0
24,7.1,38,1,1,79.5,98.4,1.26,11.76,51.6,30.2,9,171550,1,1,Clear,Highway,0,0
51,5.2,76,0,2,56.8,92.2,2.81,13.0,36.2,32.9,12,135811,1,1,Clear,Mountain,0,0
22,6.6,43,4,2,66.2,89.4,4.94,12.95,43.0,32.5,8,241312,3,0,Clear,City,0,0
51,7.2,85,2,3,63.2,97.9,4.76,12.64,31.4,33.9,12,152424,1,0,Clear,Highway,0,0
53,4.4,51,1,1,60.8,93.2,2.25,12.66,39.7,33.0,11,725371,2,2,Rain,Highway,0,0
49,4.2,51,4,2,56.4,92.9,4.4,12.25,54.2,35.0,13,575789,2,2,Clear,Highway,0,0
42,9.1,54,0,1,98.4,99.9,2.06,13.2,43.1,33.7,12,820538,0,0,Clear,Highway,1,0
34,10.6,48,3,2,100.0,108.8,2.66,11.99,39.9,36.3,5,632183,2,0,Rain,Mountain,1,1
48,3.1,56,1,2,34.2,84.5,2.43,13.3,26.0,31.5,5,838991,0,1,Rain,Mountain,0,0
57,2.1,86,2,3,37.4,95.8,4.24,12.89,41.5,29.7,4,634644,1,1,Rain,Highway,0,0
28,10.9,61,1,0,100.0,84.0,3.53,12.75,42.8,33.7,12,336586,0,0,Rain,Highway,1,0
43,4.8,77,4,2,59.0,93.6,4.01,12.78,38.2,32.7,15,715007,2,1,Rain,Highway,0,0
31,7.1,37,1,1,93.2,78.6,1.54,13.11,39.3,34.1,5,200968,1,1,Clear,Highway,0,0
36,5.0,42,4,2,62.5,86.4,4.38,12.32,41.2,32.8,5,572223,1,0,Clear,Highway,0,0
36,2.4,44,0,2,58.9,92.2,5.14,12.99,42.2,36.0,10,609401,1,0,Clear,Highway,0,0
25,7.5,63,3,2,100.0,100.6,3.74,12.4,40.6,34.4,7,599865,0,1,Fog,Highway,0,0
53,6.8,74,1,2,65.4,80.2,5.49,12.83,51.4,29.3,2,575450,1,0,Clear,Mountain,0,0
44,3.2,99,2,0,39.1,95.5,4.37,11.81,33.7,31.7,5,756843,2,0,Rain,City,0,0
27,6.0,55,0,3,63.4,91.7,5.31,12.26,54.4,33.4,12,69627,1,0,Clear,Highway,0,0
45,9.8,58,1,0,81.3,103.7,3.27,13.48,39.9,31.7,2,399715,0,1,Fog,City,1,0
41,7.5,107,2,1,84.6,88.8,3.82,13.27,46.3,31.1,5,182223,0,2,Clear,Highway,1,0
58,2.1,94,1,2,41.2,95.5,2.82,13.42,50.5,36.8,8,626897,0,1,Fog,Highway,0,0
41,7.0,60,1,1,77.9,90.8,2.05,13.17,43.5,35.2,14,52664,3,0,Fog,City,0,0
33,8.7,43,1,1,77.4,84.2,2.69,12.28,41.7,30.7,15,726515,0,0,Clear,City,1,0
54,9.7,54,2,2,100.0,87.4,3.78,12.35,43.2,35.7,5,110809,0,0,Fog,City,1,0
49,7.9,90,1,1,64.4,85.9,2.24,13.09,26.5,35.4,3,633611,3,1,Clear,Highway,0,0
29,2.7,70,0,2,28.4,78.0,3.61,13.14,20.8,34.7,11,76284,1,1,Rain,Highway,0,0
22,8.8,70,3,1,99.3,104.4,1.32,13.29,48.0,28.4,13,235426,0,1,Clear,Highway,1,0
58,8.5,107,2,1,91.2,89.1,3.17,12.7,39.4,33.4,15,333449,0,1,Fog,Highway,1,0
43,1.3,56,1,1,24.3,95.8,3.76,12.57,35.2,30.0,5,844008,0,0,Clear,Highway,0,0
27,5.5,35,2,2,64.5,83.1,2.8,13.2,43.8,32.4,13,124274,1,0,Clear,Highway,0,0
42,4.7,103,1,2,58.9,92.4,3.19,11.84,40.7,36.4,10,588198,1,1,Clear,Highway,0,0
53,8.4,107,2,0,99.0,96.1,3.48,12.52,31.7,31.8,1,619889,0,0,Clear,Highway,1,0
56,3.4,71,0,1,35.0,92.7,3.11,12.47,49.6,32.5,10,195543,1,2,Clear,Highway,0,0
36,7.5,106,3,0,82.9,85.4,3.79,12.48,51.0,28.8,13,126481,0,0,Fog,Highway,1,0
26,11.0,47,2,2,100.0,98.5,1.81,13.26,43.7,33.4,15,528137,0,0,Clear,Mountain,1,0
27,9.8,77,1,4,88.4,75.6,2.31,12.91,43.3,37.2,2,80808,0,0,Fog,Mountain,1,0
46,11.1,71,3,1,100.0,79.4,2.47,12.66,41.9,39.2,1,759512,0,1,Fog,City,1,0
50,11.8,108,3,0,100.0,91.1,3.29,11.84,43.0,35.7,1,238632,1,1,Clear,City,1,0
28,1.1,59,2,2,12.7,72.8,5.31,12.03,44.8,31.7,15,447868,1,1,Fog,Highway,0,0
34,7.9,55,2,2,86.1,85.7,4.08,13.0,38.2,34.4,1,633516,1,0,Clear,City,0,0
59,5.5,75,2,1,67.5,88.2,1.78,12.73,48.4,31.6,15,237157,1,1,Rain,Mountain,0,0
39,10.5,107,2,3,100.0,104.2,3.71,13.21,43.4,33.5,6,66630,0,0,Fog,Highway,1,0
23,3.8,76,3,4,50.2,86.7,2.95,12.24,48.2,34.6,7,140619,2,0,Clear,City,0,0
29,11.8,76,2,1,100.0,87.8,3.05,12.62,52.1,28.9,5,873437,1,0,Rain,Highway,1,0
32,7.8,36,1,2,97.1,77.2,2.77,12.52,42.3,35.3,15,499135,0,1,Clear,Highway,0,0
54,9.7,102,2,4,91.2,92.6,3.22,13.04,44.7,34.3,4,337978,0,1,Clear,Highway,1,0
59,1.9,42,3,1,23.4,92.1,1.71,13.63,47.2,30.8,4,480639,1,0,Clear,Mountain,0,0
48,3.0,95,2,2,45.2,83.3,3.38,12.32,42.6,27.0,7,574106,1,0,Fog,Highway,0,0
41,9.3,48,2,1,92.4,99.3,3.82,11.58,39.2,33.6,4,718913,4,0,Rain,Mountain,1,0
33,1.2,55,2,5,28.7,98.8,2.7,12.84,43.5,35.1,11,403522,1,0,Fog,City,0,0
52,10.0,58,3,4,95.8,87.5,2.97,12.81,52.4,32.0,12,367106,1,0,Fog,Mountain,1,0
48,1.2,84,2,2,21.2,76.6,2.31,11.69,22.6,32.0,13,174802,0,1,Fog,Mountain,0,0
53,8.2,79,4,1,94.9,83.4,3.09,12.11,48.0,34.7,5,526398,1,1,Rain,Highway,1,0
31,5.0,98,2,3,59.8,104.3,3.59,12.38,43.2,31.1,11,202867,0,0,Clear,Mountain,0,0
24,7.7,98,1,1,100.0,93.1,3.31,13.17,37.8,35.1,6,655234,1,2,Clear,Highway,1,0
48,8.7,60,2,0,79.2,85.9,4.15,12.08,48.9,32.2,5,652799,0,0,Clear,Mountain,1,0
56,4.8,66,2,2,78.5,102.9,4.45,12.47,32.4,33.7,14,715257,2,2,Fog,Mountain,0,1
52,2.2,91,2,1,40.5,90.5,2.91,11.62,38.8,34.0,13,775475,0,0,Fog,Highway,0,0
36,1.8,87,2,2,34.6,92.1,3.27,12.84,52.5,37.7,7,602362,1,0,Clear,City,0,0
37,7.5,67,3,5,69.0,111.1,2.4,11.98,26.9,33.8,11,559411,0,0,Clear,Highway,0,1
34,6.7,86,1,2,67.0,99.4,3.02,13.69,46.0,30.3,15,712242,1,0,Rain,City,0,0
56,9.2,52,3,2,100.0,89.7,3.55,12.17,53.5,31.4,6,858964,1,0,Clear,Highway,1,0
32,6.6,69,3,0,46.1,95.0,4.25,13.07,50.8,31.4,6,681742,0,0,Clear,Highway,0,0
42,5.6,46,3,2,46.8,96.4,3.4,12.87,45.2,34.6,6,287799,0,0,Clear,Highway,0,0
32,5.4,85,2,1,47.1,98.6,3.81,12.17,34.3,32.8,11,879180,2,0,Clear,Highway,0,0
51,1.3,44,3,2,42.1,83.7,2.16,13.16,49.1,33.0,11,309866,2,2,Clear,Mountain,0,0
56,4.7,86,2,4,64.4,105.0,3.74,11.59,37.0,36.6,13,327666,0,0,Clear,City,0,1
43,11.7,68,3,3,100.0,103.4,2.63,12.59,40.8,35.6,3,296345,2,0,Fog,Highway,1,0
59,10.6,101,1,1,100.0,84.6,5.07,12.95,41.6,32.1,6,367431,0,0,Clear,Highway,1,0
52,4.6,73,1,1,58.1,91.9,5.31,12.48,32.2,38.2,9,727403,0,0,Clear,City,0,0
35,7.5,42,2,3,90.2,92.6,5.04,12.03,52.4,39.8,2,347312,0,0,Rain,Mountain,0,0
45,10.3,63,2,1,92.3,93.3,2.58,13.39,41.3,30.5,3,432894,1,2,Clear,City,1,0
53,5.9,56,3,0,68.5,98.2,4.16,12.54,41.4,31.4,14,462590,0,0,Rain,Highway,0,0
57,1.2,104,3,1,26.2,89.3,1.01,12.32,37.1,29.8,3,375034,2,1,Clear,Mountain,0,0
53,1.8,95,3,1,33.4,95.5,4.57,12.05,36.3,37.2,3,360051,0,1,Clear,Highway,0,0
36,6.6,77,2,3,63.8,97.1,3.46,12.65,46.9,30.4,14,74432,0,0,Clear,City,0,0
56,11.7,83,1,1,100.0,96.0,1.68,12.49,47.1,31.5,6,177504,2,1,Rain,Highway,1,0
24,8.6,63,2,2,81.0,95.8,4.1,12.46,65.8,40.2,11,150214,0,1,Clear,City,1,0
37,1.8,65,2,4,35.4,96.4,3.15,13.43,39.5,35.9,2,92186,0,1,Clear,City,0,0
26,3.1,87,3,5,60.4,93.7,3.15,13.42,38.6,32.2,13,370036,5,1,Clear,Highway,0,0
42,9.5,68,1,4,100.0,76.7,4.03,12.73,50.9,32.9,12,498657,0,1,Clear,Mountain,1,0
31,10.3,72,2,1,100.0,83.9,4.5,12.94,48.7,27.7,9,287854,0,1,Fog,City,1,0
40,7.8,91,1,1,85.6,81.7,3.77,11.86,39.7,32.8,15,742891,1,0,Clear,Highway,1,0
46,8.1,38,3,5,96.1,83.4,1.2,12.65,44.8,33.7,5,258960,1,0,Rain,City,1,0
25,1.3,36,1,2,12.4,84.1,3.76,12.73,54.5,29.8,3,543683,1,0,Rain,Mountain,0,0
50,10.1,46,1,2,83.9,100.3,2.46,12.49,32.5,33.7,15,672490,5,0,Clear,City,1,1
40,9.7,69,6,1,87.5,102.7,3.98,12.38,36.1,39.2,8,577399,0,1,Clear,Highway,1,0
23,3.8,104,2,1,41.0,97.1,3.82,12.21,45.4,37.4,14,260571,1,0,Rain,City,0,0
31,8.8,106,1,1,100.0,84.1,3.17,12.62,36.6,37.7,7,293659,3,1,Rain,Highway,1,0
46,3.4,55,2,3,32.1,84.6,3.35,13.17,37.0,32.1,5,554666,0,0,Clear,City,0,0
41,1.4,95,2,1,17.6,86.8,1.64,13.26,51.8,31.8,6,207978,3,1,Rain,Highway,0,0
40,3.2,69,0,2,44.4,86.1,5.05,12.6,45.3,34.8,1,535052,0,0,Fog,Highway,0,0
44,3.0,82,3,1,45.4,102.6,3.75,13.13,41.6,31.4,13,795330,3,0,Clear,Highway,0,1
45,4.7,49,2,0,66.4,81.1,3.68,12.13,35.8,35.1,13,776637,3,1,Clear,Highway,0,0
32,5.6,105,4,3,62.1,94.5,3.73,12.88,44.9,35.9,15,623939,0,0,Rain,Highway,0,0
55,6.6,49,3,2,71.0,81.8,1.62,12.54,51.4,39.6,6,870888,1,0,Clear,City,0,0
49,6.2,40,3,2,78.5,96.0,4.4,12.26,31.7,29.1,11,66009,3,0,Fog,Mountain,0,0
26,4.0,102,1,1,43.0,88.9,3.01,13.68,32.2,36.2,14,427191,0,0,Clear,Highway,0,0
26,1.3,56,1,0,31.6,83.0,3.53,12.36,47.4,31.6,10,600777,2,1,Rain,Mountain,0,0
42,7.7,66,5,3,87.3,87.5,2.81,12.42,37.5,37.6,14,791522,0,0,Clear,Mountain,0,0
33,5.4,56,1,3,59.5,96.0,2.18,12.37,35.5,34.1,12,807827,0,1,Clear,City,0,0
25,4.3,61,1,0,63.0,79.0,2.87,12.77,36.6,33.4,15,889822,1,1,Clear,City,0,0
41,10.5,49,3,2,95.4,87.0,3.22,13.27,48.1,35.9,8,503626,0,0,Clear,City,1,0
59,9.2,78,2,1,100.0,90.5,3.39,12.02,47.8,36.0,13,299060,2,0,Clear,Highway,1,0
46,10.4,43,6,2,100.0,81.0,2.9,12.84,45.2,31.9,10,133726,1,0,Clear,City,1,0
35,6.4,68,1,2,66.8,84.4,3.3,12.77,38.6,33.3,6,315718,3,0,Clear,City,0,0
32,2.4,107,4,3,24.6,103.6,3.1,11.79,35.5,31.2,4,394672,0,1,Fog,Highway,0,0
53,8.7,49,1,0,78.4,81.4,2.03,13.28,37.2,33.5,1,687362,0,0,Clear,City,1,0
32,3.3,96,2,2,38.3,87.7,3.37,12.73,34.9,35.8,9,383836,0,1,Clear,Mountain,0,0
39,5.9,79,1,1,55.9,95.9,3.37,12.96,38.9,37.7,5,812576,3,2,Clear,Highway,0,0
48,1.7,106,4,3,21.8,91.4,2.71,11.56,42.3,27.5,12,236322,0,0,Clear,Highway,0,0
39,10.1,92,0,2,100.0,87.4,4.34,13.33,47.9,36.5,15,525194,0,1,Clear,City,1,0
44,2.4,53,1,2,45.2,98.3,3.4,13.63,42.3,35.3,1,801610,0,1,Rain,Highway,0,0
32,10.9,50,2,3,100.0,75.4,3.8,12.52,40.7,29.5,3,825948,1,1,Rain,Highway,1,0
42,10.5,109,0,1,72.0,97.6,2.55,12.24,55.6,28.3,10,467221,0,0,Rain,Highway,1,0
26,6.1,42,1,1,58.4,84.4,2.73,11.38,14.2,33.1,13,133512,0,1,Fog,City,0,0
44,9.2,67,0,3,100.0,71.6,3.13,11.95,47.1,32.8,14,382469,1,1,Fog,City,1,0
46,7.8,108,2,2,69.0,109.2,2.2,13.02,46.2,33.2,8,150135,1,0,Clear,Highway,0,0
31,9.8,52,2,1,97.2,92.3,1.57,12.58,46.3,37.6,14,716723,0,1,Clear,Highway,1,0
43,5.7,69,3,2,54.6,98.1,4.78,11.84,49.4,28.5,9,295022,0,0,Rain,Highway,0,0
40,9.6,77,2,2,100.0,100.6,2.84,13.36,32.5,29.7,15,433924,2,0,Fog,City,1,0
22,6.1,84,0,3,60.9,84.6,3.28,12.27,49.6,28.9,6,287836,0,3,Clear,City,0,0
28,11.4,37,1,1,100.0,89.9,3.71,11.86,45.1,36.5,2,298599,0,1,Clear,City,1,0
25,6.4,93,1,3,64.0,91.7,3.21,12.62,38.8,35.1,11,767148,0,0,Rain,City,0,0
22,6.1,62,4,0,44.5,86.4,2.3,12.86,47.0,33.5,6,738624,1,0,Clear,Highway,0,0
36,9.6,80,0,2,100.0,101.5,4.47,11.93,43.4,31.5,5,481159,0,0,Rain,City,1,0
33,10.0,98,2,6,80.8,102.7,2.95,12.45,34.5,32.4,7,357501,1,1,Rain,City,1,0
43,7.1,104,0,1,67.7,91.0,4.07,13.37,25.8,31.9,13,832206,0,0,Rain,Mountain,0,0
43,3.0,81,1,1,62.7,96.0,4.89,11.92,31.5,34.9,9,247377,0,2,Clear,Highway,0,0
38,6.1,48,1,1,100.0,98.8,2.19,12.78,36.3,38.8,13,683653,0,1,Fog,City,0,0
50,11.6,41,2,2,100.0,94.3,4.31,12.44,45.2,29.7,10,888131,0,0,Clear,City,1,0
35,9.3,108,3,3,85.5,87.4,3.6,12.87,30.5,31.7,12,688411,0,1,Fog,Highway,1,0
41,9.9,65,1,0,99.5,72.1,2.59,12.08,45.3,32.3,10,562857,1,2,Clear,City,1,0
54,1.4,85,2,2,18.1,92.8,3.92,12.72,44.5,25.3,11,245423,3,0,Clear,City,0,0
36,6.1,63,1,2,64.6,98.4,3.6,12.12,58.5,35.6,6,100537,0,1,Clear,Mountain,0,0
33,8.1,49,0,2,100.0,84.4,2.89,11.6,44.9,33.2,5,289236,2,0,Rain,City,1,0
41,10.1,59,2,3,100.0,93.4,5.4,11.89,25.4,34.2,3,619491,2,0,Clear,Mountain,1,1
51,1.5,95,5,2,17.8,95.6,3.88,12.49,51.2,31.2,3,297463,1,0,Clear,Mountain,0,0
59,10.4,75,3,3,100.0,95.6,2.41,12.72,34.7,34.2,5,697260,1,0,Rain,Highway,1,0
24,7.0,103,2,2,58.9,93.0,3.83,13.21,34.3,32.6,4,332072,0,1,Clear,Mountain,0,0
49,3.2,38,3,3,26.8,84.0,3.32,12.78,40.4,33.2,2,480673,0,0,Rain,Highway,0,0
47,4.5,91,0,2,63.7,101.6,2.37,13.38,46.4,36.3,11,854245,0,1,Clear,City,0,1
51,4.1,65,3,2,45.2,91.6,3.27,12.5,39.8,34.1,2,744068,1,0,Rain,Highway,0,0
34,6.8,37,0,4,90.1,87.7,3.89,12.88,42.1,28.5,3,104087,0,1,Rain,Mountain,0,0
34,1.6,101,2,2,22.3,78.9,2.57,12.11,34.7,32.7,13,676343,2,1,Clear,City,0,0
23,2.7,84,0,0,53.9,95.2,2.1,12.76,32.7,36.6,13,460542,1,0,Clear,City,0,0
58,9.9,51,2,2,100.0,111.7,2.12,12.41,43.6,32.4,8,274252,1,1,Clear,City,1,0
59,2.5,94,2,3,41.6,90.1,2.18,12.36,29.8,35.3,15,132377,1,2,Rain,Highway,0,0
23,3.6,108,5,2,45.8,88.1,4.03,12.64,36.3,37.6,5,291872,0,0,Clear,Highway,0,0
57,6.0,100,1,2,62.0,91.9,3.91,11.89,39.4,35.6,5,464253,0,0,Clear,Highway,0,0
47,6.7,109,3,1,68.2,91.4,2.58,12.77,43.9,34.5,5,342281,2,0,Clear,City,0,0
32,9.4,58,0,4,79.2,89.1,3.28,12.95,39.9,33.7,2,634915,1,1,Clear,Highway,1,0
29,5.9,66,0,1,73.6,108.6,2.19,12.25,39.5,32.3,11,548458,2,2,Clear,Mountain,0,0
43,9.7,53,2,1,100.0,92.4,2.85,12.69,32.2,32.7,6,696657,1,0,Rain,City,1,0
41,7.8,100,4,0,80.1,81.6,2.84,13.23,38.7,37.2,1,157804,0,1,Fog,Highway,1,0
29,2.2,94,0,1,37.9,82.6,3.8,12.98,40.0,35.0,4,522069,1,0,Fog,City,0,0
50,2.7,100,0,0,37.1,101.1,4.68,12.53,45.3,32.5,8,437538,2,0,Rain,Mountain,0,0
47,5.8,49,1,3,54.2,94.3,2.41,12.8,35.6,32.2,9,739994,0,2,Clear,Highway,0,0
51,5.4,69,2,6,50.2,89.2,2.67,13.35,34.8,33.3,15,304575,1,0,Clear,Highway,0,0
38,9.2,103,2,0,87.9,88.5,3.77,12.73,32.3,34.0,15,786913,0,0,Clear,Mountain,1,0
41,7.4,61,0,2,75.3,97.6,2.06,13.07,43.2,31.9,6,290230,0,0,Clear,Highway,0,0
37,5.3,41,1,2,74.0,85.7,2.59,13.0,39.2,29.5,11,757605,2,0,Rain,City,0,0
28,2.9,40,3,6,49.9,90.8,4.36,12.65,40.9,34.6,10,533762,2,1,Fog,Highway,0,0
37,3.5,67,2,4,63.4,97.8,4.72,13.25,38.2,31.8,6,565085,2,0,Clear,Highway,0,0
48,7.3,92,4,0,85.3,86.1,2.57,12.09,38.5,31.2,15,483129,2,0,Clear,Mountain,1,0
44,5.7,83,1,2,49.8,102.2,2.67,12.81,37.1,31.7,11,845000,1,0,Clear,Highway,0,1
45,6.7,51,3,0,58.8,78.9,4.17,12.32,46.0,31.0,4,398677,1,1,Clear,Mountain,0,0
30,2.9,76,1,3,32.6,92.3,4.46,13.05,42.3,35.2,15,487524,0,0,Rain,Highway,0,0
56,8.3,106,3,2,82.9,92.6,3.19,12.59,53.7,35.8,7,489103,0,2,Rain,City,1,0
41,10.4,74,1,2,95.4,75.0,2.79,13.08,39.6,35.2,14,844375,1,0,Fog,Mountain,1,0
58,3.8,80,1,2,57.3,86.1,4.0,12.98,54.6,33.7,11,794209,0,0,Clear,Highway,0,0
38,6.4,105,1,3,83.0,96.8,3.82,12.39,39.7,29.2,5,446997,4,0,Rain,Highway,1,0
52,11.7,104,3,5,100.0,86.2,3.42,12.87,46.1,34.5,1,875974,1,0,Clear,Highway,1,0
29,4.7,102,2,3,41.2,89.9,5.3,12.83,37.1,38.9,15,413362,0,0,Clear,Highway,0,0
36,7.5,35,2,4,96.4,88.7,3.71,12.5,45.9,32.4,12,364549,1,1,Rain,City,0,0
52,2.0,86,2,2,38.3,99.8,2.32,13.03,23.5,28.2,12,862706,1,0,Rain,Highway,0,0
51,7.7,69,1,2,76.2,94.7,3.88,12.55,32.0,35.2,9,429245,0,0,Rain,City,0,0
41,2.0,103,4,2,51.8,88.4,2.78,12.21,34.2,27.7,8,898564,0,0,Clear,Highway,0,0
33,11.6,39,4,2,100.0,86.3,3.29,12.74,58.4,30.1,10,647301,0,0,Rain,Highway,1,0
38,8.9,51,0,1,85.3,98.9,4.23,12.83,50.4,32.2,1,535560,0,0,Clear,Highway,1,0
51,9.7,87,2,2,100.0,93.2,4.32,11.11,44.1,36.3,15,830872,0,0,Clear,City,1,0
50,8.7,86,2,4,100.0,100.1,0.51,13.8,38.7,33.5,1,837535,2,0,Rain,City,1,0
40,7.5,48,4,2,88.4,96.9,2.89,14.02,37.3,31.2,9,192538,0,0,Clear,Highway,0,0
32,5.9,63,4,0,79.9,65.9,2.95,12.18,37.2,31.3,15,486271,0,0,Fog,City,0,0
55,10.4,42,1,0,93.7,100.6,3.46,12.91,47.4,29.7,2,625785,2,0,Clear,City,1,0
28,11.5,35,3,2,100.0,93.0,2.58,12.07,42.7,31.4,4,213094,0,2,Clear,Mountain,1,0
55,6.5,63,2,1,88.5,94.0,3.17,11.77,49.2,32.4,14,464901,1,0,Clear,Highway,0,0
41,11.2,70,3,0,100.0,76.0,3.38,12.37,46.5,33.2,11,466317,1,0,Rain,Highway,1,0
59,7.4,85,0,2,72.7,88.1,1.78,11.91,45.3,34.9,1,127497,1,1,Clear,City,0,0
45,6.9,71,2,2,76.3,92.5,3.29,12.87,35.7,33.6,10,394787,0,0,Fog,Highway,0,0
31,6.0,103,2,2,52.2,81.7,4.44,13.04,35.7,29.4,3,747822,2,0,Clear,City,0,0
53,3.3,87,4,5,49.7,102.6,2.23,13.48,43.0,26.9,6,380739,1,1,Clear,Highway,1,0
36,1.0,86,0,3,11.3,98.0,3.61,12.62,45.0,31.1,15,169633,0,1,Clear,Highway,0,0
58,3.7,46,3,1,62.3,88.8,3.55,13.03,40.5,39.1,14,892524,0,1,Rain,City,0,0
41,6.6,86,6,2,56.6,106.5,1.66,12.79,32.0,32.0,3,457983,0,1,Clear,Highway,0,0
24,5.2,35,1,1,70.1,95.0,3.12,12.74,43.8,33.5,4,87937,1,1,Clear,Mountain,0,0
58,5.9,41,3,1,59.9,103.0,3.39,12.1,48.1,28.8,14,586185,1,0,Clear,City,0,0
29,11.8,51,1,2,100.0,85.5,4.73,12.48,33.2,31.3,15,632445,0,1,Rain,Mountain,1,0
44,4.9,77,3,1,59.5,95.8,3.11,12.42,39.7,34.9,13,436693,0,0,Clear,City,0,0
32,6.0,105,1,3,71.0,102.7,3.86,12.9,34.4,34.6,11,413844,0,1,Clear,City,1,0
29,2.5,51,3,1,40.9,101.5,2.77,11.55,49.7,33.1,9,216316,1,1,Clear,Highway,0,0
50,1.5,93,2,1,35.4,100.1,3.78,13.13,58.0,34.2,3,473628,0,1,Clear,Mountain,0,0
51,9.5,37,4,2,100.0,102.0,4.36,12.47,52.5,36.9,5,201704,2,1,Clear,Highway,1,0
31,7.3,63,2,4,58.3,104.2,1.83,12.27,29.3,33.5,8,138414,1,1,Fog,Highway,0,0
49,9.4,56,2,1,96.6,73.5,3.62,12.77,44.8,38.0,15,164401,2,0,Clear,Mountain,1,0
57,2.6,72,1,3,27.2,88.6,4.02,12.59,46.4,34.1,5,648992,0,2,Fog,City,0,0
34,7.3,88,0,2,65.7,78.1,3.35,12.68,55.9,31.1,7,290184,1,0,Clear,Highway,0,0
53,3.8,84,1,2,39.4,78.2,3.73,13.25,37.4,30.6,12,449513,0,1,Fog,Highway,0,0
57,3.5,103,3,4,28.3,87.8,4.24,11.7,41.0,32.0,10,278691,0,1,Rain,Mountain,0,0
58,1.1,64,1,4,28.7,88.6,2.12,11.9,32.6,32.7,14,625089,0,1,Rain,Mountain,0,0
47,2.4,57,3,2,21.5,102.9,3.88,12.32,31.2,35.9,6,857941,4,0,Clear,Mountain,0,1
43,4.4,81,2,0,59.3,82.5,4.68,13.3,42.5,36.8,14,323888,3,0,Clear,City,0,0
25,2.3,55,2,2,53.6,93.4,3.06,13.0,53.7,32.3,8,165258,0,0,Fog,Highway,0,0
52,11.8,54,3,2,100.0,104.8,2.86,12.54,42.2,34.5,12,93475,1,2,Rain,Mountain,1,0
39,4.4,57,3,2,44.3,90.8,2.86,12.9,42.4,33.7,15,424075,2,0,Rain,Mountain,0,0
59,2.4,102,3,1,27.3,107.6,3.79,13.02,31.9,32.5,6,532314,2,1,Fog,Highway,0,0
45,3.2,55,0,0,53.4,77.0,4.91,12.86,43.2,34.2,7,250238,0,1,Clear,City,0,0
44,7.5,55,1,1,80.6,85.2,5.57,13.14,37.6,34.8,8,301699,0,0,Fog,Highway,0,0
43,1.7,35,0,2,32.9,104.3,5.07,12.69,38.4,39.3,5,830553,1,1,Clear,City,0,1
23,10.5,49,2,3,90.9,86.6,3.15,12.85,55.7,38.1,8,135930,0,1,Rain,City,1,0
52,11.6,51,1,2,100.0,90.1,2.64,12.85,38.5,36.9,2,584182,1,0,Fog,Highway,1,0
32,3.7,85,5,0,58.3,105.4,1.96,12.39,39.3,32.3,6,502050,1,1,Fog,Highway,0,0
49,6.0,97,3,1,60.3,97.3,3.95,12.53,43.7,29.7,6,287479,3,0,Clear,Highway,0,0
53,1.2,48,2,3,34.2,78.8,6.44,12.85,13.7,34.4,14,576817,2,0,Rain,City,0,1
26,8.0,93,2,1,85.6,96.9,3.71,12.11,35.8,27.7,7,758387,0,0,Rain,City,1,0
59,5.6,84,1,3,58.3,86.3,3.84,12.24,27.7,32.7,14,701639,2,1,Clear,Highway,0,0
31,4.0,68,1,0,51.5,88.1,3.46,12.47,37.6,34.5,14,567267,2,1,Clear,Highway,0,0
45,3.3,40,1,3,35.9,91.3,4.06,12.63,57.2,29.9,7,209789,2,1,Clear,City,0,0
56,8.2,83,0,1,94.2,87.4,2.88,12.59,19.8,33.9,4,623508,1,0,Rain,Highway,1,0
44,5.6,40,3,3,54.5,95.9,3.82,12.59,28.7,35.5,9,121241,0,0,Clear,Highway,0,0
38,3.0,103,5,3,38.0,85.0,3.2,12.67,52.8,32.8,3,574350,1,0,Rain,Highway,0,0
22,8.6,41,1,2,97.8,94.4,3.98,12.48,40.7,33.2,9,636911,0,0,Fog,Highway,1,0
52,7.2,85,3,1,72.4,98.1,3.49,12.26,45.5,35.2,9,865271,0,1,Clear,Highway,0,0
52,10.4,35,2,1,93.8,91.5,4.02,12.62,42.8,38.2,3,124407,3,0,Rain,Mountain,1,0
55,2.3,47,2,2,40.2,92.6,2.59,12.92,43.0,33.7,14,416683,0,0,Clear,Highway,0,0
30,9.6,77,0,2,100.0,92.7,4.59,13.03,39.2,35.0,11,230212,1,0,Rain,Mountain,1,0
43,8.4,61,0,4,98.8,93.0,4.47,11.6,16.0,32.1,14,235327,1,0,Clear,Highway,1,0
34,2.3,105,1,1,44.5,91.2,3.2,12.1,41.8,35.1,15,335973,0,0,Clear,Highway,0,0
46,8.6,37,3,0,98.7,90.8,2.94,13.07,50.8,35.2,13,530200,0,0,Clear,Highway,1,0
39,5.9,92,3,3,72.4,91.0,2.24,12.46,50.0,34.5,3,691345,2,0,Rain,Mountain,1,0
33,11.4,51,2,1,100.0,93.5,2.34,11.68,46.6,38.2,1,293404,0,0,Clear,Highway,1,0
38,2.6,79,2,6,49.9,88.5,3.11,13.21,41.2,32.2,7,807026,1,1,Rain,City,0,0
36,8.1,92,1,1,88.3,90.8,3.65,13.1,43.2,33.1,8,74602,0,0,Clear,Highway,1,0
36,5.2,90,3,2,61.1,99.9,3.7,12.01,48.9,37.3,7,504684,1,1,Clear,Mountain,0,0
36,11.5,88,2,6,100.0,108.1,5.24,12.01,29.8,32.1,14,108530,0,0,Rain,City,1,1
34,4.6,63,1,4,60.1,111.7,2.99,14.09,56.4,35.5,7,153460,1,1,Clear,City,0,0
38,11.6,88,1,1,100.0,93.1,2.89,12.14,50.1,38.6,14,339778,0,0,Fog,Highway,1,0
53,10.9,61,2,1,100.0,83.8,3.41,13.21,56.8,35.4,11,571219,0,0,Clear,City,1,0
30,4.0,79,5,1,42.1,90.1,2.58,13.37,44.5,34.4,5,408281,1,0,Clear,Mountain,0,0
41,9.8,65,2,0,96.3,93.2,5.03,11.87,37.8,32.6,7,666339,1,1,Fog,City,1,1
47,12.0,70,2,1,100.0,100.7,5.29,12.14,45.7,36.5,10,809152,2,1,Clear,Mountain,1,1
48,3.8,95,2,1,53.0,86.3,4.29,13.12,48.0,30.0,4,365067,1,0,Clear,City,0,0
42,5.8,71,5,7,69.8,91.0,4.43,11.92,57.4,28.7,14,83309,1,2,Fog,Mountain,0,0
39,6.7,101,0,0,86.8,83.9,3.34,12.06,39.7,30.4,15,526746,0,0,Clear,Highway,1,0
34,4.2,70,1,2,56.6,105.3,4.17,12.5,38.7,33.1,1,731350,2,0,Fog,Mountain,0,0
37,1.2,39,1,4,25.9,96.3,4.75,12.54,50.5,29.5,11,480197,0,0,Clear,City,0,0
30,3.4,80,0,2,43.0,89.2,3.18,13.15,40.1,39.7,10,530150,1,2,Clear,Mountain,0,0
33,4.1,86,3,3,59.3,92.5,4.93,12.88,37.2,30.6,4,280951,1,0,Clear,Highway,0,0
59,5.9,83,1,0,60.4,81.2,3.48,12.7,37.7,35.8,15,131920,3,1,Rain,Mountain,0,0
40,2.9,40,3,0,44.7,95.6,3.4,12.53,25.8,30.9,4,734332,1,0,Clear,Highway,0,0
28,10.6,44,1,4,100.0,95.1,2.62,12.07,36.3,33.0,14,306381,2,0,Clear,Highway,1,0
56,8.8,57,2,2,100.0,77.8,3.72,13.21,45.4,33.3,4,132216,3,0,Rain,City,1,0
39,1.9,51,1,2,46.8,86.2,4.62,12.67,42.0,29.8,15,191635,2,0,Fog,Mountain,0,0
37,8.2,78,5,0,80.3,89.6,1.24,12.93,45.8,33.1,6,714848,0,1,Rain,Mountain,1,0
25,8.2,75,1,2,78.1,89.7,3.84,12.71,52.6,37.3,15,884023,0,2,Rain,Highway,1,0
46,11.5,49,5,4,100.0,87.9,4.23,12.66,61.1,32.6,15,461016,0,1,Fog,Highway,1,0
53,1.0,78,0,1,25.9,93.0,3.62,12.65,39.8,33.8,15,711130,2,0,Fog,City,0,0
34,3.7,92,2,5,34.8,103.2,1.53,12.6,32.9,34.0,1,600187,2,2,Rain,Mountain,1,0
38,11.2,84,1,3,100.0,95.8,2.14,12.53,38.5,34.2,4,541277,2,0,Rain,City,1,0
58,11.3,86,2,3,100.0,101.4,3.42,12.3,48.2,27.7,14,229630,1,0,Clear,Highway,1,1
27,8.9,104,1,1,100.0,94.9,1.83,12.87,61.7,35.4,1,148247,0,0,Rain,Highway,1,0
40,9.4,102,2,4,91.9,89.4,6.19,13.16,43.3,34.7,1,166410,0,1,Clear,Highway,1,0
34,2.0,97,2,1,35.7,90.6,4.8,12.72,45.8,33.2,5,131440,1,0,Rain,Mountain,0,0
47,6.7,92,1,7,75.1,98.4,2.46,13.4,40.2,37.1,12,630535,2,0,Fog,Mountain,1,0
35,3.5,57,2,3,45.3,96.3,4.37,12.37,43.2,36.3,11,871889,0,0,Clear,Highway,0,0
52,3.0,78,5,1,36.4,102.7,4.17,13.67,51.9,34.3,14,807761,1,0,Rain,Highway,0,1
25,9.9,78,6,1,100.0,92.1,3.14,12.82,48.5,31.6,10,575371,0,0,Fog,Highway,1,0
29,2.5,86,2,2,43.5,80.8,4.48,11.21,41.5,32.4,9,143587,0,0,Rain,City,0,0
46,6.2,101,3,0,53.8,90.4,1.41,13.56,44.0,32.7,9,630502,3,1,Rain,Highway,0,0
34,11.3,62,2,1,100.0,80.1,3.16,12.12,39.1,34.8,13,851873,1,0,Rain,City,1,0
53,3.0,101,4,1,29.6,90.9,2.98,12.7,51.5,33.0,1,167405,1,1,Rain,Highway,0,0
59,11.8,52,4,0,100.0,82.6,5.3,12.86,56.9,33.8,6,676388,2,1,Rain,Highway,1,0
59,11.9,61,2,2,100.0,91.3,2.54,12.63,35.0,29.5,9,899187,0,2,Fog,City,1,0
49,7.1,85,1,1,82.2,93.2,4.19,12.54,35.7,35.5,11,566024,0,0,Clear,Mountain,0,0
51,2.9,94,2,2,18.0,91.0,2.81,12.28,39.1,36.7,1,732128,2,0,Rain,Highway,0,0
24,4.5,108,2,1,73.2,89.8,4.56,12.34,48.8,31.9,2,311500,1,1,Rain,Mountain,1,0
49,5.7,83,1,1,59.0,88.9,3.07,13.19,38.6,31.7,15,570087,1,1,Clear,Highway,0,0
24,4.4,49,4,1,53.0,101.1,2.29,12.09,49.5,31.1,10,617269,1,1,Rain,Highway,0,0
55,4.1,107,2,2,68.1,94.3,3.47,12.63,29.5,38.7,3,303512,0,0,Clear,Highway,0,0
37,11.7,102,0,2,100.0,79.8,4.34,12.95,41.4,35.5,5,497544,0,2,Fog,City,1,0
43,2.7,49,3,0,35.4,93.1,4.02,12.07,43.1,32.9,11,116785,0,0,Rain,Highway,0,0
53,9.1,85,1,1,100.0,104.1,2.01,12.83,34.5,31.2,10,228988,4,0,Clear,City,1,0
59,1.0,82,4,1,29.6,88.3,1.9,13.12,40.9,29.9,11,263173,0,2,Clear,City,0,0
29,7.6,106,2,2,100.0,88.9,2.86,12.78,50.9,35.4,8,125066,0,0,Clear,Mountain,1,0
29,11.1,35,4,0,100.0,97.1,2.52,13.16,40.9,32.2,11,66903,1,1,Rain,Mountain,1,0
27,4.2,41,5,2,70.1,85.2,2.6,12.58,45.3,34.4,15,177855,1,0,Rain,Mountain,0,0
35,3.0,87,2,2,38.1,82.6,3.04,12.18,53.4,37.2,12,672523,1,1,Rain,Highway,0,0
53,8.2,65,0,5,74.9,79.5,4.09,12.52,34.7,30.0,12,352862,0,0,Clear,City,1,0
56,8.8,52,4,2,87.4,97.4,3.22,11.92,44.1,31.1,14,777678,2,2,Clear,City,1,0
31,8.6,46,1,2,72.4,99.0,2.32,13.79,19.2,34.6,3,248302,2,0,Clear,Highway,1,0
24,4.5,82,3,0,46.7,87.3,2.58,12.6,30.9,32.4,7,783188,1,0,Fog,Mountain,0,0
33,3.8,64,3,0,47.2,82.8,3.94,11.66,48.0,32.5,1,477177,2,0,Clear,City,0,0
52,11.5,41,1,0,100.0,99.0,3.39,12.27,37.7,35.5,11,135353,0,0,Clear,Highway,1,0
50,11.2,37,4,2,100.0,91.0,2.79,12.5,44.3,35.2,13,617181,0,0,Rain,Highway,1,0
26,6.0,97,3,1,76.2,75.9,4.13,11.96,29.9,32.0,11,337923,0,0,Clear,Highway,1,0
46,10.3,40,1,2,100.0,95.0,4.31,11.95,20.3,31.4,10,726020,1,0,Clear,City,1,0
52,6.0,49,1,1,50.6,94.3,4.27,12.43,36.4,32.8,15,612188,0,0,Clear,City,0,0
42,5.7,105,4,4,44.3,103.1,3.4,12.87,37.4,36.4,15,669451,2,1,Clear,Highway,1,1
41,2.7,77,0,2,36.3,98.7,2.6,13.07,39.2,28.1,5,321151,0,1,Rain,Highway,0,0
43,5.7,52,2,0,57.2,99.2,3.27,13.16,53.7,32.7,2,233193,1,0,Rain,Highway,0,0
25,6.9,56,1,2,69.3,85.0,2.79,12.31,25.6,34.9,5,755747,0,0,Fog,City,0,0
34,1.2,95,1,1,45.8,81.2,0.87,11.26,36.2,31.2,5,421614,0,0,Clear,Highway,0,0
41,5.9,95,3,0,61.1,96.1,3.26,13.49,39.1,28.9,10,507842,0,1,Clear,City,0,0
34,9.6,87,4,5,88.1,92.1,1.35,12.49,40.9,29.8,6,97139,1,1,Fog,Highway,1,0
38,8.5,60,1,5,88.0,97.2,2.77,12.38,49.9,34.1,11,862570,1,0,Clear,City,1,0
57,8.0,74,2,4,78.8,93.0,2.92,13.22,41.5,32.7,5,183348,2,2,Clear,Highway,1,0
54,11.0,42,0,4,100.0,103.6,5.04,12.44,48.4,27.3,1,589262,1,0,Clear,Highway,1,1
22,1.2,55,2,3,32.1,88.6,2.31,12.85,51.5,31.5,10,268208,0,1,Rain,Mountain,0,0
36,7.1,77,2,2,95.3,92.3,3.73,12.72,30.9,36.8,15,314796,0,0,Clear,Highway,0,0
34,9.7,55,3,3,94.7,86.9,3.18,11.98,51.0,32.8,2,649130,2,0,Clear,Highway,1,0
38,7.0,37,1,1,95.3,85.0,3.96,12.06,40.4,34.7,7,283219,1,1,Fog,Mountain,0,0
45,4.6,65,1,2,63.8,102.6,2.84,12.49,42.4,32.7,3,607770,2,1,Clear,City,0,0
29,2.5,61,2,3,45.3,91.1,1.92,12.59,43.2,35.4,11,458792,3,1,Clear,Mountain,0,0
48,10.8,61,0,1,86.5,111.7,3.61,12.29,45.3,34.8,8,584647,0,0,Clear,City,1,0
44,6.2,107,1,1,48.2,81.3,3.52,12.28,30.2,33.1,13,131970,1,0,Clear,Highway,0,0
29,10.7,91,5,4,89.5,92.8,3.69,12.56,29.5,30.3,2,730513,0,0,Rain,Highway,1,0
29,7.4,67,2,1,81.3,93.3,3.2,12.25,37.9,34.3,3,85879,2,1,Clear,Highway,0,0
47,8.4,78,3,1,94.7,102.0,3.14,13.05,46.9,28.9,10,183068,1,2,Clear,Highway,1,0
34,9.8,77,3,1,100.0,84.9,4.3,12.75,52.3,34.5,7,615879,0,0,Clear,City,1,0
58,8.3,65,3,2,86.8,87.2,4.21,12.34,36.6,35.6,1,307908,0,2,Clear,Highway,1,0
49,5.4,99,2,2,72.2,80.7,2.7,12.89,48.9,31.5,10,561258,4,0,Rain,City,1,0
46,6.6,51,3,2,84.7,103.7,3.35,13.27,40.3,29.5,5,347466,0,2,Clear,Highway,0,0
37,9.8,49,2,0,95.3,78.2,2.3,12.69,44.6,36.0,7,881696,2,2,Clear,Highway,1,0
23,5.1,68,2,2,66.4,93.0,4.07,11.88,37.2,33.0,1,67374,3,0,Clear,City,0,0
39,5.3,38,3,2,66.2,112.0,3.96,13.39,43.1,32.5,1,701445,0,0,Rain,Highway,0,0
38,2.1,106,0,4,44.9,101.1,4.92,13.43,34.6,33.6,14,266441,0,0,Clear,Highway,0,0
51,11.1,62,0,0,100.0,101.9,4.24,13.22,42.8,31.6,4,799770,3,0,Clear,City,1,1
34,2.0,107,3,2,38.6,105.7,3.68,12.92,48.9,28.3,11,195674,0,1,Clear,Highway,0,0
53,8.1,36,1,0,78.8,93.4,6.08,12.85,38.8,31.3,7,216790,1,0,Clear,City,1,0
50,5.5,51,2,2,66.1,93.3,3.85,12.67,44.0,33.1,1,627605,0,0,Clear,Mountain,0,0
51,5.5,92,2,2,60.6,92.0,4.06,12.65,45.0,33.1,6,284525,0,1,Clear,City,0,0
39,8.5,108,4,3,77.3,91.4,1.69,12.02,50.9,27.7,14,473516,1,5,Rain,Mountain,1,0
34,1.7,43,2,2,36.6,87.1,4.31,12.03,27.1,32.2,14,312614,1,2,Rain,Highway,0,0
42,7.5,65,1,3,69.8,103.1,5.92,12.16,47.6,37.9,4,859292,1,2,Clear,City,0,1
51,9.5,100,1,2,95.6,87.8,3.79,11.6,33.3,33.1,5,212933,1,0,Rain,Highway,1,0
42,10.1,96,0,2,97.1,89.7,4.28,11.98,32.6,35.6,15,372980,1,0,Rain,Mountain,1,0
38,2.9,53,0,3,37.6,81.4,4.61,12.6,36.8,34.7,11,85275,1,1,Rain,Mountain,0,0
40,10.9,108,0,4,100.0,98.6,5.3,11.48,34.5,31.1,2,783100,0,1,Clear,Mountain,1,1
36,8.2,89,1,0,100.0,104.7,4.11,12.12,43.6,31.2,2,831137,0,0,Clear,Highway,1,0
30,10.7,62,0,5,100.0,74.2,1.92,12.48,34.3,34.2,10,701260,0,0,Clear,Mountain,1,0
31,6.3,84,2,5,80.4,104.4,3.73,12.22,46.6,31.4,9,106651,2,0,Fog,City,0,0
52,7.0,99,1,2,60.2,97.9,4.28,12.43,24.9,36.4,6,360522,0,0,Clear,Mountain,0,0
44,11.1,37,2,1,97.0,102.2,4.2,12.74,50.5,32.1,11,896786,0,1,Rain,City,1,1
51,10.9,86,4,0,100.0,95.0,3.35,13.08,29.6,35.5,14,300543,0,2,Clear,Mountain,1,0
54,5.9,44,1,1,56.5,96.8,3.13,12.23,45.2,34.1,13,219443,0,1,Clear,City,0,0
30,4.0,55,3,3,55.8,94.7,3.14,12.45,35.6,34.4,12,327876,3,0,Fog,Highway,0,0
22,5.3,71,2,1,65.3,84.0,3.35,11.49,38.6,31.2,3,886816,0,0,Rain,City,0,0
56,5.3,49,4,2,61.9,91.0,3.63,12.9,35.0,36.2,12,81497,2,0,Clear,Highway,0,0
32,4.2,108,4,0,77.3,88.1,4.04,12.17,25.0,40.0,12,896988,3,0,Clear,Highway,1,1
55,4.0,43,4,1,55.7,100.7,3.88,12.77,38.3,30.2,15,163949,1,0,Clear,Highway,0,0
37,10.5,78,2,6,100.0,89.8,3.07,12.44,32.2,35.8,2,487367,2,1,Clear,Highway,1,0
30,1.8,73,3,2,39.3,95.9,2.31,13.72,30.6,33.0,9,499340,1,0,Rain,Mountain,0,0
53,8.5,39,2,4,79.0,83.3,3.88,13.52,38.6,30.6,7,687211,1,1,Fog,Highway,1,0
36,2.9,59,0,2,62.7,106.7,3.21,12.91,39.8,29.8,9,212966,2,2,Clear,Highway,0,0
33,4.8,90,2,0,44.4,94.1,5.11,12.81,42.7,30.4,8,508032,1,2,Clear,City,0,0
54,1.7,98,2,1,36.5,81.2,4.41,12.73,46.0,30.8,8,443629,0,0,Clear,Highway,0,0
35,4.0,106,4,1,59.4,100.1,3.84,12.37,32.4,29.5,5,819633,0,0,Clear,Highway,0,0
29,9.5,86,3,5,100.0,94.0,2.74,12.21,30.9,36.3,15,473279,1,1,Rain,Mountain,1,0
29,10.7,43,0,1,100.0,98.3,2.15,12.13,48.0,33.0,7,836811,1,0,Fog,Highway,1,0
48,3.4,44,1,1,54.6,117.2,3.5,12.28,39.4,34.2,5,206577,0,0,Clear,Highway,0,0
33,6.1,44,2,1,58.3,101.2,3.65,12.81,57.7,29.5,10,438685,1,0,Rain,Mountain,0,0
22,6.2,107,3,2,86.3,100.8,1.76,12.48,25.6,36.6,7,458833,2,0,Clear,City,1,0
32,10.6,96,3,1,100.0,89.2,3.97,11.58,44.7,31.4,6,853631,1,0,Clear,Mountain,1,0
52,9.4,94,2,2,90.2,92.9,3.55,13.88,35.5,36.9,4,257429,5,0,Clear,Highway,1,0
38,6.6,53,1,1,66.4,89.1,0.83,12.52,35.8,34.3,7,471367,1,0,Clear,Highway,0,0
54,8.4,72,1,2,90.2,81.5,2.64,13.67,37.6,30.1,6,54552,2,0,Clear,City,1,0
53,10.3,40,2,4,86.6,88.6,2.71,12.4,52.7,34.1,7,198375,1,2,Fog,City,1,0
50,1.1,49,3,0,37.6,101.1,2.28,12.48,28.6,32.9,10,893149,2,0,Clear,Highway,0,1
42,5.4,81,1,1,57.2,95.1,3.89,13.06,28.5,30.1,1,327834,2,0,Clear,Highway,0,0
42,11.0,79,1,1,100.0,82.7,5.29,12.45,46.9,29.8,15,610743,0,0,Clear,Mountain,1,1
44,9.1,39,0,3,80.4,91.1,3.96,12.8,55.6,35.5,14,562344,3,1,Fog,Highway,1,0
27,7.0,87,2,3,77.3,85.7,4.13,12.44,36.1,36.6,9,407149,0,0,Rain,City,1,0
43,6.8,100,5,4,79.9,95.7,2.72,12.36,50.7,29.9,10,727335,0,1,Clear,Highway,1,0
59,4.8,96,1,2,65.0,86.5,4.01,13.37,49.0,33.3,8,805350,1,0,Rain,Highway,0,0
58,6.7,57,2,3,68.4,87.6,3.32,12.0,44.2,28.6,3,284962,2,0,Rain,Mountain,0,0
29,8.2,78,1,3,73.3,81.7,3.5,12.34,43.5,35.5,1,566942,3,2,Clear,City,1,0
56,5.6,86,1,0,60.2,105.3,2.9,13.51,39.0,33.2,13,110776,0,1,Clear,Highway,0,0
32,8.9,80,1,2,100.0,91.6,1.92,12.44,49.2,29.0,11,93383,0,0,Rain,City,1,0
45,10.5,53,2,1,100.0,91.1,4.42,11.86,47.3,31.7,2,317181,5,1,Clear,City,1,0
42,2.7,81,2,2,25.4,94.7,3.66,12.91,37.4,31.4,11,251533,2,1,Clear,City,0,0
23,6.0,86,1,1,60.6,95.3,3.27,12.58,29.3,30.4,12,135557,1,2,Fog,Mountain,0,0
40,5.5,58,0,2,46.7,86.5,5.33,12.82,35.7,35.9,6,826591,0,0,Rain,Highway,0,0
49,8.6,51,0,1,83.3,93.9,2.5,12.63,33.5,30.5,7,302859,3,0,Clear,Highway,1,0
38,3.7,80,4,0,43.2,92.7,4.14,12.05,41.6,38.0,11,353457,1,1,Clear,Highway,0,0
27,8.0,98,3,4,72.0,100.2,5.55,12.72,45.8,35.6,15,261690,0,0,Clear,Highway,1,1
40,10.7,62,3,2,100.0,98.0,3.92,13.23,45.1,32.0,14,366096,0,2,Clear,Highway,1,0
59,5.6,84,2,3,76.3,91.9,2.34,12.35,45.7,39.9,2,472713,0,0,Clear,Highway,0,0
49,11.0,98,1,0,100.0,92.2,4.48,12.16,43.5,31.9,12,791269,1,1,Rain,City,1,0
23,11.9,62,3,3,100.0,90.3,2.95,12.51,41.8,28.8,8,439812,0,0,Clear,City,1,0
59,2.2,90,2,3,46.5,92.9,2.89,12.5,41.5,36.0,6,122449,2,1,Fog,Highway,0,0
58,3.6,93,2,1,38.8,91.7,2.6,12.44,51.9,30.4,5,55424,0,1,Clear,Highway,0,0
25,11.5,39,3,1,100.0,93.3,5.13,13.22,38.1,36.7,5,592604,0,0,Clear,City,1,0
43,11.5,88,2,2,100.0,80.3,3.1,12.72,40.2,28.8,6,225522,0,0,Clear,Highway,1,0
47,2.1,78,0,3,60.2,86.9,2.58,13.43,24.7,30.5,14,772452,0,0,Clear,Highway,0,0
57,1.2,76,3,0,16.0,103.5,4.75,12.71,37.7,31.4,1,311928,4,0,Fog,Highway,0,0
34,2.8,106,3,2,39.7,86.7,1.91,12.78,39.6,34.7,3,132503,0,0,Clear,Highway,0,0
53,12.0,91,2,1,100.0,90.9,3.56,13.69,51.6,31.6,7,460780,3,0,Rain,Highway,1,0
38,3.0,81,4,1,51.5,93.7,2.82,12.77,31.3,31.4,6,270397,0,0,Rain,Highway,0,0
57,6.5,59,0,0,79.5,90.6,4.11,12.47,41.0,35.0,7,195224,0,0,Clear,City,0,0
40,10.3,78,2,2,95.4,87.5,3.08,12.13,40.8,36.5,2,663940,1,1,Clear,Highway,1,0
56,1.2,49,2,2,17.2,99.4,2.09,12.17,47.1,32.1,13,897491,0,0,Clear,City,0,0
49,7.6,85,2,4,76.9,83.7,3.64,12.39,38.3,30.0,6,70850,0,0,Rain,City,0,0
22,4.0,87,3,1,45.0,75.5,3.04,12.48,46.9,37.4,5,698707,0,1,Clear,Highway,0,0
39,10.5,68,0,2,100.0,102.3,4.34,11.57,44.0,32.6,3,894909,0,1,Clear,Highway,1,1
54,4.1,42,0,1,69.0,81.7,3.57,12.59,35.9,34.3,10,419017,0,0,Clear,Highway,0,0
33,8.6,104,0,1,95.4,97.8,5.64,11.24,33.1,31.6,2,736045,3,0,Rain,Mountain,1,1
29,8.4,55,2,1,94.8,88.9,2.94,13.24,58.7,31.8,12,704798,3,0,Clear,Mountain,1,0
45,3.4,41,1,0,47.2,104.0,4.67,11.66,37.7,31.6,14,777439,1,1,Clear,Highway,0,1
37,1.4,90,1,3,57.6,90.0,3.15,12.69,28.5,35.5,5,622251,0,3,Clear,Highway,0,0
25,5.5,83,2,1,65.2,87.7,3.38,12.67,38.4,36.6,7,477702,2,0,Clear,City,0,0
59,4.2,76,5,2,60.9,99.1,4.26,13.27,36.6,31.5,6,812315,1,1,Clear,Highway,0,0
48,9.9,57,4,2,100.0,101.9,2.56,12.67,32.7,31.8,11,565544,0,1,Fog,City,1,0
30,9.8,86,3,1,97.9,105.0,4.69,12.55,41.7,36.7,13,591723,1,1,Rain,Highway,1,0
37,6.0,87,1,2,70.1,71.9,4.19,12.76,43.5,38.7,3,96714,1,1,Fog,Mountain,1,0
33,7.7,50,1,4,75.9,76.2,4.29,12.34,25.9,34.7,6,420747,0,0,Fog,Highway,0,0
52,7.6,71,1,1,81.0,83.3,4.44,12.34,43.0,34.0,14,326724,1,0,Fog,City,0,0
45,10.1,52,3,0,100.0,83.1,4.08,12.71,47.9,38.8,9,846525,1,0,Clear,Mountain,1,0
35,5.7,54,1,2,77.2,88.1,4.18,12.45,34.3,33.7,3,884179,0,0,Rain,City,0,0
46,4.0,80,0,2,58.9,92.4,4.82,12.92,31.3,33.7,2,417202,3,5,Clear,City,0,0
55,3.9,36,5,2,60.3,93.5,3.51,12.16,33.7,31.6,9,60820,0,0,Clear,Mountain,0,0
24,6.9,97,1,1,74.8,96.4,3.32,13.08,37.8,35.1,11,213057,3,1,Rain,City,1,0
45,5.9,37,2,0,76.7,86.4,3.98,12.84,41.5,31.1,14,97132,1,0,Clear,City,0,0
30,5.8,80,1,5,64.9,91.3,3.6,12.61,32.7,31.7,13,275016,0,1,Fog,City,0,0
47,2.0,83,0,0,19.7,91.5,4.44,11.83,38.4,32.2,12,893280,1,0,Clear,Highway,0,0
41,8.9,35,0,2,100.0,92.1,5.37,13.02,40.0,34.7,5,795118,4,1,Rain,Highway,1,1
31,3.4,56,0,1,45.2,88.0,2.55,13.58,42.9,32.1,1,721843,0,0,Rain,City,0,0
40,3.2,48,2,3,56.1,93.7,3.6,12.37,30.0,35.7,1,456366,2,0,Fog,City,0,0
24,5.5,79,2,2,60.4,83.7,2.44,13.03,35.2,30.1,9,260954,0,1,Clear,City,0,0
45,3.5,40,2,2,21.1,105.8,3.29,12.54,35.7,32.0,11,390909,2,0,Rain,Highway,0,0
26,7.4,99,2,3,78.5,85.0,3.35,12.05,54.1,33.4,8,573686,2,0,Clear,Mountain,1,0
24,5.1,55,1,2,42.4,95.2,3.11,12.22,49.7,33.6,2,590317,0,1,Clear,Mountain,0,0
48,5.9,38,3,0,74.8,89.4,4.4,12.55,40.6,35.2,15,368367,2,1,Clear,Highway,0,0
37,6.9,37,2,5,72.9,88.1,3.86,12.83,29.1,30.3,1,366873,0,0,Fog,Highway,0,0
36,3.2,64,4,6,57.8,79.9,2.9,11.87,48.1,33.2,10,77914,0,2,Rain,Highway,0,0
56,2.7,65,3,2,43.9,87.7,4.41,12.25,50.5,30.1,9,367850,1,1,Clear,Highway,0,0
33,10.7,68,1,4,95.3,90.1,3.39,12.62,40.4,34.9,4,169557,1,1,Clear,Highway,1,0
47,5.8,54,1,7,73.1,87.4,2.97,11.97,37.2,31.6,13,549894,1,1,Rain,Mountain,0,0
55,5.5,88,2,0,48.4,97.4,2.48,12.8,35.5,35.5,6,123832,4,1,Clear,City,0,0
44,1.4,59,3,3,28.1,105.4,2.03,13.46,46.5,33.1,11,594261,0,1,Clear,Mountain,0,0
52,6.5,49,3,1,53.4,91.4,3.04,12.55,46.0,33.4,4,886198,0,1,Rain,City,0,0
41,7.1,72,2,1,80.3,96.1,3.56,12.97,32.5,41.0,12,885997,2,1,Clear,Mountain,0,0
33,7.1,57,0,2,79.3,101.9,4.43,11.96,34.3,36.0,10,210614,1,0,Rain,Highway,0,0
44,8.8,86,1,3,91.7,83.4,1.46,12.28,32.5,35.1,4,116854,0,0,Clear,City,1,0
25,3.0,100,3,1,34.6,106.2,5.36,13.1,55.2,33.0,11,840861,0,1,Clear,Highway,0,1
44,3.8,91,4,2,63.9,81.4,2.73,11.92,43.2,32.0,8,155406,3,0,Fog,Mountain,0,0
22,9.9,91,2,1,100.0,92.0,3.11,12.25,49.8,31.6,9,91614,2,0,Rain,City,1,0
46,11.4,86,4,2,100.0,97.4,3.15,13.17,42.0,37.2,5,161921,1,1,Fog,City,1,0
23,2.5,69,3,0,34.2,104.4,2.87,12.3,44.2,31.2,3,436275,2,1,Clear,Highway,0,0
51,6.5,108,1,2,68.5,91.9,3.2,11.6,38.6,34.7,13,887206,1,0,Fog,Mountain,0,0
24,3.4,48,2,0,47.0,92.8,3.26,12.32,52.6,31.4,12,359795,2,1,Clear,Mountain,0,0
42,1.7,48,3,5,22.6,105.0,3.35,13.47,43.5,30.5,11,678440,1,0,Fog,Mountain,0,1
46,4.6,67,2,3,65.3,80.0,5.09,13.32,40.4,31.8,7,662360,0,1,Clear,Highway,0,0
41,2.6,86,2,3,53.4,83.9,2.77,12.56,26.1,35.2,2,278156,0,1,Clear,Highway,0,0
43,8.8,35,2,1,100.0,82.2,5.33,12.48,45.2,36.2,13,594407,1,0,Rain,Highway,1,0
42,6.9,68,1,2,71.8,83.3,4.05,13.78,45.1,33.7,2,768802,1,0,Rain,Highway,0,0
54,2.6,53,3,3,54.6,84.6,1.95,12.13,51.1,32.7,14,589491,0,0,Fog,Highway,0,0
59,1.1,58,4,1,43.2,101.9,2.67,12.28,38.5,34.8,13,248497,2,1,Clear,Highway,0,0
36,9.9,38,1,1,92.9,104.2,2.55,13.13,35.3,32.6,14,642074,2,1,Clear,Highway,1,1
36,2.9,70,1,1,33.2,95.0,3.48,12.17,55.6,32.0,12,508159,2,0,Rain,Highway,0,0
46,7.7,92,1,0,92.5,99.8,4.82,12.78,29.8,30.4,13,599666,0,0,Rain,Mountain,1,0
42,4.7,66,2,3,52.1,98.5,4.31,11.98,34.6,36.4,9,303179,2,0,Rain,Highway,0,0
45,7.4,43,3,1,71.9,92.0,2.48,13.35,53.4,31.5,6,775339,0,2,Fog,Highway,0,0
26,4.5,101,2,1,64.2,99.4,4.72,12.38,48.7,30.2,9,268483,0,0,Clear,City,0,0
27,2.0,54,4,3,22.1,98.1,2.46,12.28,39.1,32.5,13,716216,3,0,Rain,Mountain,0,0
44,3.5,108,2,1,43.5,97.2,2.61,12.18,39.4,35.7,5,579950,1,0,Rain,Highway,0,0
25,3.1,96,1,1,26.2,92.7,4.55,12.03,39.9,35.3,12,267699,1,2,Clear,Mountain,0,0
48,5.7,92,4,0,57.2,93.5,4.53,12.43,48.2,32.5,1,392240,3,0,Clear,Highway,0,0
39,8.2,56,1,3,79.0,90.6,4.32,11.42,48.3,31.8,2,432844,0,0,Clear,Mountain,1,0
42,3.9,101,2,0,43.7,77.9,3.52,12.05,46.4,39.8,3,483294,2,0,Clear,Mountain,0,0
49,1.1,109,5,2,24.5,91.5,3.43,12.61,47.7,30.8,10,101393,1,0,Fog,City,0,0
56,6.7,82,0,2,53.1,92.4,2.33,12.64,46.1,33.2,8,167374,0,1,Fog,City,0,0
43,7.7,42,2,4,71.5,84.8,3.49,12.56,22.4,31.2,11,420942,0,1,Clear,City,0,0
44,11.6,107,2,3,100.0,88.2,2.83,12.22,44.6,35.7,3,710465,1,1,Clear,Highway,1,0
24,7.5,49,1,2,83.0,97.6,3.32,13.36,38.9,35.8,3,761534,1,0,Clear,Highway,0,0
31,6.2,66,4,5,64.5,99.0,5.79,13.03,59.1,30.0,13,768991,1,0,Rain,Highway,0,1
46,7.3,87,7,1,71.8,78.7,3.82,12.55,30.1,33.8,7,125290,0,0,Fog,Highway,1,0
29,11.2,101,5,4,100.0,86.4,2.39,12.54,32.2,26.1,9,729839,1,2,Fog,Mountain,1,0
32,10.1,38,2,3,100.0,98.4,4.74,12.36,42.8,33.5,4,172274,2,2,Clear,City,1,0
26,4.6,64,4,1,45.6,81.9,4.84,12.28,32.2,24.9,12,801174,0,1,Fog,Highway,0,0
58,3.6,47,3,2,43.5,91.0,4.93,12.52,62.3,34.1,4,214839,0,0,Clear,Highway,0,0
59,3.9,55,2,1,38.8,82.0,3.02,13.07,46.4,32.2,9,297890,0,0,Rain,City,0,0
50,6.5,75,2,3,65.1,84.9,3.39,12.38,37.3,28.9,5,871414,0,1,Rain,City,0,0
26,9.2,53,1,3,100.0,94.8,2.24,13.24,45.1,34.7,6,404098,1,0,Clear,Highway,1,0
30,6.5,82,2,1,77.8,97.0,5.06,12.27,43.8,33.2,7,438855,0,0,Clear,City,0,0
23,1.7,97,5,3,43.9,100.4,3.62,13.35,36.8,30.3,6,585039,4,0,Clear,Highway,0,0
22,9.0,54,0,3,93.4,114.4,2.13,12.45,31.7,35.3,12,677207,1,0,Clear,Highway,1,1
51,9.9,98,0,4,84.1,90.5,5.15,12.94,33.0,32.8,13,784808,1,1,Clear,Highway,1,1
32,4.2,71,3,3,41.1,90.9,2.82,13.74,38.4,34.3,2,765541,2,1,Fog,City,0,0
49,8.3,65,2,4,91.1,102.2,3.11,13.81,49.9,32.1,9,841617,3,1,Fog,City,1,1
33,5.7,108,2,2,66.6,101.0,2.45,11.93,46.9,32.6,2,894967,1,0,Clear,City,0,1
47,10.8,52,4,1,94.8,96.4,2.29,13.12,59.5,37.7,9,338301,2,0,Rain,Highway,1,0
34,10.3,54,2,1,99.0,88.9,3.89,12.13,35.2,31.3,13,170830,1,0,Rain,Highway,1,0
29,6.8,45,1,2,93.4,97.9,2.8,12.79,32.4,33.9,6,471713,0,0,Clear,City,0,0
49,8.6,78,4,0,98.1,87.3,1.98,12.84,40.7,33.9,5,869672,0,1,Rain,Highway,1,0
51,10.7,98,0,1,100.0,86.7,4.49,13.03,45.4,29.6,8,104897,2,0,Fog,City,1,0
30,6.5,68,3,3,60.2,94.2,4.0,11.96,45.7,34.0,15,353822,1,0,Clear,Highway,0,0
52,4.4,99,1,1,71.9,108.6,5.29,12.01,44.9,28.2,2,667163,1,0,Clear,Highway,1,1
42,9.3,89,3,1,89.2,89.7,3.13,12.19,43.7,39.1,14,192687,0,1,Clear,Mountain,1,0
55,3.4,108,2,2,62.9,92.5,3.54,12.89,37.6,37.3,1,746002,1,1,Rain,Highway,0,0
52,5.3,35,2,3,66.0,79.4,3.71,12.72,38.7,27.1,14,91856,1,1,Clear,Mountain,0,0
46,10.5,72,2,0,100.0,84.8,3.64,12.81,54.6,36.4,7,709242,2,1,Rain,Mountain,1,0
33,9.0,43,2,1,98.9,94.9,3.75,12.01,32.5,33.3,6,270924,0,2,Clear,City,1,0
22,5.4,105,0,3,64.2,95.8,3.18,12.68,44.0,28.6,4,676134,2,0,Rain,Mountain,0,0
43,3.4,51,2,0,53.0,107.5,1.7,12.27,51.3,27.6,4,453618,1,0,Clear,City,0,0
58,4.9,86,2,6,49.0,83.6,3.79,12.29,33.9,32.9,11,455824,2,0,Clear,Highway,0,0
22,4.1,52,2,2,51.5,93.1,4.08,12.54,33.8,38.0,6,175675,0,0,Rain,City,0,0
22,2.9,97,0,1,51.0,88.4,3.16,11.84,44.3,40.1,7,876283,1,0,Clear,City,0,0
42,9.2,67,2,0,94.7,94.3,5.99,12.87,45.4,33.9,2,664393,0,2,Clear,City,1,0
36,3.8,38,3,1,46.9,87.7,3.02,11.88,39.5,30.0,7,276387,2,0,Clear,Highway,0,0
38,6.0,109,2,3,70.3,78.1,2.87,12.39,45.6,38.5,13,58399,0,3,Rain,Highway,1,0
43,5.2,86,1,1,48.0,97.1,3.94,12.97,28.8,30.2,14,659764,0,1,Clear,Mountain,0,0
59,11.8,43,0,3,100.0,86.1,3.74,11.84,36.9,32.0,10,296572,3,1,Clear,Mountain,1,0
56,5.3,98,0,0,41.6,90.1,1.93,11.9,51.3,35.0,7,79218,0,0,Rain,Mountain,0,0
37,1.9,64,1,3,35.0,92.5,4.3,13.12,27.2,37.0,12,838032,1,1,Clear,Highway,0,0
29,2.0,42,2,2,43.6,91.8,3.04,12.06,58.4,29.6,6,306310,0,1,Clear,Highway,0,0
38,7.5,39,1,1,80.8,68.2,4.74,13.08,40.9,32.9,3,254820,2,0,Clear,Mountain,0,0
38,7.6,97,0,1,76.1,79.3,3.9,12.82,54.9,35.0,8,334441,0,0,Rain,Mountain,1,0
47,5.6,35,1,6,75.8,89.8,3.26,11.93,51.3,25.8,1,387933,1,0,Clear,City,0,0
34,5.8,49,3,8,59.5,110.4,4.77,12.69,43.8,27.4,8,223602,1,0,Fog,Highway,0,0
38,1.6,72,0,5,49.6,84.5,2.95,12.83,44.1,28.1,12,735504,0,0,Rain,Highway,0,0
59,6.7,76,1,0,71.5,89.0,2.16,11.9,57.1,33.8,12,220229,2,1,Clear,City,0,0
38,6.6,80,1,1,70.3,102.8,2.14,12.63,33.5,34.8,7,261182,0,0,Clear,Highway,0,0
35,2.6,87,2,1,48.1,97.6,3.74,13.02,41.1,36.6,2,800570,0,0,Clear,Mountain,0,0
27,2.1,60,2,1,33.7,95.4,5.32,12.56,37.3,34.0,1,80223,0,0,Rain,Highway,0,0
56,2.4,95,1,2,40.2,93.0,3.36,12.67,35.3,40.1,8,853388,0,1,Rain,Highway,0,0
35,2.1,101,1,2,42.5,76.8,4.26,12.53,51.2,34.9,15,627901,2,0,Clear,Highway,0,0
29,7.7,88,2,0,69.3,79.4,3.81,13.11,45.1,37.0,4,52551,0,0,Rain,City,0,0
36,3.2,56,2,1,51.7,84.7,3.09,12.55,44.9,35.9,11,190134,0,0,Fog,City,0,0
48,3.8,60,0,2,33.5,88.8,1.84,12.25,44.9,33.8,13,791733,0,1,Fog,Highway,0,0
34,2.9,94,3,0,43.1,101.7,3.67,12.49,48.2,37.8,12,859492,0,0,Clear,Highway,0,1
52,11.5,73,3,2,100.0,92.3,4.3,11.82,40.5,35.0,14,509735,0,2,Clear,Highway,1,0
56,10.4,70,3,2,90.1,86.9,3.96,11.09,50.6,31.2,10,694595,3,0,Clear,Highway,1,0
27,3.5,55,1,0,64.9,89.8,3.16,12.19,41.2,33.6,12,519350,1,0,Clear,Highway,0,0
26,4.6,75,1,2,58.5,103.0,2.97,13.36,42.0,32.0,10,560993,2,0,Rain,Highway,0,0
43,3.3,82,1,2,39.9,93.0,2.87,13.11,39.0,30.7,9,176167,1,0,Rain,Mountain,0,0
44,6.4,60,3,0,72.6,97.3,2.84,11.78,40.6,30.9,12,743083,0,0,Fog,Mountain,0,0
46,1.2,97,0,4,54.5,88.1,3.55,12.08,44.4,34.9,11,85091,0,0,Clear,City,0,0
55,8.4,70,1,2,77.2,76.6,3.34,12.29,41.6,28.9,4,465612,3,1,Clear,Mountain,1,0
47,6.8,58,2,0,81.0,97.2,4.01,12.5,35.4,33.8,13,738742,1,1,Fog,City,0,0
26,10.9,55,4,1,98.1,94.6,2.53,12.08,40.1,31.5,11,540960,0,0,Clear,Highway,1,0
47,2.8,52,4,2,47.2,99.7,3.47,12.29,39.3,30.0,13,109860,0,0,Rain,Highway,0,0
41,9.8,49,0,0,91.8,92.7,3.46,13.11,40.6,32.7,12,315457,0,0,Fog,Mountain,1,0
27,9.7,40,9,4,96.0,111.4,2.99,12.1,26.9,33.4,11,433997,0,0,Clear,Highway,1,1
27,2.4,77,0,3,40.8,84.5,3.81,12.88,47.7,39.1,11,66273,1,0,Rain,City,0,0
39,5.4,65,0,1,76.4,83.3,2.61,12.98,40.5,29.9,13,565185,0,1,Clear,City,0,0
25,2.9,62,0,0,28.5,90.5,4.69,13.8,44.5,33.9,8,833425,1,0,Fog,Highway,0,0
38,3.8,42,0,4,67.4,89.6,3.92,12.26,45.9,34.4,8,540724,0,1,Rain,Mountain,0,0
35,3.9,63,0,0,32.0,90.4,4.04,12.04,33.1,32.7,1,894688,0,1,Rain,City,0,0
35,7.1,55,4,2,80.1,91.2,3.43,11.74,46.8,37.3,5,760954,0,2,Clear,Highway,1,0
34,5.5,92,1,1,64.6,89.4,3.17,12.93,33.5,33.8,11,316821,1,0,Clear,City,0,0
28,11.4,94,2,0,100.0,87.6,2.78,12.81,44.5,35.6,4,737522,2,1,Fog,Mountain,1,0
36,2.4,84,2,3,39.6,84.1,2.67,12.55,27.3,31.1,4,807217,0,0,Clear,Mountain,0,0
40,11.7,65,1,2,100.0,96.4,1.97,12.76,24.0,29.3,9,446727,1,1,Fog,Mountain,1,0
56,3.5,81,3,0,52.6,101.5,3.59,12.64,49.1,32.4,12,167717,1,0,Fog,Highway,0,0
38,9.5,68,1,2,94.2,118.4,4.2,12.4,46.0,32.4,11,671893,2,0,Rain,Highway,1,1
56,4.7,36,0,1,64.6,95.0,2.28,12.43,40.2,31.9,12,302364,0,0,Clear,Highway,0,0
40,2.6,101,3,6,38.5,101.0,4.82,12.55,41.3,33.8,3,504981,0,0,Clear,Highway,0,0
41,10.4,106,4,0,100.0,93.7,1.93,13.83,28.8,31.6,8,550609,0,1,Clear,City,1,0
57,4.4,86,1,5,66.8,97.6,4.35,13.06,41.3,31.7,12,132767,1,2,Clear,Highway,1,0
56,8.2,41,2,1,97.5,91.4,2.65,12.02,42.3,37.3,9,205431,1,2,Clear,Highway,1,0
53,7.2,53,2,1,88.1,89.7,4.58,12.8,37.9,30.1,8,767464,1,1,Rain,Mountain,0,0
45,6.2,49,2,2,59.3,90.1,4.26,12.6,40.1,37.0,4,817827,1,3,Clear,Highway,0,0
38,6.5,82,0,4,76.3,107.2,6.15,13.5,33.5,35.6,2,419370,0,0,Clear,Mountain,0,1
28,9.1,48,2,4,97.4,106.3,2.88,13.23,29.5,36.4,10,679549,2,0,Rain,Highway,1,1
22,2.0,37,0,1,53.7,85.3,1.26,12.55,42.7,36.4,7,837342,3,0,Clear,Highway,0,0
56,8.3,84,2,2,94.3,96.0,1.61,12.59,31.4,32.7,3,358199,0,1,Clear,Highway,1,0
53,10.9,88,4,3,100.0,89.9,3.29,12.03,45.0,31.0,6,88729,0,1,Clear,Highway,1,0
57,1.6,40,1,1,29.0,106.3,3.66,12.93,44.1,32.1,3,684341,1,1,Clear,Highway,0,0
34,2.5,83,1,2,14.6,82.5,2.78,13.17,49.6,33.0,4,876878,2,2,Rain,Highway,0,0
27,8.9,57,1,2,90.4,101.1,3.86,12.66,44.0,29.5,2,208938,2,2,Clear,City,1,0
35,5.8,54,2,3,62.7,92.8,4.39,12.73,65.5,34.2,12,349152,1,1,Rain,Highway,0,0
58,5.4,94,3,2,58.0,77.2,4.08,12.44,38.8,31.8,11,663973,1,0,Rain,Highway,0,0
36,2.5,79,1,2,32.2,107.4,3.46,13.04,44.3,33.5,15,551734,2,1,Clear,City,0,0
25,6.6,95,3,5,88.2,78.2,2.65,11.93,36.3,32.4,5,199517,2,0,Clear,Highway,1,0
37,2.4,90,4,3,12.3,83.8,4.33,12.04,49.5,35.8,10,714176,0,0,Clear,Mountain,0,0
49,6.2,36,1,2,56.9,82.1,4.88,13.06,42.5,34.6,7,187962,1,0,Rain,Mountain,0,0
37,9.4,79,2,3,100.0,102.4,2.9,11.89,27.1,31.2,2,316651,1,1,Clear,Highway,1,1
25,3.8,74,3,1,60.2,87.1,2.33,12.28,34.6,33.3,5,55880,1,0,Clear,Mountain,0,0
47,6.3,58,3,2,73.5,82.7,4.65,12.46,39.9,26.5,6,603973,1,1,Clear,Highway,0,0
49,11.9,63,0,5,100.0,96.9,3.82,12.84,31.2,31.7,15,129943,2,0,Rain,City,1,0
53,8.6,101,2,3,82.9,83.1,3.8,12.68,45.5,33.8,6,144087,0,0,Clear,City,1,0
23,10.3,102,3,2,89.6,95.7,5.22,11.06,29.9,30.1,13,662124,2,1,Clear,Highway,1,1
52,5.6,100,4,0,68.5,94.9,1.71,12.89,39.5,35.3,2,753784,0,1,Rain,Highway,0,0
24,9.4,88,2,4,100.0,94.0,3.29,12.49,38.8,29.1,14,254652,0,0,Clear,City,1,0
29,1.4,87,1,1,24.3,76.4,3.88,13.13,49.2,33.9,2,876421,1,0,Clear,City,0,0
45,2.4,83,3,0,21.0,101.3,5.51,12.12,39.4,32.5,2,843800,0,0,Clear,City,0,1
36,3.2,66,2,4,52.2,103.7,3.45,13.39,47.9,36.3,3,797271,0,0,Clear,City,0,0
52,5.4,95,1,0,71.0,99.6,3.02,12.01,44.4,31.3,2,91347,0,1,Clear,Mountain,1,0
30,10.3,76,4,3,100.0,98.1,3.72,12.37,32.0,32.5,9,186916,1,2,Fog,Mountain,1,0
23,4.8,35,5,2,56.8,90.6,4.23,13.23,58.8,37.0,10,341704,1,0,Rain,Highway,0,0
29,8.2,97,2,2,64.0,105.8,4.69,13.73,49.8,37.0,5,303252,4,0,Fog,Highway,1,0
28,8.8,69,1,2,78.1,80.9,4.97,12.01,33.5,27.3,9,213688,1,0,Clear,City,1,0
37,7.4,85,3,0,92.1,73.9,1.59,13.85,32.6,28.6,8,275520,2,1,Fog,Highway,0,0
56,4.9,105,3,4,45.7,102.0,2.73,11.41,50.9,37.2,5,684425,1,1,Clear,City,0,1
51,7.3,79,2,1,85.4,78.0,4.36,12.98,48.3,36.5,13,68472,1,0,Clear,Highway,0,0
31,4.8,99,3,2,48.2,100.8,3.76,13.48,46.5,35.4,7,152905,0,0,Rain,Mountain,0,0
59,1.9,48,0,2,24.0,80.6,3.94,12.08,33.4,32.7,12,455032,0,2,Clear,Highway,0,0
39,11.9,37,4,1,100.0,97.1,2.87,13.21,36.2,32.9,2,373045,2,0,Rain,Highway,1,0
26,2.4,58,1,2,57.8,86.1,3.74,12.34,51.6,28.6,10,529446,0,1,Fog,City,0,0
50,1.8,99,0,3,36.0,95.1,3.27,12.23,45.9,31.7,15,562757,0,1,Fog,Highway,0,0
55,10.7,82,2,1,100.0,103.3,3.97,11.92,35.3,35.7,10,534979,1,0,Clear,Mountain,1,0
44,4.3,44,2,1,64.7,85.3,4.01,12.56,52.3,32.7,7,289574,0,0,Fog,Mountain,0,0
26,8.2,47,0,5,69.8,105.3,3.82,12.67,57.2,35.8,5,737290,1,1,Rain,Highway,0,0
51,4.6,107,3,1,68.9,92.1,3.78,12.0,37.4,36.2,6,267473,1,1,Rain,Highway,0,0
27,5.3,48,4,3,82.6,92.9,3.33,13.31,35.8,35.9,9,754706,2,1,Rain,Highway,0,0
25,3.9,44,2,1,57.0,101.5,5.09,12.3,53.2,34.4,8,389722,2,1,Rain,Highway,0,1
50,4.8,74,0,1,46.8,102.5,4.62,12.58,54.3,32.2,2,539499,1,0,Rain,Highway,0,0
44,5.5,57,2,1,79.2,91.5,3.56,12.72,54.2,33.7,10,333899,1,0,Clear,Highway,0,0
27,8.9,89,3,0,94.3,79.7,4.36,14.1,44.5,30.0,6,241603,2,1,Fog,Mountain,1,0
53,6.6,97,2,4,71.4,92.4,5.53,13.24,37.3,28.1,1,341016,2,1,Clear,Mountain,1,0
39,11.4,105,2,2,100.0,80.0,2.6,13.01,48.6,33.6,8,77871,0,1,Clear,City,1,0
36,1.5,76,3,0,20.6,91.3,2.8,12.38,38.7,31.2,15,279100,1,1,Rain,Highway,0,0
53,6.5,100,2,3,83.5,89.2,3.59,12.79,38.3,30.9,1,670013,0,2,Rain,Highway,1,0
30,7.4,107,1,2,78.4,80.5,3.81,12.84,42.8,32.5,15,221081,1,1,Rain,City,1,0
58,11.1,81,1,1,100.0,84.9,2.97,12.58,41.6,35.6,2,684507,0,0,Rain,Highway,1,0
31,1.5,86,3,0,33.3,102.2,4.21,13.08,37.4,36.5,4,791373,2,1,Clear,City,0,0
41,7.3,52,1,2,58.9,89.4,3.42,14.17,32.9,30.2,10,400379,2,0,Fog,Highway,0,0
27,10.4,52,4,0,100.0,88.3,4.59,12.04,39.8,38.9,2,364365,1,0,Clear,City,1,0
24,3.7,58,1,2,49.5,96.3,2.83,12.81,36.4,34.2,14,350220,0,0,Clear,City,0,0
32,10.6,57,3,1,100.0,105.1,2.64,12.8,30.6,34.7,5,694008,2,2,Rain,City,1,0
38,1.2,46,2,3,37.9,87.3,3.3,12.48,42.9,30.1,11,487899,2,0,Rain,City,0,0
53,9.1,57,3,0,80.7,101.4,3.35,12.27,43.1,32.8,7,705880,3,0,Clear,Highway,1,1
25,11.3,55,1,5,100.0,92.0,2.6,12.24,47.5,32.7,7,172136,1,0,Clear,City,1,0
25,8.2,98,1,1,96.1,107.5,3.61,13.72,42.8,27.7,10,736026,3,0,Clear,City,1,1
38,5.8,106,4,1,53.4,100.5,2.84,12.68,41.2,32.9,5,179288,2,0,Fog,Highway,0,0
40,1.5,68,1,3,49.0,89.1,5.4,13.11,47.5,35.4,14,328764,1,0,Clear,Mountain,0,0
26,11.1,36,1,4,100.0,94.2,3.44,12.46,42.8,31.4,3,841404,1,0,Clear,Highway,1,0
53,6.2,103,3,3,75.0,85.6,3.87,12.82,43.9,30.7,5,827612,1,2,Clear,Highway,1,0
43,1.3,65,0,3,26.0,93.3,2.25,12.86,46.1,36.2,13,577500,1,0,Clear,City,0,0
27,8.6,102,2,2,84.2,85.4,4.05,12.48,37.1,33.6,4,156118,1,0,Rain,City,1,0
56,6.3,104,1,2,61.2,86.5,2.69,12.73,49.4,32.8,6,870875,1,1,Clear,Highway,0,0
43,2.4,53,3,2,54.6,101.4,4.41,13.24,42.0,33.5,1,734968,0,1,Clear,City,0,0
22,3.4,106,1,5,53.1,93.8,1.96,12.04,40.8,34.7,1,569382,0,1,Clear,Highway,0,0
41,1.7,47,1,1,23.9,94.9,3.47,12.71,49.3,35.6,13,142442,1,0,Clear,City,0,0
43,7.3,99,3,1,85.5,88.0,4.53,12.89,37.9,36.0,8,534059,0,0,Clear,Highway,1,0
32,7.8,40,1,1,91.8,89.5,3.68,13.0,38.5,34.3,6,561390,2,1,Clear,Highway,0,0
34,6.6,105,3,0,83.6,89.2,3.36,13.08,45.6,36.9,14,574351,0,0,Rain,Mountain,1,0
24,10.0,61,3,0,100.0,87.3,4.84,12.96,43.4,27.5,9,564849,0,0,Clear,Mountain,1,0
30,10.5,86,4,0,100.0,87.0,2.68,13.2,68.3,36.3,10,758363,1,1,Clear,Highway,1,0
33,7.8,82,3,3,73.1,85.1,2.33,12.4,50.0,32.4,12,416147,1,1,Clear,Highway,0,0
44,1.1,102,3,1,42.1,80.9,2.46,13.33,22.9,29.5,12,144483,0,0,Clear,City,0,0
35,8.6,78,0,2,95.5,91.4,2.49,12.66,44.2,36.2,1,715507,4,1,Clear,Mountain,1,0
54,5.6,51,3,0,74.7,84.4,3.92,13.04,27.3,33.1,15,511762,3,1,Clear,City,0,0
39,7.2,72,2,1,58.8,105.3,3.2,11.95,38.7,35.8,7,798636,3,0,Clear,Mountain,0,1
30,8.1,44,4,1,94.4,81.3,4.48,12.93,43.4,32.3,1,715712,0,2,Clear,Highway,1,0
44,4.9,88,1,5,59.5,88.8,3.96,12.68,38.3,34.1,12,442389,0,0,Clear,Highway,0,0
31,11.1,40,1,1,100.0,97.9,3.87,12.45,24.5,32.5,7,338836,1,1,Clear,Mountain,1,0
40,2.5,40,0,4,28.0,74.9,1.76,13.25,42.5,33.1,15,192910,0,1,Clear,City,0,0
26,8.4,86,2,1,100.0,98.2,4.07,12.71,37.5,31.3,7,768506,0,1,Fog,City,1,0
44,1.0,49,0,1,21.5,85.4,4.75,12.7,47.1,29.5,13,453810,0,0,Clear,City,0,0
51,11.2,102,2,2,100.0,83.4,3.6,11.89,26.8,29.9,8,175067,0,0,Clear,Highway,1,0
46,2.2,91,2,1,35.6,96.7,2.53,12.26,36.2,33.7,14,53894,2,0,Rain,Mountain,0,0
49,2.0,90,1,1,54.5,97.6,1.95,12.69,48.5,31.4,13,376501,1,1,Clear,Highway,0,0
55,4.7,41,0,4,60.6,83.2,4.5,12.26,24.2,34.6,5,771454,2,0,Clear,Highway,0,0
46,5.1,85,4,3,79.6,89.3,3.6,13.33,45.8,32.6,8,154915,2,1,Clear,City,0,0
31,3.4,92,3,2,46.5,101.7,2.14,12.45,35.8,31.6,10,809512,1,0,Clear,Highway,0,0
35,7.4,98,2,3,68.1,88.4,3.88,12.12,40.1,38.3,13,87215,0,0,Clear,Mountain,0,0
51,5.9,60,0,2,70.2,84.0,3.48,12.04,32.8,31.2,5,536003,2,0,Rain,City,0,0
46,1.4,92,1,2,29.9,91.0,5.09,12.53,39.5,33.5,9,573896,1,0,Clear,City,0,0
35,4.5,65,0,2,50.0,91.3,2.69,13.03,33.6,38.2,11,181778,1,1,Clear,Highway,0,0
56,9.9,100,3,0,100.0,89.9,3.87,12.13,32.2,35.8,8,167101,1,2,Fog,City,1,0
55,8.6,47,2,2,75.3,95.6,4.69,12.08,48.5,33.9,13,502029,2,1,Clear,Highway,1,0
31,9.0,52,0,1,100.0,86.8,3.96,12.31,40.9,31.0,13,369862,2,1,Clear,City,1,0
56,8.7,109,1,1,87.7,97.0,3.34,12.57,43.9,26.9,14,497734,1,1,Rain,Highway,1,0
32,4.4,47,3,5,41.6,89.0,3.16,12.07,42.5,25.2,11,114062,1,0,Clear,Highway,0,0
32,2.1,58,1,4,40.7,80.5,3.19,12.66,52.3,31.8,7,110288,1,1,Clear,City,0,0
42,4.0,91,2,1,53.8,104.7,2.99,13.38,45.1,38.2,13,466321,0,2,Clear,Highway,0,0
42,10.1,63,1,3,99.3,79.7,2.8,12.59,46.1,30.7,7,532547,1,1,Clear,Highway,1,0
43,11.8,90,2,1,100.0,98.6,4.64,12.4,47.8,30.0,3,820129,0,1,Clear,Highway,1,0
28,6.4,88,3,5,84.3,90.7,4.55,13.16,35.1,32.3,6,218041,3,1,Fog,Highway,1,0
38,1.1,39,1,2,34.2,92.2,4.23,12.02,56.2,33.4,6,765881,0,0,Rain,Highway,0,0
23,2.5,69,2,2,35.1,85.0,3.72,12.87,31.3,33.8,11,400700,2,1,Rain,Highway,0,0
33,4.5,53,1,5,60.0,88.1,3.69,12.61,44.3,36.5,14,818596,1,0,Clear,Highway,0,0
39,7.4,89,2,1,71.4,98.4,1.94,13.45,44.3,30.4,5,683793,1,0,Clear,Mountain,1,0
32,1.8,103,2,2,44.2,83.1,4.2,13.23,61.0,36.8,2,409383,2,1,Rain,Highway,0,0
37,11.4,78,3,5,100.0,88.0,3.51,11.62,45.2,35.0,13,683157,0,1,Rain,Highway,1,0
39,5.0,72,1,0,71.1,100.5,2.3,12.7,35.8,31.2,10,177039,1,0,Clear,Highway,0,0
56,11.0,96,0,0,100.0,87.3,4.55,11.87,36.9,30.3,7,192018,2,0,Rain,Highway,1,0
47,9.6,56,2,0,87.2,92.2,3.34,13.17,38.4,29.0,5,833153,2,1,Clear,Mountain,1,0
37,9.3,107,4,1,95.4,92.9,4.25,12.12,42.9,36.5,14,497053,1,0,Rain,City,1,0
27,7.7,74,2,5,65.5,85.0,3.94,12.99,43.5,32.1,2,744302,1,0,Clear,Highway,0,0
33,7.9,60,2,3,92.3,95.4,2.59,13.18,45.2,32.1,13,296237,0,0,Clear,Highway,0,0
34,8.0,39,2,10,90.7,91.4,4.25,11.69,42.2,33.7,14,667096,1,1,Clear,Highway,0,0
25,7.9,88,2,2,81.7,85.6,2.83,13.34,46.2,29.7,4,236944,3,1,Clear,Highway,1,0
23,7.1,83,1,2,73.9,97.1,1.84,13.16,32.9,37.6,12,325557,2,2,Clear,Highway,0,0
47,11.9,37,0,5,100.0,93.2,4.24,12.07,29.1,34.0,11,669190,1,2,Clear,Highway,1,0
48,9.1,72,0,3,100.0,91.4,3.7,13.18,50.8,33.9,1,410430,1,0,Clear,Highway,1,0
48,9.5,48,2,2,91.9,89.5,3.61,12.0,29.3,32.7,12,149612,0,0,Clear,Highway,1,0
36,10.6,81,2,1,92.8,80.3,4.26,13.05,41.3,28.9,12,575350,1,0,Clear,Highway,1,0
29,3.4,48,1,2,39.4,90.8,2.35,12.55,35.5,36.2,8,538403,2,0,Clear,City,0,0
28,1.9,109,0,6,45.1,74.2,2.55,11.89,56.1,39.8,15,265947,1,1,Rain,City,0,0
33,6.3,107,1,1,60.8,97.9,2.39,13.34,57.1,30.5,5,759665,2,0,Clear,Mountain,0,0
34,6.7,72,2,3,85.6,82.8,3.03,13.34,42.1,30.2,8,229349,2,2,Fog,Highway,0,0
38,10.1,98,3,3,98.8,96.3,3.83,12.7,39.5,30.4,1,99899,0,1,Clear,City,1,0
38,5.9,78,1,4,49.3,80.8,5.54,12.61,40.0,30.8,8,557597,1,1,Clear,City,0,0
57,7.3,104,4,4,85.9,81.6,3.26,12.4,43.5,37.4,13,433033,1,0,Clear,City,1,0
42,6.8,99,1,3,71.7,86.1,3.66,12.88,48.8,30.0,5,509739,1,1,Clear,Highway,1,0
29,1.4,59,3,2,34.9,106.9,2.07,12.8,68.9,40.1,7,210830,0,1,Clear,Mountain,0,0
26,7.8,50,1,4,76.2,88.5,2.95,13.36,33.5,38.6,3,651274,0,0,Clear,Highway,0,0
47,10.1,49,2,3,100.0,105.4,1.44,12.71,43.9,35.4,13,783254,0,0,Fog,Highway,1,1
37,2.7,37,1,1,46.1,95.7,5.78,13.3,40.8,34.8,13,705485,1,1,Clear,City,0,1
57,7.5,101,3,2,100.0,89.9,1.61,11.67,37.8,35.6,3,884565,0,0,Fog,City,1,0
49,7.5,71,1,0,87.1,93.4,2.98,13.01,38.5,31.4,13,626035,0,0,Rain,City,0,0
50,2.8,89,3,1,40.1,94.7,3.36,12.69,41.1,29.6,9,67183,2,0,Rain,City,0,0
33,2.4,72,0,2,30.6,95.6,5.27,12.78,43.6,33.4,15,62524,3,0,Fog,City,0,1
58,11.8,97,0,2,100.0,102.6,3.72,13.51,45.0,29.0,7,594570,3,0,Clear,Highway,1,0
51,5.3,35,3,3,61.1,92.7,2.1,13.15,46.0,30.8,11,465222,0,1,Fog,Highway,0,0
44,3.5,105,2,1,47.1,96.9,3.2,12.42,30.8,35.4,6,594473,1,0,Clear,Highway,0,0
37,2.9,53,2,3,59.1,107.7,3.56,12.17,36.6,34.3,4,170901,0,0,Rain,Highway,0,0
35,8.3,86,4,2,82.3,79.4,2.85,11.64,46.3,37.3,5,721777,1,1,Clear,Highway,1,0
31,7.7,64,1,1,91.7,91.1,2.76,12.83,53.5,32.2,15,856570,1,0,Rain,Highway,0,0
28,8.1,89,3,3,83.7,98.4,2.68,13.21,45.8,38.3,8,825087,1,1,Clear,Highway,1,0
58,2.0,48,2,1,54.9,80.9,2.71,13.23,39.6,31.0,1,867413,0,0,Rain,Highway,0,0
50,10.8,47,6,1,90.7,84.2,2.57,12.4,45.8,35.8,2,778128,1,0,Clear,City,1,0
24,5.3,61,2,1,75.9,84.5,2.6,13.23,44.0,33.5,3,669911,1,0,Clear,Mountain,0,0
36,4.4,43,1,1,50.2,95.1,3.16,13.24,33.6,36.3,11,556744,2,1,Rain,City,0,0
57,6.1,75,1,0,77.7,96.2,4.23,13.08,40.6,30.8,5,727191,2,0,Clear,Highway,0,0
40,5.3,82,1,2,78.1,84.9,2.21,12.63,43.4,35.7,13,750057,1,0,Clear,Highway,0,0
34,10.5,46,4,1,100.0,95.4,2.67,12.58,47.8,34.5,11,838588,1,1,Clear,Mountain,1,0
42,11.2,44,2,2,98.6,86.8,3.54,12.87,53.4,30.5,15,65887,1,1,Clear,Mountain,1,0
58,4.3,40,4,5,42.5,102.0,4.01,12.94,56.3,39.8,8,347929,2,0,Fog,Mountain,0,0
48,10.5,68,4,4,95.5,96.1,4.96,12.36,28.6,32.7,5,591328,1,0,Clear,Highway,1,0
50,9.6,86,0,2,72.5,97.9,4.19,12.42,40.5,35.6,5,460951,3,2,Rain,Highway,1,0
41,11.2,75,1,2,100.0,104.7,3.64,12.73,54.0,34.9,15,116387,1,0,Fog,Highway,1,0
46,3.7,40,1,5,56.1,97.5,3.45,12.29,48.2,29.4,6,260416,1,1,Rain,Highway,0,0
27,7.3,36,3,0,80.9,87.4,3.36,12.35,48.6,36.0,9,293648,1,0,Rain,Mountain,0,0
57,4.0,49,2,0,48.2,93.0,2.32,11.72,36.2,29.5,9,229124,0,0,Clear,City,0,0
23,10.1,51,4,2,91.9,81.5,3.87,12.1,36.5,31.8,9,107451,0,0,Fog,Mountain,1,0
43,1.1,50,1,1,23.1,83.2,3.04,12.97,47.3,34.1,15,824430,0,2,Rain,Highway,0,0
53,7.2,62,1,0,80.4,96.8,3.63,13.1,38.2,33.2,12,223437,1,1,Fog,Highway,0,0
37,4.7,106,4,3,65.9,105.4,2.55,12.58,32.9,35.0,11,365285,0,0,Clear,Highway,0,0
39,4.5,44,5,3,41.0,100.6,3.39,13.0,42.8,26.1,11,382650,1,0,Clear,Highway,0,1
26,8.1,44,2,2,86.4,94.7,2.55,11.48,40.5,28.8,13,789352,0,0,Clear,Highway,1,0
57,10.4,44,2,1,100.0,80.0,4.01,12.81,48.9,35.1,5,175170,0,0,Rain,Mountain,1,0
51,7.7,107,2,2,72.2,93.1,3.22,11.87,45.3,32.6,6,783709,1,0,Rain,Highway,1,0
40,10.4,62,1,4,100.0,84.0,3.65,12.18,57.5,34.2,7,514177,1,1,Rain,City,1,0
44,3.9,58,4,3,60.5,95.1,3.04,12.92,34.1,34.4,3,79783,1,1,Clear,City,0,0
55,6.7,53,2,2,67.9,81.4,4.17,13.01,42.3,30.1,13,523112,0,1,Rain,City,0,0
34,6.0,102,1,2,59.3,93.3,3.83,11.65,46.5,29.2,1,456039,0,0,Clear,Mountain,0,0
50,1.1,90,3,3,50.4,87.9,2.64,11.77,46.2,35.4,2,802523,2,0,Clear,Mountain,0,0
57,7.1,101,1,3,84.8,92.7,2.56,12.26,44.1,31.0,4,320082,3,0,Clear,Highway,1,0
43,8.3,76,1,2,88.2,87.8,4.35,11.7,28.1,33.8,9,531870,0,0,Clear,Highway,1,0
57,7.5,46,3,3,73.3,79.5,1.18,12.39,26.3,32.8,1,178905,2,0,Clear,City,0,0
30,9.1,52,1,1,85.1,100.2,4.86,13.03,33.4,29.8,13,448631,1,1,Clear,Highway,1,0
40,7.3,57,0,2,84.1,89.6,2.75,11.82,46.0,31.7,6,516473,0,1,Clear,Highway,0,0
59,1.7,40,1,5,25.4,88.5,4.12,13.61,26.8,36.2,4,569421,1,1,Fog,Highway,0,0
27,2.3,87,4,2,29.7,90.9,3.85,12.47,47.3,33.8,6,697962,1,0,Rain,Highway,0,0
36,7.6,76,2,0,79.5,86.8,3.11,12.79,39.6,32.2,2,651533,0,2,Clear,City,0,0
41,4.0,100,0,5,58.4,86.7,3.78,12.09,39.3,34.4,2,344405,2,0,Clear,Mountain,0,0
30,1.9,64,3,2,52.8,103.5,3.54,13.12,57.5,37.3,14,865269,0,0,Clear,Mountain,0,1
53,5.7,43,3,3,68.0,92.7,4.24,12.72,56.3,33.2,7,509165,2,1,Rain,Mountain,0,0
25,7.1,76,4,2,68.6,88.5,2.7,12.73,36.6,39.6,5,295991,2,1,Fog,Mountain,0,0
39,4.6,68,2,1,54.1,78.7,4.14,12.79,48.2,34.2,6,499824,1,0,Clear,Highway,0,0
26,8.9,74,2,2,100.0,87.9,1.54,11.95,42.3,32.3,14,477926,2,1,Fog,Highway,1,0
41,8.1,51,3,2,96.8,84.2,4.06,12.81,48.8,34.3,14,224325,0,3,Clear,Highway,1,0
44,4.7,63,1,5,70.1,88.6,3.48,12.95,38.9,40.0,4,115300,2,0,Clear,Highway,0,0
32,9.3,84,3,0,100.0,104.2,3.95,11.83,31.3,37.4,14,176528,2,1,Clear,Highway,1,1
58,8.1,83,1,2,100.0,103.5,4.08,12.47,41.7,29.0,1,622135,2,0,Rain,City,1,0
43,8.0,107,2,3,86.1,89.9,4.93,12.45,48.5,28.7,8,539838,1,0,Clear,Highway,1,0
25,7.1,95,3,1,84.3,86.5,3.59,12.62,40.9,32.4,1,638363,0,1,Clear,Mountain,1,0
50,1.1,80,3,2,20.7,96.6,2.6,12.96,48.6,39.9,8,810749,1,0,Clear,Highway,0,0
55,8.7,80,0,2,91.9,100.9,5.28,13.01,52.2,33.7,11,394949,0,0,Clear,Highway,1,1
34,5.1,51,2,5,63.5,89.8,3.83,12.55,51.4,31.1,1,386481,1,1,Clear,Highway,0,0
30,11.4,100,2,2,100.0,108.2,4.34,13.08,45.8,39.3,10,123825,2,0,Fog,Highway,1,0
52,10.0,39,2,1,93.7,87.7,3.09,11.91,31.4,36.2,10,333743,2,0,Clear,Highway,1,0
28,7.5,88,1,2,64.3,89.1,3.08,12.73,26.2,32.2,14,567042,1,0,Clear,Mountain,0,0
25,3.8,50,1,3,44.6,90.7,3.61,11.59,46.7,31.4,4,682466,0,0,Clear,Mountain,0,0
40,3.2,41,0,2,56.2,89.3,4.04,12.35,48.3,36.2,6,72737,1,1,Clear,City,0,0
51,4.7,42,1,5,55.5,82.8,3.77,12.84,42.1,30.3,1,379468,0,0,Clear,Highway,0,0
52,6.2,106,4,4,74.3,98.2,2.5,12.96,44.1,31.6,9,863565,1,1,Clear,Highway,1,0
56,4.3,72,3,2,48.4,89.7,5.02,12.75,41.2,33.5,7,507415,0,0,Clear,Highway,0,0
42,6.7,88,3,0,84.0,109.2,2.31,13.39,42.6,31.7,1,547264,1,0,Clear,Highway,1,0
52,2.8,49,4,1,41.3,98.2,3.83,12.65,45.1,30.4,10,841778,3,1,Rain,City,0,0
40,11.8,84,1,0,100.0,94.6,3.52,11.75,49.2,34.2,2,224511,0,1,Clear,Mountain,1,0
52,2.2,90,4,3,50.9,107.5,6.03,11.46,42.9,33.6,5,161472,0,0,Clear,Highway,0,1
53,11.3,43,1,0,100.0,97.7,3.07,12.1,42.1,33.8,15,800435,1,1,Clear,City,1,0
23,11.0,42,2,3,100.0,97.5,2.27,12.1,40.8,27.1,3,169920,0,1,Clear,City,1,0
31,6.8,53,2,1,71.1,86.7,4.15,12.62,43.9,36.4,1,702976,4,0,Clear,Mountain,0,0
23,9.0,85,0,4,86.1,90.1,3.0,12.32,26.0,27.4,5,417515,1,1,Clear,Highway,1,0
23,5.8,106,2,2,57.3,100.0,4.56,12.12,49.3,34.0,8,215603,0,0,Rain,Highway,0,0
45,7.9,91,2,2,68.3,98.5,4.38,12.31,40.5,39.9,12,363189,1,1,Clear,City,0,0
38,4.7,102,2,2,48.3,87.2,4.21,12.43,35.7,35.8,1,193354,3,0,Clear,Highway,0,0
53,4.3,65,1,0,45.9,110.7,2.72,12.18,53.0,32.2,6,877445,1,2,Rain,City,0,0
37,7.4,37,4,1,66.6,90.4,4.36,12.62,39.8,31.5,1,727611,0,1,Clear,City,0,0
37,6.5,77,3,2,56.8,101.4,5.81,13.07,33.6,32.7,8,849731,1,0,Clear,City,0,1
52,7.4,63,3,3,66.2,94.1,3.12,12.28,47.9,36.5,5,269687,2,0,Clear,Mountain,0,0
45,4.2,44,3,2,53.1,95.6,3.3,12.64,38.2,34.9,3,75848,2,0,Clear,City,0,0
22,5.0,46,4,1,64.4,89.3,3.36,13.63,39.0,33.1,12,872020,0,0,Clear,Highway,0,0
32,1.9,80,0,1,38.7,93.6,3.2,12.72,48.9,36.1,15,177013,2,0,Clear,Highway,0,0
42,1.6,64,3,1,27.6,79.6,3.64,13.15,49.9,29.2,12,130560,1,0,Clear,Highway,0,0
25,3.8,66,2,0,46.9,100.8,3.52,12.36,31.2,31.3,12,550172,2,2,Clear,Mountain,0,0
28,1.8,107,4,2,38.1,98.0,3.44,13.18,41.4,31.5,8,96414,3,0,Rain,City,0,0
47,2.1,81,1,3,38.7,106.9,2.61,12.2,30.4,36.4,10,320787,2,1,Rain,Highway,0,0
33,9.9,97,1,0,100.0,92.6,4.69,12.9,38.6,33.8,8,244870,0,0,Rain,Highway,1,0
52,1.4,60,1,1,21.6,84.0,3.87,13.14,35.7,40.4,3,428085,1,0,Fog,Highway,0,0
38,8.2,37,2,1,100.0,104.0,4.47,13.37,50.4,35.5,7,694510,0,1,Fog,Highway,1,0
54,4.0,57,3,2,58.3,89.9,4.1,12.66,33.3,30.9,1,784877,2,0,Clear,Highway,0,0
32,10.6,109,2,6,100.0,63.4,0.84,12.47,46.4,35.9,3,86673,1,0,Clear,Highway,1,0
49,6.3,108,1,3,59.8,96.0,4.4,11.91,39.6,30.9,7,852173,0,2,Rain,Highway,0,0
53,4.4,84,1,2,44.4,99.5,4.31,12.56,29.2,31.8,3,523912,2,1,Fog,Highway,0,0
22,6.7,70,0,3,66.6,101.8,3.74,13.0,35.4,32.8,15,573848,2,0,Clear,Mountain,0,0
49,5.2,47,3,1,69.0,84.8,5.67,12.95,31.6,34.0,11,148588,0,1,Clear,Highway,0,0
28,7.2,63,5,3,66.0,96.1,4.55,12.59,35.4,33.7,7,143725,3,0,Rain,City,0,0
23,2.3,72,1,1,42.9,96.6,4.51,12.79,33.9,33.7,3,744482,1,0,Clear,Mountain,0,0
45,12.0,39,3,1,100.0,96.9,1.8,13.44,39.4,30.1,3,533605,1,0,Clear,Mountain,1,0
25,5.7,54,2,2,58.5,87.2,4.84,12.94,49.7,33.0,2,577267,1,1,Rain,City,0,0
40,4.8,48,0,0,49.0,94.8,4.18,12.48,35.2,33.9,5,867588,1,0,Clear,City,0,0
47,8.8,42,3,0,83.1,100.9,2.16,12.6,32.9,35.6,11,881928,0,0,Clear,Highway,1,1
32,5.0,82,2,2,58.4,77.0,3.82,12.94,37.2,31.6,1,534920,0,0,Rain,Highway,0,0
32,10.2,47,1,1,100.0,91.9,1.81,12.9,39.6,24.7,11,390509,0,0,Rain,Highway,1,0
24,6.0,58,1,3,78.1,100.0,4.18,13.73,35.8,36.4,12,577204,1,1,Rain,Highway,0,0
33,8.9,99,2,1,99.2,104.9,3.68,13.43,31.6,34.7,14,316255,3,0,Fog,Highway,1,1
24,2.2,68,3,1,18.2,104.4,2.9,12.09,48.0,29.0,4,389442,1,1,Clear,Highway,0,0
48,10.3,85,2,2,100.0,99.6,4.21,12.27,46.6,28.6,12,829713,0,2,Clear,City,1,0
23,9.1,37,1,3,84.0,106.9,2.74,13.24,41.2,35.0,12,801848,1,1,Clear,City,1,1
37,3.3,92,4,2,50.4,99.8,3.62,12.21,54.1,32.1,11,673258,1,1,Clear,Mountain,0,0
23,2.6,106,1,2,49.8,73.4,4.61,12.68,61.8,28.7,4,213500,0,2,Rain,Highway,0,0
51,4.5,89,5,0,51.0,88.4,3.16,13.41,52.6,29.8,10,778133,1,0,Clear,Mountain,0,0
41,11.7,76,2,0,100.0,103.4,2.55,12.76,25.2,32.6,3,105653,1,0,Rain,Mountain,1,0
59,3.8,55,0,1,41.3,87.9,4.59,13.09,44.5,30.7,15,727566,0,1,Rain,City,0,0
49,6.0,44,1,4,73.3,102.4,3.61,12.71,35.7,31.5,5,469345,2,1,Clear,Highway,0,0
46,1.3,91,2,3,51.8,98.2,5.51,12.56,39.1,33.2,4,435860,2,1,Clear,Mountain,0,0
53,5.4,59,3,5,72.4,107.1,4.02,11.68,29.2,36.1,8,185253,2,0,Fog,Mountain,0,1
31,7.3,90,2,0,84.3,88.5,4.26,12.73,44.1,34.7,11,449080,1,0,Fog,Highway,1,0
54,11.5,72,0,0,100.0,77.3,3.86,12.33,55.9,33.7,15,553063,0,2,Clear,City,1,0
34,6.7,95,0,0,79.7,90.3,4.06,13.27,41.5,37.2,8,801622,0,0,Rain,City,1,0
58,10.0,81,2,0,94.5,80.6,4.11,11.34,50.1,30.2,10,504112,2,1,Clear,City,1,0
37,7.0,88,1,1,87.3,88.3,4.18,12.35,44.8,32.8,1,657952,1,2,Clear,Highway,1,0
43,1.4,80,2,1,24.0,69.7,2.38,13.29,48.1,31.2,8,293555,1,1,Rain,Highway,0,0
41,4.5,102,2,1,53.5,92.1,2.64,13.58,23.8,32.6,11,345265,0,0,Clear,Highway,0,0
48,7.3,38,2,4,70.0,95.5,4.16,13.18,45.5,32.9,13,219144,1,0,Clear,Mountain,0,0
37,11.5,100,0,3,100.0,95.9,3.59,12.93,48.8,31.1,9,265699,1,0,Clear,Highway,1,0
55,10.5,77,0,2,99.4,99.9,2.74,11.74,55.6,31.9,4,851972,0,2,Fog,Mountain,1,0
53,3.5,96,2,1,27.8,94.6,3.8,12.07,30.5,35.0,11,540033,0,0,Fog,Highway,0,0
47,3.4,38,2,0,47.5,86.8,5.11,13.06,55.1,32.7,15,96606,1,1,Rain,Mountain,0,0
46,3.2,99,2,0,40.8,102.0,3.69,11.96,39.4,24.3,15,664287,2,0,Clear,Highway,0,1
23,11.1,96,3,4,95.7,97.7,3.92,12.48,43.5,35.1,8,329623,1,0,Rain,Highway,1,0
33,10.4,36,1,1,96.4,91.5,3.95,12.44,49.6,34.6,15,752166,0,1,Fog,Mountain,1,0
30,9.5,43,4,2,99.6,91.1,2.89,12.81,49.4,29.2,12,423739,1,0,Fog,Highway,1,0
33,5.3,91,1,4,44.7,87.0,3.45,12.94,28.2,37.6,15,113110,1,2,Clear,Highway,1,0
47,6.5,79,0,1,70.4,102.3,1.41,11.33,42.9,32.3,9,782379,1,0,Clear,Highway,0,1
30,6.1,52,3,1,80.3,92.3,2.56,12.74,33.5,36.0,2,137134,1,0,Fog,Highway,0,0
31,3.8,82,1,0,46.1,99.1,3.42,12.26,42.4,33.1,13,307639,2,0,Rain,Highway,0,0
53,6.6,76,4,1,87.4,76.0,2.31,12.88,37.1,31.5,11,834446,1,1,Clear,Mountain,0,0
55,1.3,75,2,1,41.2,93.2,3.48,11.71,28.7,34.2,9,635673,2,0,Rain,Highway,0,0
41,2.4,109,2,2,42.8,94.3,3.2,13.11,33.9,31.4,6,175582,1,0,Clear,Mountain,0,0
23,10.8,92,3,3,100.0,82.7,4.82,12.24,46.5,32.5,9,784905,2,1,Clear,Mountain,1,0
22,9.3,76,1,2,94.5,86.1,5.52,12.41,44.8,28.3,11,480598,0,0,Clear,City,1,0
57,5.7,69,3,1,70.5,98.0,3.44,13.42,33.2,32.1,11,379961,3,0,Clear,Highway,0,0
45,6.7,72,0,2,93.6,96.8,3.88,12.53,37.4,29.3,8,816134,1,1,Fog,City,0,0
48,5.1,101,2,4,65.8,94.4,4.71,13.09,44.0,33.0,15,530981,1,0,Clear,Highway,0,0
23,9.1,75,0,1,100.0,102.4,3.49,12.59,44.3,34.5,14,665672,3,0,Clear,Mountain,1,1
52,9.6,84,0,2,85.2,96.6,3.92,13.43,47.4,33.2,4,861157,0,0,Clear,City,1,0
35,9.4,106,1,2,89.8,103.2,2.11,12.77,43.8,35.8,11,707766,1,0,Clear,Highway,1,1
23,8.9,79,1,1,91.4,84.8,4.02,12.86,46.7,38.9,7,393124,1,0,Clear,City,1,0
50,3.2,105,1,3,59.0,93.9,4.78,12.69,41.5,32.7,15,494820,1,2,Clear,City,0,0
36,4.7,53,2,3,39.7,92.8,2.38,12.45,46.0,33.2,3,99497,0,0,Clear,City,0,0
33,6.2,51,1,1,99.8,82.3,1.84,13.04,54.8,31.0,1,825785,1,2,Clear,Highway,0,0
58,4.6,99,2,6,56.8,106.2,4.79,12.23,54.6,27.3,4,826573,1,0,Clear,Mountain,0,1
49,9.3,90,1,0,100.0,88.3,3.18,12.96,42.3,33.4,4,687941,1,0,Rain,City,1,0
41,4.6,75,1,4,56.6,95.1,2.72,13.08,32.6,35.0,15,845977,2,2,Clear,Highway,0,0
45,2.5,76,2,1,31.8,88.1,3.6,12.87,52.8,33.1,13,644264,2,1,Clear,City,0,0
42,5.4,40,1,1,80.3,101.1,2.95,12.13,23.2,30.5,14,547093,1,0,Clear,Highway,0,1
31,11.8,103,1,2,100.0,90.0,2.46,12.82,46.2,30.1,13,574046,2,2,Clear,Mountain,1,0
35,3.5,109,3,3,40.8,89.9,1.98,13.12,45.9,29.2,5,588045,0,0,Rain,Mountain,0,0
58,7.7,107,1,2,85.4,92.2,5.3,11.97,42.4,32.7,13,399775,2,0,Clear,Mountain,1,1
39,5.8,74,3,3,72.4,92.7,5.17,11.84,45.2,30.0,4,291910,0,0,Clear,Highway,0,0
45,1.8,75,1,2,37.7,87.6,3.25,13.02,31.4,36.5,9,407092,2,1,Clear,Highway,0,0
35,6.4,43,2,1,75.4,85.8,6.12,12.28,33.6,35.3,5,218131,2,0,Clear,City,0,0
55,8.7,42,0,1,93.4,87.7,4.83,12.97,31.8,36.1,5,488267,0,0,Clear,City,1,0
33,6.6,78,1,1,85.1,90.8,3.45,13.46,32.7,36.8,14,261560,0,1,Clear,Highway,0,0
43,10.6,92,2,3,100.0,94.2,5.77,11.86,36.4,31.9,8,476020,0,0,Clear,Mountain,1,0
27,4.2,101,1,6,47.1,88.7,1.46,11.82,40.6,35.5,7,71066,1,0,Clear,Highway,0,0
57,1.9,47,0,2,42.4,82.9,3.29,13.0,50.0,32.2,12,597788,2,0,Rain,Highway,0,0
57,11.3,53,2,1,85.8,82.3,5.26,13.26,57.6,32.3,2,432213,5,0,Rain,City,1,0
43,5.2,83,2,3,67.6,84.7,3.16,13.46,35.4,32.4,1,86896,0,0,Clear,Mountain,0,0
35,7.3,64,3,1,93.5,94.6,4.67,13.0,41.4,30.5,1,305667,0,0,Rain,City,0,0
37,9.7,100,1,5,100.0,99.0,2.52,12.53,42.8,32.6,1,270561,3,0,Clear,City,1,0
57,4.6,93,1,1,40.9,83.2,2.84,12.65,34.9,32.6,10,788704,4,1,Clear,Mountain,0,0
46,8.9,87,2,2,100.0,95.4,3.89,12.77,38.3,35.0,13,308638,3,1,Fog,Highway,1,0
53,2.5,86,2,3,34.5,95.0,4.16,13.44,55.5,32.3,6,561772,1,1,Clear,City,0,0
54,4.2,65,2,0,55.6,106.7,3.71,12.75,51.6,31.4,5,717779,0,2,Fog,Highway,0,0
57,2.6,49,2,4,53.7,110.6,3.09,12.26,52.6,35.1,9,366631,1,1,Rain,City,0,0
41,9.9,54,3,2,93.0,100.5,2.57,12.71,46.4,30.3,6,205082,3,1,Rain,City,1,0
39,3.4,39,3,3,48.6,97.6,5.86,11.82,48.8,32.6,14,644315,2,0,Clear,Highway,0,1
59,8.9,41,1,4,78.2,96.3,3.85,12.32,44.9,35.0,10,390669,0,0,Clear,City,1,0
24,11.4,52,1,2,100.0,86.1,4.61,12.45,54.8,35.5,10,368110,0,0,Fog,Highway,1,0
44,6.8,90,3,1,62.7,82.8,4.49,12.41,18.7,36.9,12,638995,2,0,Clear,City,0,0
53,6.9,109,3,3,80.0,79.5,3.03,11.81,33.2,34.2,12,704695,3,1,Clear,Highway,1,1
37,6.1,79,2,0,54.3,93.3,3.55,12.01,30.2,33.3,5,838267,2,1,Rain,Highway,0,0
26,4.6,62,2,3,55.9,86.0,2.73,12.59,36.5,37.8,13,219235,2,1,Rain,Mountain,0,0
25,6.2,84,3,0,63.9,98.4,4.27,13.02,42.4,30.5,7,322684,1,0,Clear,Highway,0,0
42,7.6,36,2,3,73.6,83.0,3.34,12.39,40.8,35.4,5,250250,0,0,Fog,Highway,0,0
35,11.8,102,2,1,100.0,94.0,5.13,12.64,35.2,33.4,1,809693,1,0,Fog,Mountain,1,0
52,11.3,58,3,2,99.7,85.9,1.89,13.04,43.4,26.5,9,277022,0,1,Rain,Highway,1,0
35,10.5,82,1,2,98.6,81.0,4.0,13.94,44.8,37.8,4,66464,3,0,Clear,Mountain,1,0
27,10.8,79,3,2,100.0,85.5,6.05,12.44,46.2,30.6,5,569448,0,0,Clear,Highway,1,0
33,6.1,92,0,5,75.2,86.8,2.77,12.18,48.1,41.5,13,332730,0,0,Clear,City,1,0
37,8.2,70,3,1,67.5,91.8,3.66,13.0,37.0,33.5,15,270789,1,1,Clear,Highway,0,0
38,10.8,36,1,2,100.0,87.2,3.15,13.03,50.0,30.1,4,276445,1,0,Fog,Highway,1,0
44,5.3,52,4,0,70.0,84.6,4.4,11.95,41.4,35.4,6,175275,0,3,Fog,City,0,0
35,11.6,83,2,2,100.0,85.6,1.5,12.04,48.0,31.8,9,492809,2,1,Clear,Highway,1,0
28,5.6,42,3,1,65.1,62.1,2.3,11.92,36.9,33.2,1,799470,2,1,Clear,City,0,0
53,7.6,92,2,4,66.8,89.0,2.51,12.24,55.7,34.7,4,778428,1,0,Clear,Highway,0,0
36,8.8,49,1,3,90.3,92.3,4.38,13.03,46.0,33.3,14,552170,2,1,Clear,Highway,1,0
38,11.5,51,2,2,100.0,88.6,3.32,12.78,42.9,33.0,10,136056,2,0,Clear,Highway,1,0
55,3.7,57,3,1,53.0,93.6,2.87,12.68,32.3,31.5,3,518403,2,0,Clear,City,0,0
26,9.2,100,3,0,100.0,99.7,3.91,12.11,50.7,26.5,3,526339,0,0,Clear,Highway,1,0
48,6.7,104,1,3,61.9,100.5,3.73,12.07,33.3,34.2,12,297293,2,2,Rain,Mountain,0,0
44,4.0,61,1,2,63.0,99.8,3.31,12.64,59.7,34.7,8,131699,0,0,Clear,City,0,0
35,9.5,71,1,4,100.0,87.1,3.0,12.58,47.9,39.2,8,544287,2,2,Rain,Mountain,1,0
36,7.1,83,6,2,83.3,84.6,2.6,12.84,31.6,35.5,7,444161,0,0,Fog,Mountain,0,0
54,8.3,98,3,4,89.0,87.5,4.93,13.29,43.7,29.9,10,234268,1,0,Clear,Mountain,1,0
52,4.6,68,2,4,77.5,96.8,5.0,12.03,57.7,26.9,12,687436,1,0,Rain,Highway,0,0
56,6.3,52,1,2,83.3,94.5,2.19,12.53,41.9,26.0,5,362494,2,1,Rain,Highway,0,0
38,7.8,98,0,1,76.6,85.9,3.11,12.66,39.1,33.1,2,252515,0,0,Clear,Mountain,1,0
49,5.5,108,2,2,64.5,100.6,3.95,12.7,44.5,34.9,5,682560,1,1,Clear,City,0,0
40,3.2,78,0,0,34.7,83.1,2.6,12.64,36.0,34.3,4,303511,3,1,Rain,Highway,0,0
44,11.6,51,2,1,100.0,87.8,4.24,12.58,52.7,34.0,14,128963,0,0,Rain,Mountain,1,0
53,6.6,93,0,4,73.3,93.7,3.72,12.69,35.1,37.2,8,683299,0,1,Rain,Highway,1,0
34,9.1,47,2,0,73.6,98.7,4.33,12.86,45.5,34.2,14,762351,2,0,Clear,Mountain,1,0
41,5.5,86,1,0,39.4,101.3,5.82,12.25,52.0,30.2,14,144326,1,0,Clear,Mountain,0,1
56,4.9,94,2,2,53.6,94.4,1.83,12.83,42.4,31.3,6,647637,1,0,Rain,Highway,0,0
26,5.5,76,3,0,55.6,82.1,4.96,12.86,52.3,34.4,1,320925,0,1,Clear,Highway,0,0
30,5.5,98,3,0,59.6,100.5,2.98,12.72,40.5,33.6,5,238577,0,0,Clear,Mountain,0,0
50,7.0,100,1,3,73.9,83.7,4.2,13.39,33.0,32.9,8,137971,1,0,Clear,Highway,1,0
27,7.0,68,3,0,89.0,88.2,4.06,12.71,47.9,31.6,1,701297,0,1,Clear,City,0,0
46,6.5,105,2,3,86.2,84.1,4.92,12.78,44.7,30.3,1,267103,2,1,Clear,City,1,0
52,2.5,98,3,1,62.3,91.3,3.61,12.11,34.3,38.1,12,319739,1,1,Clear,Highway,0,0
43,6.5,67,1,1,89.1,83.8,2.73,13.12,41.3,30.2,12,150642,1,1,Clear,Mountain,0,0
23,2.9,46,1,6,49.5,95.8,3.79,13.56,34.2,31.2,15,457482,1,0,Fog,City,0,0
26,2.4,53,3,3,25.2,95.3,5.23,12.68,42.0,33.2,3,314938,1,1,Clear,Highway,0,0
48,11.3,43,2,1,100.0,98.0,3.9,11.57,60.3,34.1,14,116873,1,0,Rain,Highway,1,0
46,7.7,108,5,1,65.8,94.3,2.98,13.14,49.7,33.7,13,520988,1,2,Clear,Highway,1,0
29,8.3,51,4,0,89.7,93.8,3.39,13.28,47.0,28.2,1,202346,1,0,Clear,City,1,0
22,5.4,84,1,2,48.3,84.2,3.8,12.71,43.3,34.1,14,737016,1,1,Clear,Highway,0,0
41,11.0,73,1,2,100.0,86.6,3.67,12.34,50.4,36.4,14,762733,0,1,Clear,Highway,1,0
44,8.0,75,1,2,87.8,91.2,3.53,13.24,42.6,33.8,6,116976,2,2,Clear,Mountain,0,0
53,9.5,44,0,2,93.9,91.9,4.53,13.2,27.7,39.2,13,330927,1,0,Fog,Highway,1,0
32,5.1,46,2,2,56.3,89.3,5.57,12.73,31.3,37.3,5,845085,1,0,Rain,City,0,0
45,11.6,49,1,0,100.0,96.5,4.5,13.17,37.6,32.0,12,855935,2,1,Rain,Highway,1,0
32,10.0,62,0,3,92.7,110.5,4.17,12.24,38.6,31.4,5,862903,1,0,Clear,Highway,1,0
50,10.4,38,2,3,99.9,95.2,4.58,13.25,42.2,30.0,3,221820,2,0,Rain,City,1,0
47,2.9,70,2,5,23.2,86.6,4.2,12.74,51.5,33.2,2,422051,0,0,Fog,Mountain,0,0
37,4.0,99,4,3,42.8,98.3,3.7,12.45,45.1,34.1,1,744069,1,2,Clear,Highway,1,0
56,4.1,81,1,1,41.2,87.0,2.97,12.66,43.4,36.6,2,105258,0,0,Clear,Highway,0,0
41,4.0,73,2,1,57.2,94.8,2.97,13.0,33.2,33.0,15,644686,2,0,Rain,City,0,0
24,10.4,72,0,0,100.0,95.8,3.54,12.75,40.8,30.7,10,381616,2,0,Clear,Highway,1,0
22,1.4,78,2,2,39.9,93.8,3.84,13.52,37.0,36.4,9,568047,0,0,Fog,Highway,0,0
22,1.8,85,2,2,30.2,87.3,4.69,13.21,33.8,29.5,10,775481,1,0,Rain,City,0,0
38,4.0,60,2,2,53.1,92.6,3.44,12.01,17.5,34.4,5,667948,1,0,Clear,City,0,0
23,3.2,70,3,1,25.3,88.0,3.2,13.06,32.5,33.7,12,514853,1,1,Rain,City,0,0
50,3.6,103,2,3,57.9,87.9,3.82,13.1,56.0,33.4,11,455272,2,1,Clear,Mountain,0,0
41,9.8,35,1,3,100.0,78.8,3.98,12.91,51.3,32.2,8,489946,0,0,Clear,City,1,0
27,7.2,87,0,1,84.1,91.0,2.97,12.12,35.2,36.6,3,580116,2,0,Clear,City,1,0
29,1.1,40,2,4,20.0,109.3,2.83,13.16,38.1,34.1,5,711430,0,1,Rain,Highway,0,0
50,5.7,71,2,3,71.1,72.0,4.19,12.73,62.1,34.3,12,774395,1,0,Clear,City,0,0
54,5.5,36,1,4,65.8,74.2,3.43,12.09,61.0,35.1,7,78394,1,0,Rain,City,0,0
24,2.3,103,0,3,18.8,92.5,4.73,12.78,43.7,28.8,12,600880,0,2,Clear,City,0,0
56,8.4,75,4,2,99.6,98.0,3.83,13.17,48.0,29.9,2,863355,0,1,Clear,City,1,0
26,8.7,85,1,1,78.9,81.2,3.48,12.18,44.4,30.7,3,96255,1,0,Rain,Mountain,1,0
48,8.9,81,1,4,97.0,93.7,2.37,12.18,39.5,33.3,3,363930,0,0,Clear,Highway,1,0
33,9.0,47,2,5,92.3,90.7,3.56,12.96,44.2,30.5,15,634568,0,1,Clear,Highway,1,0
41,1.0,103,2,5,41.5,87.2,2.57,12.78,47.0,30.7,11,189010,2,0,Clear,City,0,0
41,11.5,100,0,2,100.0,95.1,2.27,13.01,50.4,32.4,9,883095,1,1,Clear,Highway,1,0
30,10.0,93,1,1,94.9,83.9,5.06,12.64,44.6,35.9,11,593729,0,0,Rain,Highway,1,0
25,10.9,102,0,2,100.0,100.1,3.06,13.85,44.5,35.9,1,439475,2,3,Clear,Highway,1,0
40,1.2,93,2,2,23.6,76.7,4.44,12.42,31.9,34.9,13,304262,1,2,Clear,City,0,0
59,11.3,44,3,3,100.0,91.3,2.44,12.93,35.4,34.8,9,633240,1,0,Clear,Highway,1,0
48,9.9,47,3,2,91.6,92.9,2.84,12.37,27.5,33.0,14,509363,0,0,Clear,City,1,0
34,10.2,36,2,1,100.0,90.7,2.75,11.9,45.8,33.8,14,329008,1,1,Fog,City,1,0
34,2.0,49,2,3,36.0,87.9,4.24,12.54,37.4,33.1,1,258066,3,1,Clear,Highway,0,0
43,9.1,80,2,1,86.2,97.0,4.0,12.46,40.4,33.4,12,121295,1,2,Clear,Highway,1,0
49,11.6,91,4,1,100.0,88.7,2.23,13.49,42.7,33.7,10,665609,1,1,Clear,City,1,0
43,8.5,44,1,0,77.5,79.9,2.14,12.82,44.4,32.1,7,129288,1,0,Clear,Highway,1,0
40,7.3,56,2,1,83.7,86.5,4.03,12.22,26.8,27.1,12,685753,1,1,Clear,Highway,0,1
29,11.4,42,1,2,86.2,92.8,4.86,12.63,45.1,35.2,14,194881,2,0,Clear,Highway,1,0
29,5.9,55,0,2,70.4,87.6,4.81,12.15,38.8,33.3,11,114527,1,1,Clear,Highway,0,0
47,7.6,56,2,2,93.0,89.4,2.77,12.48,49.0,28.2,4,883590,1,0,Clear,Mountain,0,0
47,6.2,79,4,4,68.1,98.2,3.12,13.12,39.4,35.2,10,539133,1,1,Rain,Highway,0,0
44,11.3,74,0,3,100.0,87.2,4.02,12.84,37.1,34.1,8,385146,1,0,Rain,Mountain,1,0
34,1.8,56,3,2,51.5,91.2,4.1,11.78,51.1,28.5,1,555088,0,0,Rain,Highway,0,0
49,6.5,64,2,1,82.6,90.4,3.75,12.21,34.3,38.3,1,303758,2,2,Fog,City,0,0
30,8.6,96,3,0,66.5,100.6,3.14,12.19,37.9,32.8,6,286020,2,1,Rain,City,1,0
41,9.7,107,3,2,92.2,92.4,3.98,12.26,34.6,39.9,15,310476,0,1,Clear,City,1,0
40,7.4,79,3,1,76.3,98.4,3.66,12.75,38.3,36.5,15,430970,0,0,Clear,Mountain,0,0
33,11.0,69,3,2,100.0,86.2,3.7,13.12,55.5,37.8,5,399271,0,0,Fog,City,1,0
36,11.4,76,2,1,100.0,106.0,4.39,12.43,32.3,33.2,15,465196,0,1,Clear,Mountain,1,0
52,1.7,39,0,2,28.4,98.6,4.61,12.29,40.0,33.6,5,255964,2,0,Clear,Highway,0,0
35,5.4,61,4,1,57.3,105.3,3.85,13.02,48.3,35.0,2,462652,1,1,Rain,City,0,0
32,1.3,104,0,2,16.0,93.6,3.8,12.76,40.2,34.0,2,675601,2,0,Rain,Mountain,0,0
47,4.6,96,3,3,46.7,87.2,3.34,12.34,45.1,35.0,4,413424,0,1,Fog,City,0,0
48,6.9,66,2,1,83.6,90.2,3.63,12.41,37.7,32.8,2,293789,1,1,Clear,Highway,0,0
32,11.0,42,2,3,97.5,93.7,4.26,12.45,41.1,27.9,4,319513,0,0,Fog,Mountain,1,0
59,10.3,52,2,4,94.4,93.6,3.99,13.16,39.9,31.7,5,307278,1,0,Clear,City,1,0
55,2.4,49,1,2,24.6,88.7,2.96,12.82,40.5,34.4,4,126239,0,0,Clear,City,0,0
40,2.0,60,3,0,39.8,91.9,2.9,13.52,51.4,34.2,6,876528,1,0,Fog,Highway,0,0
27,7.5,87,3,3,89.6,94.0,2.87,12.87,37.1,39.0,12,96702,0,1,Fog,Highway,1,0
59,6.9,78,3,0,86.8,85.5,4.65,12.16,44.5,31.9,15,316380,0,0,Clear,City,0,0
49,3.9,66,2,4,47.3,89.1,1.84,11.77,49.7,34.2,13,494292,3,1,Clear,City,0,0
22,10.9,62,0,1,100.0,102.7,2.14,12.29,46.4,35.1,3,358487,1,0,Clear,City,1,0
56,11.2,73,0,0,100.0,101.6,2.89,11.78,39.8,34.5,2,888570,4,0,Clear,Highway,1,1
29,5.4,66,4,1,59.0,85.6,4.25,12.21,52.8,30.6,1,461071,0,2,Clear,Mountain,0,0
28,10.8,52,4,1,100.0,107.2,3.23,12.61,43.3,34.3,5,536727,0,1,Clear,City,1,0
32,5.2,104,4,1,72.9,85.6,2.67,11.95,49.0,30.1,4,639150,0,1,Clear,Highway,1,0
25,9.1,45,4,1,100.0,95.3,3.85,12.99,37.8,31.7,9,360008,1,1,Fog,Mountain,1,0
46,6.2,66,3,4,67.9,102.6,3.91,12.35,46.7,32.5,10,523940,0,0,Fog,City,0,0
33,2.3,54,2,1,33.1,85.6,4.29,13.0,47.4,32.5,1,241991,0,1,Clear,Mountain,0,0
47,11.2,74,3,2,98.1,83.0,4.86,12.13,35.9,28.4,9,800921,0,0,Clear,Mountain,1,0
59,6.0,42,2,2,50.6,95.9,4.73,12.96,52.9,32.9,8,613476,1,0,Clear,City,0,0
33,9.1,69,1,4,98.2,91.4,4.06,12.35,51.0,33.4,14,401542,1,0,Rain,Highway,1,0
58,5.0,103,2,2,60.0,89.2,3.42,12.48,37.7,33.7,10,738074,0,0,Rain,City,0,0
45,1.2,55,3,2,29.7,81.2,3.93,12.28,30.7,32.2,12,245415,1,2,Clear,Highway,0,0
37,2.1,58,2,2,61.3,102.5,3.09,12.52,40.6,38.9,12,875179,0,1,Fog,Highway,0,1
34,6.5,51,2,1,87.9,94.0,4.39,12.89,41.2,33.6,11,781799,0,1,Clear,City,0,0
46,8.6,52,1,1,89.2,97.5,3.0,11.91,37.2,31.7,15,752380,1,0,Clear,Mountain,1,0
25,4.7,46,3,0,59.7,101.3,2.74,13.71,38.2,33.9,4,800619,1,0,Rain,Highway,0,0
